,sha1,project
0,002818006570601b737a1c290afd875394c116b1,sebwouters_chemps2
1,00348b233ce6cc54dd18625fe994d25b09ed9b71,sebwouters_chemps2
2,00620282a5d6b1e11c3fd3b4f6013e2a9a12fc08,sebwouters_chemps2
3,00687e9aa79b1aa8d6b7770cb9c612378934919f,sebwouters_chemps2
4,01e5ce2ee76a6bc080c14ef9f48a7f2c4913d3cf,sebwouters_chemps2
5,01e62c7a50f386e1e8a089577630271ea04f43b3,sebwouters_chemps2
6,02768c77db3d3c41e88c3a8d1e44e1ad978ac0d8,sebwouters_chemps2
7,029ff4977476c9f26b4a740be3d39624974a1aa1,sebwouters_chemps2
8,039092b6e18bb20fc3e075287f9721bd0a4baf4a,sebwouters_chemps2
9,0397b2d4560f5651f4ff9987236945777aca0627,sebwouters_chemps2
10,03aef5938c4fc8b75e5d9b2ddd68dd97c0cba5f4,sebwouters_chemps2
11,03fb072490f8ab8609c2253adef4f99e557d7193,sebwouters_chemps2
12,045393b439821c81d800328c0b4b8b1732da47f8,sebwouters_chemps2
13,046d5da17fad2e4776c5d56f3c73b9d3ce1d641f,sebwouters_chemps2
14,0477c81114daa79bd42f06d1ecf357a34868e3c1,sebwouters_chemps2
15,0480a8fc80ca4e101995328bd4ea337d443eb1de,sebwouters_chemps2
16,04a092719cd2340ff61a87ef08ca947a72cf605d,sebwouters_chemps2
17,04bbb658a4c2a566ce07b0cc0e11e4a229fa9f5f,sebwouters_chemps2
18,0504cb15e272b9c33eab347199f5996849cd5a38,sebwouters_chemps2
19,050bb830d031f3925ac1e81f315cb73537f8dd77,sebwouters_chemps2
20,05399ead356a94415be3bfa53646963e8b7c3065,sebwouters_chemps2
21,05cc65783bb4826fc6cad65a81e5fe91ce38fe94,sebwouters_chemps2
22,06067e11c76aa2702cf629dfc764694a66d4c9ad,sebwouters_chemps2
23,07fc50846f1d5943b9a1de40dcc9951573205cf3,sebwouters_chemps2
24,082c576eb2b65b8fee3fe11f1f96e4344db9a43c,sebwouters_chemps2
25,0841c3c23b7e010380367e758bf0fdc9520324d9,sebwouters_chemps2
26,08504aa80d8e27ec416e19633af5310c857ad8c6,sebwouters_chemps2
27,0854d9b4efb5d3066ef65c1e38a3513c1362cfd5,sebwouters_chemps2
28,088602bb3acb9c86a7a1d2bcac1e14217b137ecf,sebwouters_chemps2
29,09e6f527499f3429c2969c448fc35e1cf606b677,sebwouters_chemps2
30,0a241eb7544f94bc3b44dcdd19ec447cfb7b563c,sebwouters_chemps2
31,0b3c18344f85587dc7416bd0aba98aa961944544,sebwouters_chemps2
32,0b465598f38e8915775da4da6f58ed2700fb548d,sebwouters_chemps2
33,0b4e5a332752255d090e17828e9708083610ca75,sebwouters_chemps2
34,0b8f687153ac6f22b114891cd015d53f4196e698,sebwouters_chemps2
35,0bfbcee747cb0fba8eaff500892e9b72bcaa1984,sebwouters_chemps2
36,0c612e46d5ef45541d2f591e6911ce300083ce5f,sebwouters_chemps2
37,0c68cc362588a0b3e82a993e6fdc188b43e78351,sebwouters_chemps2
38,0cc742393bd3cd09f22f8321721fa288d919e506,sebwouters_chemps2
39,0cd40ffab58c98fe35fdf541c5ace7a59a6ad8b0,sebwouters_chemps2
40,0d33d0882184336cb4471a839017f993483102f1,sebwouters_chemps2
41,0d7a152ea9e289beae80bd6d5296096185f34904,sebwouters_chemps2
42,0dfc7074aac338a07490c1fdeaea3f4e3f84b2a3,sebwouters_chemps2
43,0eb5bc000b953cecb2e6ae8f33190d86d071a5df,sebwouters_chemps2
44,0ebea0a2d33fb93d325122b205da699e91128c85,sebwouters_chemps2
45,0fd011a324298dc3509bcdf5a4d25bafbd36dac8,sebwouters_chemps2
46,0fe196793bb8ede051f0ee0d8a69e62bf44cb987,sebwouters_chemps2
47,0fee9a8347bc0fda5b095893193afd5e02e00571,sebwouters_chemps2
48,102beefceb6e09f4981b2ecd7b9ba0802ffd43e6,sebwouters_chemps2
49,107647db89d18fbcc5554716d0d110fffc6f49f9,sebwouters_chemps2
50,107c0496979efb357abfe3a1a39982edb0382fd3,sebwouters_chemps2
51,114099601099ba1ee8d05c55a8eebdeabb235b1f,sebwouters_chemps2
52,11645712d110745a6949c8cc417d098fab2418e3,sebwouters_chemps2
53,11874159516167a8385af14c45db89c6414e1375,sebwouters_chemps2
54,11bcea0921d43283dd5cea18b5574cd790f09c76,sebwouters_chemps2
55,124a20630bac761379cbdfec8ed575ed36c4c153,sebwouters_chemps2
56,12c46ec1c4214feefaf2591d3bab3f39d343e56d,sebwouters_chemps2
57,12e295acc4e4833cd2ef9ade2af141cc97d248df,sebwouters_chemps2
58,1308060c6e388603898c9cfb64124ce38f32dd09,sebwouters_chemps2
59,1351ca7611b4283aa3547b322969959a6a88262c,sebwouters_chemps2
60,13679ccdec9b43ac9e39964fa592782636668210,sebwouters_chemps2
61,13cc831086dd5171b3e07cd4e3b5e68ce71fce68,sebwouters_chemps2
62,1433406aa63db7bf4240a8baa443ee4a4c0544a0,sebwouters_chemps2
63,14ae3b2c3d8ff455c34dc272f6be04504fab7260,sebwouters_chemps2
64,14f92c6ae299d332ff763fec7185d34ecb9db264,sebwouters_chemps2
65,14fc8297312269651f038a6ccc6427ca1062e68a,sebwouters_chemps2
66,15a7cbb7e64a10b76c7d4b2ab48106301ce338ed,sebwouters_chemps2
67,16b94ce9b306c0bd89e39a2616893af5fa27c072,sebwouters_chemps2
68,171c6fc6404ac5ea359c26ceb1dddd0e88fca6bf,sebwouters_chemps2
69,174d3f90cd3a27009210c93e93f7223325abef75,sebwouters_chemps2
70,179069f1af0389c0d0d7e35bbead77f98a4ae17c,sebwouters_chemps2
71,18383cd3b24fb340fb452f3d3554ad70c443f1b1,sebwouters_chemps2
72,183a3896704b9090780ddd4fa60232dbd5d808c9,sebwouters_chemps2
73,18a651a9dbf21d871d012aa13aeb68dc36b4137e,sebwouters_chemps2
74,19ae3cc966d2879ec911065d62f72db83bff48f5,sebwouters_chemps2
75,19b268cdfd8e018b0f7dc0a41e7b39401fc84db3,sebwouters_chemps2
76,19cae1e81ecff13f69c84912fe283fac0dba1129,sebwouters_chemps2
77,19de6d5cfc04d3dd6675b5cdcb8f4e3800f55f2c,sebwouters_chemps2
78,1a337cc751f51cd0ab1b423d25a1ba4eac09ce01,sebwouters_chemps2
79,1a554205a085ca49a1b83d36dcbd9bba56cdbf1a,sebwouters_chemps2
80,1a7a0b8145ea098fadbd929656f53936da3050d0,sebwouters_chemps2
81,1adb283a218e66b66c12e15b88df85d4b6c820da,sebwouters_chemps2
82,1affc58fba9b181ed6af2f31d8d1a059ba4482c1,sebwouters_chemps2
83,1b1266d5cf1900fd869d48ebb5bd9779d10f340f,sebwouters_chemps2
84,1b8fb1fca2a0f8a081f4daaf0d82b73c2e814e39,sebwouters_chemps2
85,1bb1badc707209f047ad28b41c6330f6cb294680,sebwouters_chemps2
86,1bf9906c4c4bc6f8e10d8f9802656f23e47d0d9a,sebwouters_chemps2
87,1c5de70c9e1c196b4c84deb7a2a4bf11ee6b40d1,sebwouters_chemps2
88,1d0640ff905d455ea75b83565aa3910ff859b370,sebwouters_chemps2
89,1d6968f8a822573cb7754f0531cff7d7da0fd443,sebwouters_chemps2
90,1d74241404d68f695e48bb57309ee3f01f519e95,sebwouters_chemps2
91,1e2e4d901e7a45146d8cae88b100e545b2df0180,sebwouters_chemps2
92,1edb1708a1730e1bd4eacd3c458deefa150703ab,sebwouters_chemps2
93,1f156f1a24a7a7faabc414103d2c0e256d2f0cc6,sebwouters_chemps2
94,1f81f66ceff71908e157caf3288cb7dc6fb209c2,sebwouters_chemps2
95,1fddcb190de23a73e87c2d4192ec8f78fb2fd335,sebwouters_chemps2
96,20299a82faf0b41008799c3c78542881d2dea295,sebwouters_chemps2
97,20b6f253577cc3b65a082297ad0e49a4e94d71e0,sebwouters_chemps2
98,210e4100d3c545e85b62e5257dcc521f45935de3,sebwouters_chemps2
99,210f7bc456a251069882a62722dbfd250efec1bc,sebwouters_chemps2
100,2195b9b0c450fafd1abd07cfcb8220d1c62dd922,sebwouters_chemps2
101,21bbafc47e08dfab9f025c1b54f62acb3085a3b5,sebwouters_chemps2
102,222e1d7900654ed92ba8b3d102c44f42c1996d37,sebwouters_chemps2
103,225d5f956fa86fd1b795bb767c0728fc07f3cd93,sebwouters_chemps2
104,226b04dfc07589804fbf7bf2b78b409b08d937eb,sebwouters_chemps2
105,22af5a98ccb07d9efc29a735be3d857466465ac3,sebwouters_chemps2
106,22efe05fba293fde038b0144cdb0ac7a9825a5ab,sebwouters_chemps2
107,22fb68dbe1c4bdad1fb56ad71b2926836a633e52,sebwouters_chemps2
108,235013fd46c46ca06b883382f9e76d36885aad9a,sebwouters_chemps2
109,236ebb59fe9b069e80d691e6ce993ced8cab04a7,sebwouters_chemps2
110,23ba3e1b7e141f423f647890c523e5acca69f0df,sebwouters_chemps2
111,23e02dc122e5b137b59602e3e63df77a53b039d1,sebwouters_chemps2
112,241e1121244d46e1421b8a54293b79102ce9959a,sebwouters_chemps2
113,2468b307b9cabd91a558d83bd651dc27982dd522,sebwouters_chemps2
114,24adcf831bd7f7ae2a216b9b8c3d57f38a5c29f0,sebwouters_chemps2
115,24e7369433e50e463ce0e95d8ee837e521db6424,sebwouters_chemps2
116,24fda4e1132b61dbbee0f4003c8e02dce62e614b,sebwouters_chemps2
117,252338a36929d119a8cebb2e6e947ff509b57554,sebwouters_chemps2
118,260cc6a4dea08219b19b8b31ee0eb74bb038447d,sebwouters_chemps2
119,262374a4969a4b0e926bd900eb6f2d178ece2034,sebwouters_chemps2
120,26b9a8c856cce34e6ca69b4e5085c57ee4eb996a,sebwouters_chemps2
121,26eab8e66dc8b1dacdfff7bf1f9adca9c5eecbac,sebwouters_chemps2
122,2732300b87ed61e4fa4efd3b73c1a0d7ef0cb558,sebwouters_chemps2
123,2791ecba4a82810024577e1fdc8056a77d82f1f1,sebwouters_chemps2
124,27ea4f03b4df0420f27558c979d8bc37a9ab2069,sebwouters_chemps2
125,27f41de4d0e81427f05e9c38e52d6dfafe1d95ed,sebwouters_chemps2
126,28b07dc03a17011ff2f4e33f1e0625ec0c9797b3,sebwouters_chemps2
127,28e0635d3dd8a97e405568babc6586f00d91d8f0,sebwouters_chemps2
128,2916acbb8ee77acd651ffe4fc14487945ee30c46,sebwouters_chemps2
129,291b29f568d9ef922b5bcca68f5b442ab95bb6f9,sebwouters_chemps2
130,2947269060a138f14418d041b0d6ee99fa654c03,sebwouters_chemps2
131,295ddce1727aeb7def5f0ba38a58d0aef20a10d8,sebwouters_chemps2
132,2992bc1e9c23f056bab4ad6acf6324fb3ac0601d,sebwouters_chemps2
133,29bc72a12d7772dc5ad9358dc6cb4371429bbc8c,sebwouters_chemps2
134,29c997d14cf3894fd92ef0c7a025baf767f63088,sebwouters_chemps2
135,2a208560c91eea933042337effba9a99163bdeb4,sebwouters_chemps2
136,2a6515bf0a54dd9c4c00ddb4fc2fd6a29a59c97e,sebwouters_chemps2
137,2a9e15523c459eccb618c744b897e2f7a4731e24,sebwouters_chemps2
138,2ab565b8d8eb92ba1a7b5b90d144dd9f922c47ca,sebwouters_chemps2
139,2ac122475c2a8c994129fe49a20e519b2a702fc9,sebwouters_chemps2
140,2accd28817cb16ad1c84360cd4c4245438e1c029,sebwouters_chemps2
141,2adb6837ec50e81e99ee3d950ef7a5e4386f4d21,sebwouters_chemps2
142,2affffda3237ffeaf356121290486dc9a17c7bf5,sebwouters_chemps2
143,2b0cb41cd22b99e3c7f9b97943b868e953925539,sebwouters_chemps2
144,2b20b68c1500b55909fd6ddbcea8ee0689e51fff,sebwouters_chemps2
145,2b560427048802c4af9b3831721ba46b31a0bd57,sebwouters_chemps2
146,2b629520d504b48fdfe1a2016e889219fe7d02fb,sebwouters_chemps2
147,2bd6d988a1c1d91970acecb0f4c107815a32d287,sebwouters_chemps2
148,2bf41d4508d8cbcb9dd50d16e1f89f5a22027ab1,sebwouters_chemps2
149,2c4ad36839710521bfdfb6b829f4b96512ed3016,sebwouters_chemps2
150,2c51e6fdbd708a4f5650070992fcd74f6253eedc,sebwouters_chemps2
151,2c694660c05c6e7bb7662a1c058907c94710027d,sebwouters_chemps2
152,2c75fccc789ace6369737f73cced3edc6d86f92f,sebwouters_chemps2
153,2ca5e291c58cb065122f46b69552090c01c282ab,sebwouters_chemps2
154,2d569deef72647567302170f0ada2b1711c96086,sebwouters_chemps2
155,2d76a579e926a2468c6542d63c22f6f00e12d2c4,sebwouters_chemps2
156,2dbc4ac582d7554d955912eb4cfd8e7b9e0d222a,sebwouters_chemps2
157,2dca37bde42612ed127f3f2103cb4aed12c1a3aa,sebwouters_chemps2
158,2e29a98e343ab313113e83f3a19d3a5412c5772e,sebwouters_chemps2
159,2e7c51522eaa0298b3d4ab26938e2b4f79ac7d80,sebwouters_chemps2
160,2ea489d925254ab181baefb450d67decc40d3f7c,sebwouters_chemps2
161,2eadae80f89c65ce14d8e2891b2eb33899c67d7e,sebwouters_chemps2
162,2eadb6fed25f9f8780bae95a22c308a91de94f09,sebwouters_chemps2
163,2f1b41a7cd45f3b78b17ef3abb167a670e0fa36e,sebwouters_chemps2
164,2f90cf00d926483ab85539cea8c72651b19b4963,sebwouters_chemps2
165,2fc34dc266e9797818db515a03a15a5dd413372b,sebwouters_chemps2
166,2fce7314c0588d8cb7d3e417a8ae9ddaabe1ef78,sebwouters_chemps2
167,30ab1aa00ed90bf94af6d61565601af33fcdbe67,sebwouters_chemps2
168,317869503e56f83f28c2ac493b1657ab0672149c,sebwouters_chemps2
169,3191d155f4da033d22dee15da7eee1b1ac9a6d61,sebwouters_chemps2
170,31bb0bb85a3ed3a020b35c3eec8cbb47287d1973,sebwouters_chemps2
171,321190e4de8f9c7688de9297deac8e47dedc5ba4,sebwouters_chemps2
172,3235eacf39f5cbfedf955a56365ee6d7201c626f,sebwouters_chemps2
173,333c4a730444ccaf9e7105851443de9b5a4e519e,sebwouters_chemps2
174,3350c79cdbbe63cfe019cc1c327c2c95068a1597,sebwouters_chemps2
175,338107b7da06d031ef9346dc1e9b605f9cd6ad2e,sebwouters_chemps2
176,3382c86afada03dcbdb549d0087b3ac6879d8cc7,sebwouters_chemps2
177,3542044a93c48bd0ce07d7ac7db63271a16242b9,sebwouters_chemps2
178,355e1abdfc5b42fe32183bb4aa03b09f2fc6c196,sebwouters_chemps2
179,357e75ec4b8ea309512348b9338bb2b546a7182f,sebwouters_chemps2
180,3681ca66d44a27ed5e0c10758425c24a5538c843,sebwouters_chemps2
181,36c36fc67fbe2374d2f487016091e02fa3743004,sebwouters_chemps2
182,379f35470051e2d4eb4b0515fb8a193f3296e5b5,sebwouters_chemps2
183,37a45a1ad14e28639318f0783cae08ef4a902273,sebwouters_chemps2
184,37e3f738c39120fa7311f77ab38faa64b60f79d7,sebwouters_chemps2
185,382eab7362818552b954d60a4cf64237058ae66e,sebwouters_chemps2
186,384900a8f584f84559f4504d72ed18acdc5531a4,sebwouters_chemps2
187,38955e93b8459294c2bf4b8d425e5186839c4cf4,sebwouters_chemps2
188,38a301622ae5dea5d7bbc0a8394d80bdc109042c,sebwouters_chemps2
189,38ba0c9268eadeaa4585e739db5c3e118520acd8,sebwouters_chemps2
190,38d364886c3528396106242415e1f837851581bd,sebwouters_chemps2
191,39642d39e30c0e4ad30c6efed7dd99f57d41d71d,sebwouters_chemps2
192,3a0a8c4dac56fb0ec3c9a0496643d3ac32f62b1a,sebwouters_chemps2
193,3a1f592bf1e0f610c1b3b67dbd87302be21fc338,sebwouters_chemps2
194,3add964f22a84f2ef2c17c7540a68e46a723849e,sebwouters_chemps2
195,3afd610d494d9c5390ee728ad47080e926eb0ded,sebwouters_chemps2
196,3b5d4b1037adec42e30ae3c25e9e6eb27350f8d2,sebwouters_chemps2
197,3bd4109a386e3c4c9574ec4f5b23abe8f97eaaa2,sebwouters_chemps2
198,3beaf0c09d22de95c5ecfe433b45ec7611d66fb7,sebwouters_chemps2
199,3bf8a5ca454077e36b208d4d16e704b5836eed2d,sebwouters_chemps2
200,3c7527bcaa01043aa085c4fa9f2762ef7966f0e7,sebwouters_chemps2
201,3c962faa1afdb1b896ae11a5e927bff54c9b93f4,sebwouters_chemps2
202,3d08226729948d352ecbd41349a653a36b741fd4,sebwouters_chemps2
203,3d0da335af883560d4937c768b983c48cf3a4578,sebwouters_chemps2
204,3d287b8d80656ce61b0e1106acc9e74346ed03bd,sebwouters_chemps2
205,3d961d5f39904459ea946c6ab07e174f1248ae6d,sebwouters_chemps2
206,3e1814b74753f47958dbd93e1f776a247f626e6a,sebwouters_chemps2
207,3e519a73a0031605a8fdc39b6941e13d966772b2,sebwouters_chemps2
208,3e906839bf2815dcb4e3f816a2fd2d867c894881,sebwouters_chemps2
209,3ea9dbb33b6b174fab060672762681212f61e4bf,sebwouters_chemps2
210,3ee6044a7325adddae26eefa3a87451bc5f894bf,sebwouters_chemps2
211,3f4cfaab7daf28f7bf54a04364eb491f1ffc0124,sebwouters_chemps2
212,3f6472488ec564c5461a6f1c42a28d840603611b,sebwouters_chemps2
213,406b44dd8837e4ff2abba795c44e39edbfac7ca2,sebwouters_chemps2
214,408b3e2f84785c903b19fb424d10cc9a640a9b31,sebwouters_chemps2
215,40c46a13bde886ee2f9a54bcb9aa3972202862a5,sebwouters_chemps2
216,420cea77dae259fcb8e581d4193e9de8f01d1b23,sebwouters_chemps2
217,421c007afc04af108c23d3c1151943c9da80db3d,sebwouters_chemps2
218,4292874e105faa95f5dc45fe890ba2a2ef337a75,sebwouters_chemps2
219,42a0e8d0495f6df83c9ac44cf6a2371494d4829b,sebwouters_chemps2
220,42b1b080fa5b58c9fff4838cf1f1aa6c5622ed35,sebwouters_chemps2
221,42b93c2bd63cdd77ec9a081732b2fa2a5c1b85cf,sebwouters_chemps2
222,42c8a2d4d92ebb34e1f3bf8c098d732fa6264733,sebwouters_chemps2
223,437e1fee4be1be52d2afbf3b1ffc2b14bbebeb77,sebwouters_chemps2
224,4389aa3017afdb9d5ed6082f7e4df6cb729d5af0,sebwouters_chemps2
225,440e45a7fdf3440da6b2e422f1bef7260c9dac2b,sebwouters_chemps2
226,4425445dedcf8bcd8551637497b15798b86296b6,sebwouters_chemps2
227,4428786d6cb126d9914b7fae4c7f59e2306142a0,sebwouters_chemps2
228,4456d44d47784cc977b7d9e17fd86e69c7416ec5,sebwouters_chemps2
229,446cd33e61b762e3f9f0e87a3b4319500d722904,sebwouters_chemps2
230,4478a4bd3dfd394a5abeae80f6d9d89241157217,sebwouters_chemps2
231,45e5332b9a104e5a3aec4dc0d2e4a7cc78cd9f10,sebwouters_chemps2
232,461f8821ee76ca7cce2ba9748d417cbd30fbfa1e,sebwouters_chemps2
233,4670285c1bd007845f30558b71d16e48d432a6d4,sebwouters_chemps2
234,470c7da207efbd8799551e9d8e47b7ffef5ae10a,sebwouters_chemps2
235,47eab082e967be281e75a940983ba77242099787,sebwouters_chemps2
236,47f3fa187c3feed70330a4c9762d0adc43c38640,sebwouters_chemps2
237,48ba338965fb65479639eb9a01c34d5c26b96852,sebwouters_chemps2
238,4918698817a4ad6505b44264b0e239cb6698b5dd,sebwouters_chemps2
239,4923c0870e9c4e414dbb8b2f1dc2858a78469298,sebwouters_chemps2
240,4a0803e15e95abf44b23fdb8194b2a21f3146c33,sebwouters_chemps2
241,4a3d9c55aada38ef02be40cc2183ec04438d8e5e,sebwouters_chemps2
242,4a6579a77979a8ae1b82e921d3bdc97dd175f386,sebwouters_chemps2
243,4a908e55a4f09caccf22e2cdacf80f6cda832246,sebwouters_chemps2
244,4acda53e07ea63b924c5ed4084f0fa96485dc4de,sebwouters_chemps2
245,4bbd202d9f51faccd4043fa19e8fafbe0087b396,sebwouters_chemps2
246,4bfc76a14b5f9398572f33ecc541286e665cfc7f,sebwouters_chemps2
247,4c10d10131abf325e0032c2cde5f897239af54d0,sebwouters_chemps2
248,4c306b19f4517ad8eaa413a79047dac3dd7951f1,sebwouters_chemps2
249,4c7cab9c678b6ba852ee2368e091400ba4be4dfa,sebwouters_chemps2
250,4cad6ab7329b481d3593851db0d2b9496edae309,sebwouters_chemps2
251,4ce8f77401e690378cd3897a11cb858ae242e45b,sebwouters_chemps2
252,4d3de1e66c0a32cd0da30afab7161e5970a2d8ea,sebwouters_chemps2
253,4da129c4015c81fd2dd3b8b83b70f918cb588e5f,sebwouters_chemps2
254,4e7e7dbba1a80aea9200dfb1bcbe4645b95abb86,sebwouters_chemps2
255,4e8ce403c4d2bdf2d73eefbaa58d8f898c233b05,sebwouters_chemps2
256,4e8ea36573cdcbd49c8e7cc898272c2c61bb27b8,sebwouters_chemps2
257,4e968b1bd3d3e6725454c9d73f5082176fdf20ff,sebwouters_chemps2
258,4ebad1bf7efedee4dde66d296caa1b5e73c34d12,sebwouters_chemps2
259,4ed938c724b0a27850e1765a4247f91f698550ec,sebwouters_chemps2
260,4f0a48951ae12c88720722ccbad5ed5f0fee0174,sebwouters_chemps2
261,4f0bb217040ec1032790a86992e357f1f1cf4557,sebwouters_chemps2
262,5000460481e1a57e2afe693799db387921705872,sebwouters_chemps2
263,50afca836bc1ef0bdfe8ce788af93b7b7016cc59,sebwouters_chemps2
264,5117a7d5974cdc0e29fa619f6e145612073a849f,sebwouters_chemps2
265,5196319d106e9f029b3456677a5f2acd618b1691,sebwouters_chemps2
266,51bfd75205f4b18b94ba346a6e44c58de2b1286f,sebwouters_chemps2
267,51c6f12cfa930fbe5cbd9b04c61bb467e0ecbdb0,sebwouters_chemps2
268,51ff34fdb2ef12b3034419c8a892deb611243233,sebwouters_chemps2
269,523beb88d5be72d37888476fc09d1e27b7d8615e,sebwouters_chemps2
270,52b0f38be0585c873f2b3981560af6bc9539fe59,sebwouters_chemps2
271,53cbb36f8f94f4869a01857e799e5b3ddfc20c67,sebwouters_chemps2
272,53defa3c189c4b1ebbb9d125a36674d8d4fcf312,sebwouters_chemps2
273,54cd53a579e39f61734b4a395fde66867f21ec7c,sebwouters_chemps2
274,552870297dbf983c492f2adf602e48b7ce858f8e,sebwouters_chemps2
275,55291719cb7703f5906d67fae0d4c3bd981eacae,sebwouters_chemps2
276,55a6d761f8e98e9d147ec7d5b19351b41ea70271,sebwouters_chemps2
277,55c1a411a9d0153794737918e28d481b32a4dff1,sebwouters_chemps2
278,55cd16fa23dd186b63490ddde62488b586245fb8,sebwouters_chemps2
279,55d6b3819c27ccfd912ee1a2fe3c773416e30767,sebwouters_chemps2
280,55dbfa3d3c5111b6d2619890f9b3ed4b091e37da,sebwouters_chemps2
281,5654aad741a32dc4d0a4829e2d29318fd7cfcc6c,sebwouters_chemps2
282,5669cd3015390f81e631c2d73e4b28a8001cf500,sebwouters_chemps2
283,568e83d70d608b05a9a1ecf423c3477b274029af,sebwouters_chemps2
284,56cce00cfefe419f470deed8942f398e6bff17c7,sebwouters_chemps2
285,5724604adf3ef943cdbfb7bf84a715b5436c932e,sebwouters_chemps2
286,582feb80aa15fce3d49d1cf5ad727751c132225f,sebwouters_chemps2
287,58654350123af1aef8084d126521a07905e518a7,sebwouters_chemps2
288,586e732da7ff250228fcacc1191b01f6a6bf80bc,sebwouters_chemps2
289,58849453418edcd3374ecfc450f6d90ce0eef1e8,sebwouters_chemps2
290,589d5b775189ced4c3d24bcfdfbf335911d59037,sebwouters_chemps2
291,58d28cb6aa9ffd794600529d6d25c76c3de73205,sebwouters_chemps2
292,5911330a3f6fc5df8b72b2d796011333f284a03c,sebwouters_chemps2
293,5991884b0981049390488d5d941f799407fa2563,sebwouters_chemps2
294,5991b9104276483d07979aff64affadbd95f533e,sebwouters_chemps2
295,59a509ede582161c884f26a44b1fc416bae5ac48,sebwouters_chemps2
296,59ae7051dea0a7225aa73b0b83b57d6fd0d62bf0,sebwouters_chemps2
297,59c2118e474cb151b381d68950f444cd762e4f56,sebwouters_chemps2
298,5a9896b34b2ba0a120f83cff800170691dcb3d6e,sebwouters_chemps2
299,5aa4a5d6a2a74b23541d77bf2d84ccde7f28f316,sebwouters_chemps2
300,5afbdfda1caade92f4d7855df51c4b20aaafe024,sebwouters_chemps2
301,5b44d4da88d09fa9dfb063d72f1a5d4fba1d854a,sebwouters_chemps2
302,5bab8b13713c2b22f4aacdac44c8f1c806c2c478,sebwouters_chemps2
303,5c0e413b1974e96fc198fd90693a370910b4ba08,sebwouters_chemps2
304,5c43e46a4a14b6d81ad8cd227cd898313e8b75d2,sebwouters_chemps2
305,5cfb007b2addfe7d3fe7fd2391ab7790caf2278a,sebwouters_chemps2
306,5d0b471f8df8e2c955ca093e0548fdc3fba16a8c,sebwouters_chemps2
307,5d70d6e3a27df459df4497600c3004fde69cf9c7,sebwouters_chemps2
308,5dccc597154910bc154a81346dccaa032e3f8335,sebwouters_chemps2
309,5dd938c8d4ff8fab13a80c143f3b31f48b9677cf,sebwouters_chemps2
310,5de53107d6226bb1e656e24b5e180e67c6cfb740,sebwouters_chemps2
311,5df18bae8b136141102e1586765e926f7e78ae05,sebwouters_chemps2
312,5e3996eac01928138b58f6f6bc8a9aad619695d8,sebwouters_chemps2
313,5e995c30fe8cacb3c1be1c4dc8fbe5b0a32f3be8,sebwouters_chemps2
314,5ebe2eec584088b9f3b5600d7d60be91e0ad1abf,sebwouters_chemps2
315,5ede1204323126d4614c4e66286526f9108a8bd1,sebwouters_chemps2
316,5f0765e39d8156da83aff0898ec9e5f6147ec0e9,sebwouters_chemps2
317,5f43e2a77cfe4744befe684ef9e96c60e24f0f45,sebwouters_chemps2
318,600f70888a5a00399a6e5a65131deeed46c64677,sebwouters_chemps2
319,601de080ca38e01574a918bf0990e0592ef8fc06,sebwouters_chemps2
320,608c7fb1a14cc8b3fe5f8de8ad9ad5e932401fd4,sebwouters_chemps2
321,60fbf188fa25d986558325bd3a1f54a0a4d7c05a,sebwouters_chemps2
322,6101e26aad779d4258c6f74ab34d6d72686229ec,sebwouters_chemps2
323,613f0dcadfed851088d3af0caa342f62240eb3d2,sebwouters_chemps2
324,61495c13d5d14880c3e3daa059003ff6526eb54d,sebwouters_chemps2
325,6230f2b115c3c59d2e97125c32a9f13cfaaf048f,sebwouters_chemps2
326,628488e48d2ce3e54668a7363be3b2df05e55a9b,sebwouters_chemps2
327,62dc65afc1884461aa257955351dbf512349ece7,sebwouters_chemps2
328,6301c5d334fd6c97a65ca4a5021975a2e03e055f,sebwouters_chemps2
329,630cbab29663c0d2bb5cca368d37a99a10d6de0f,sebwouters_chemps2
330,631e0142a21bb63ce3c5f9ad236ac99e45c0a88d,sebwouters_chemps2
331,64bafc829c6262f34970bd7bd13a944e9c8eb332,sebwouters_chemps2
332,65a1f110c9156840abbe34c06652f75f22e32c15,sebwouters_chemps2
333,65f590af39720330c5d44e7fbe1d1b9a231a49f3,sebwouters_chemps2
334,6788f66fd158ba0db1299d777f8681ed84d01369,sebwouters_chemps2
335,67d850781d4ac360ce0ae17a0377ea0fb287327b,sebwouters_chemps2
336,68697f76bd6d5d7d660da40b37f1a89ba58354e1,sebwouters_chemps2
337,69c68e4589cb63f3e6b313bc7c71e262c40c28e7,sebwouters_chemps2
338,69e4f2064be31a4f95d7fb84c307fa719d52f5c7,sebwouters_chemps2
339,6a6cdb6b51521e267df5753ed1d29c47eb67d1d8,sebwouters_chemps2
340,6ae721e0456eb38d0be408cc84c24585ce50e305,sebwouters_chemps2
341,6b37909cb2754ab7141f69b6d7b0132041d26ceb,sebwouters_chemps2
342,6b7b500ce2f84030b91b68b43941fe5372570bdf,sebwouters_chemps2
343,6b93651ca7149e3079dfbd4e33ef1d4126147445,sebwouters_chemps2
344,6bbab8d3b7ff89c765b7ce9d6bc507248522b1dd,sebwouters_chemps2
345,6c6fc9f2e5c037eeff3526be8b01f76f8bbbbba9,sebwouters_chemps2
346,6d06f5bb952c6e8c99400eac1ce4f4c5d053eb26,sebwouters_chemps2
347,6d319c7e716dc581d1ff63c9971594bdc0b50af1,sebwouters_chemps2
348,6d583db8f7f38d2b8b0937179288abfdab7bbc01,sebwouters_chemps2
349,6da844ec26d91f8fc29db7ef8951ae0ea344566b,sebwouters_chemps2
350,6dd6201f42c6e02b4ef14d9541cbb273ff74e182,sebwouters_chemps2
351,6deffc7159ebd667d034382807d40cd573d872c0,sebwouters_chemps2
352,6e0080de68ee79363fef30499946ac192a52bda8,sebwouters_chemps2
353,6e226897908c21a7f339a996b27d96e330e13650,sebwouters_chemps2
354,6e32a410133bbaeb116ccc56545bc34ca4fbdefb,sebwouters_chemps2
355,6e3cdaf405f8235cce19238bc952fd2f27805aca,sebwouters_chemps2
356,6e51fb5d7ae3a7c721811dc5f95cc67b18cda55a,sebwouters_chemps2
357,6eb1ceb4f458b61e3f0e110dfb7856ccdcce969b,sebwouters_chemps2
358,6f4bde7d38c8b19a1be353e0c5a6e2d6f2cf8c08,sebwouters_chemps2
359,6f5c4850bcdb600027462f13773a93d554abeae6,sebwouters_chemps2
360,6fb646e3d854f17cb9027088e1717f0b356ae1c2,sebwouters_chemps2
361,6fc0fb988683a60ac41f75f73c1db53ed41fd07f,sebwouters_chemps2
362,70f7a717308af00092c4ccd6220b9080f15fc7f9,sebwouters_chemps2
363,713e8d122335580a7d6131baddcd4d607ddf78d2,sebwouters_chemps2
364,7174df974952ba8ec489acacbe6c75eddf29fc80,sebwouters_chemps2
365,717f52048e8961d9aaa907f6ee5d3fd7f586612e,sebwouters_chemps2
366,71c55d6bdda286e2cf3097eba5759a212a0888ce,sebwouters_chemps2
367,72a9286ef997f92e218f38d223252f262f9d66e7,sebwouters_chemps2
368,72f2d02e178b8c313863da31ec14a56c20f4b0db,sebwouters_chemps2
369,730a3a9aee8bc6ce0ec2f7ef9b156d6be9b96380,sebwouters_chemps2
370,73a0b38bbbe79241fad00bd61c0b8b0c4b6b38ad,sebwouters_chemps2
371,73bd9ddebe95cc367ee44fd967ccb336599230d1,sebwouters_chemps2
372,741168dd0facbb19e742cfd5f8728630934ed01c,sebwouters_chemps2
373,7437ec2ecb884eb77700ceffadbe355deab4f877,sebwouters_chemps2
374,745cf260fdf231e806dc8d1d4aa8828d6e3ea61a,sebwouters_chemps2
375,74699ac8b188fe7491e2384bcb6003322a76c109,sebwouters_chemps2
376,74a1f9433680c16588b0b29d73af38126819fb19,sebwouters_chemps2
377,74bf9da274de2737b1ae06a929de39fc2f5bca63,sebwouters_chemps2
378,74c00c0b80fbcb6ed825a50cd275b01bd1372908,sebwouters_chemps2
379,74dd982c8a54a037a80814a22917e754aeec48e3,sebwouters_chemps2
380,74f04008016770e6b2449d49d602e163129135ae,sebwouters_chemps2
381,74f16f191e61816fdc8b187bbbdda599efb25f63,sebwouters_chemps2
382,75670f94133f5a58d622ca9d22be6ffe6381f980,sebwouters_chemps2
383,75cb700a7e75226ebc8e7bcfa9d61d68cfddd45c,sebwouters_chemps2
384,75f6505427402005aa40b726b7f6d897fecf02c3,sebwouters_chemps2
385,7614aa7716bd7fa3ec6c92afa4a72dddaffe4495,sebwouters_chemps2
386,76b6978c04e7fc00086c01ec27fe948c1a2f1d48,sebwouters_chemps2
387,772dab678e890ac4eb282bff8f48a00b576a6b8d,sebwouters_chemps2
388,779b26dba89630f081836a410d950bd25779dd28,sebwouters_chemps2
389,77a5d83e29b022acd3dcff6b3468dcbe2fb07f28,sebwouters_chemps2
390,77aa4e7677c874babfc1cd005b7da510dc4fb6a1,sebwouters_chemps2
391,77fed80d8867e7c92510aa856324d14dc6b32fbc,sebwouters_chemps2
392,7820299820c2d34ecdbdcde9679370de16f187bb,sebwouters_chemps2
393,782430f789bee39fd9c6e916fa147e361762435d,sebwouters_chemps2
394,783e0ce4feef28bcb597b58b85b0f698be915d87,sebwouters_chemps2
395,7845df0dc8b90d96ec6ea6ff55651bb30b1fb0e5,sebwouters_chemps2
396,788604bc9bae68819afe9865487a100a249590d8,sebwouters_chemps2
397,78c498eace09e1c7fc8c7854c4317de3508322b7,sebwouters_chemps2
398,78c5e15e87ad1d35da8feae5af21148e8acc84c2,sebwouters_chemps2
399,78e16d262bc5cd02bd0e1af40b1875bf787fec50,sebwouters_chemps2
400,7921e9e50a40a9fc3a344acab1b4359db5738fbd,sebwouters_chemps2
401,79990f35d9e5cf80d9474581a282d02452984644,sebwouters_chemps2
402,79fb7c6f2b4cc2d628e5593fc8aa548c572a9e83,sebwouters_chemps2
403,7adf336c3ac42975b6bba3fb47b7c0c74fc51757,sebwouters_chemps2
404,7c11fbc7c17bd5fbf1cd6dac1229f66ba0672bdc,sebwouters_chemps2
405,7c3b4dc76449d1498d215f9a0e11cee50f04a95f,sebwouters_chemps2
406,7c4d376300ff1065e302f0872425647c128fb975,sebwouters_chemps2
407,7c6a33823a822aac21fd1fd774141362976b7107,sebwouters_chemps2
408,7dd227cd4e0dfc6fe8a5b5f47e8d334cef307b37,sebwouters_chemps2
409,7e0c69a41ab337ac1115d992776fdb421a1cb65b,sebwouters_chemps2
410,7f67c5e2d6a1529255175f638d28d0898ff97c1a,sebwouters_chemps2
411,7fb7b85fa09fcc06e1825257fc71f6531606420b,sebwouters_chemps2
412,7ffef3f0b2486f2ee3387ef3e7da45ff53d9c6cc,sebwouters_chemps2
413,80c181ce39049b192220b44e7299d3ddc2d755ca,sebwouters_chemps2
414,80d6db9d5890d6feb236cd5cbdcf58480a69dea6,sebwouters_chemps2
415,81061cb64ad80d33f152d842100de53fa8139f2c,sebwouters_chemps2
416,813c56dc4cccc1d7386155cb22ecd093a2977383,sebwouters_chemps2
417,81b4f215b1bd5c533ae28ae89ae7849f348d234c,sebwouters_chemps2
418,81bb0aa3c630f1091168e2aad2d8ff46e70e45c1,sebwouters_chemps2
419,8205e13941235bbcf1ce2384994acf905c1a07a1,sebwouters_chemps2
420,826a5de0109165123b9116daa4c5095d7e3aa002,sebwouters_chemps2
421,82c3f83e922a57973e230b6708aad936ac98daa5,sebwouters_chemps2
422,82d9455eb06c67bfdd326f4a3c242a424685c77d,sebwouters_chemps2
423,82da371834e1f5611ddc50cebcf9d496014d4699,sebwouters_chemps2
424,82deff82f9b451cb81e7ed3826b6a4218194bb37,sebwouters_chemps2
425,82e650e026fcb0f296902d50fe729b772b11582f,sebwouters_chemps2
426,839d579799af3d8056298256daf1a3e2b0c8755b,sebwouters_chemps2
427,83cd349380f10f810b586bd1315cdd3ba102b1b1,sebwouters_chemps2
428,83d02c2e4ee7fb97e61b7456e708931249c95f0d,sebwouters_chemps2
429,83d0d306306ae3494c6162f8960c05541799a259,sebwouters_chemps2
430,83d447a8834aefd3faf81911e9ec26604e3e8880,sebwouters_chemps2
431,83f8587ed05f8f0eca5bc11371dd89524378b94e,sebwouters_chemps2
432,84374ab32f1fe0d5bbb39e73d4494621d6bc4225,sebwouters_chemps2
433,84528a0aab866e177f80c8bdba46aad7c5dae84c,sebwouters_chemps2
434,8570351a4eec11c83e3b6507e44d5a54c9ac3481,sebwouters_chemps2
435,85ab20b84c08a4e8a99c83b8d3e05fb72ed86d4c,sebwouters_chemps2
436,862a1af54fdc374e4f73afdb645756f95ddcc9fa,sebwouters_chemps2
437,879577448a1329a905a48a5d7d6150c8dd25b11b,sebwouters_chemps2
438,87c748b86ff6188e747f1a2fbdb76fd0123fd04d,sebwouters_chemps2
439,87ef5a965530c5428bd340af959a2ec2554e9031,sebwouters_chemps2
440,87f787ea74428f6dc27c6a74f16f91e1b3996501,sebwouters_chemps2
441,887aaa39851e76c3d6f90e3d28868235c43b9b76,sebwouters_chemps2
442,88dd66ab22368e9c8fc2c1662768b42f9aaa470c,sebwouters_chemps2
443,895e086d7f7f4315a127189f4ccd152edc73945c,sebwouters_chemps2
444,89912cb57673d550f919aa4e4434dc6bf1011a38,sebwouters_chemps2
445,89968de4e28bc3e2f68181f826a567a3b7f2bfa3,sebwouters_chemps2
446,89d19c3b036f25f910a2fd0f51d649282e71cd77,sebwouters_chemps2
447,89d203247d5833a74bddf107ba56478764da2d15,sebwouters_chemps2
448,8a59c647e9672e675f7e2210bc65850e4a42e55b,sebwouters_chemps2
449,8a5e15fd6e9f8a67f7fe9e4f5c8c7c4d5468550c,sebwouters_chemps2
450,8a8a16d94a8e99787610ca69aebf1546b0898fbf,sebwouters_chemps2
451,8a8b658346dc9f83a13e19a6c088b36389aab3b1,sebwouters_chemps2
452,8aaa2f9064e71755798e2944dbb00d92dcc14e78,sebwouters_chemps2
453,8b4f43d20427059f6034101dc0cd5c128b4e4963,sebwouters_chemps2
454,8b5482882d31e6a685ad26444b341a9c640b849b,sebwouters_chemps2
455,8b9948992cc69b96ee9c4b02cc198e184a1c7ea7,sebwouters_chemps2
456,8bf3b2d71d54233aa1f385bf2a4e79f1859eeecc,sebwouters_chemps2
457,8c524a59f838b95c367de3e71390942d4ae28d40,sebwouters_chemps2
458,8c53aebbd5a19c966aaba611fe115b61e5565e81,sebwouters_chemps2
459,8c5cdf4c9f708e050ec80b00e9c7a3322d2b4b83,sebwouters_chemps2
460,8c7effb15d2f31e242991f51b610d94aba870ad0,sebwouters_chemps2
461,8cfcbd125101f3da5bd7a2390ac77ad2f4ca5a2f,sebwouters_chemps2
462,8d932e2def30cd60449eba82f9ced41f4cece15e,sebwouters_chemps2
463,8e013fe3bef72a8dd09ff96397c427fb80381a9a,sebwouters_chemps2
464,8e01f64df4c56e98d3ed69de492ffbd5c98fd9bf,sebwouters_chemps2
465,8e428b491b6f9b8e096a28c448a51edeaf1c1fea,sebwouters_chemps2
466,8e668b8e11b437bf3a463945eae13b63c4394dec,sebwouters_chemps2
467,8ea7fb7c26ce47d5864118c2c9c259989fd96b26,sebwouters_chemps2
468,8f57e5a805e153036c60f025bc3ed8d6d095c925,sebwouters_chemps2
469,8fa67d7652b78bfbea89edc4188cbca42fad6ef9,sebwouters_chemps2
470,9004d27781b317c9f9a7cf155f04249bcff650df,sebwouters_chemps2
471,902b5b9de21de14ccdb1cdce0cdb78095a05b39e,sebwouters_chemps2
472,905eb02f4892aa3ae5313a389c70069b315a5253,sebwouters_chemps2
473,90f5287be1a1479e0320a28c37d79d7d580e869e,sebwouters_chemps2
474,9168fa3f54184d52c023d6e2d209f03384820339,sebwouters_chemps2
475,916f4fb64e74bad1ecc58f91f465199ab80ca612,sebwouters_chemps2
476,927d18b202e3f1d62fc37ca9b1145f469bbfd1d5,sebwouters_chemps2
477,92d241296192bac7d1e7a0e184e1ffa7dbfaf97f,sebwouters_chemps2
478,934827ec6de412d7eaac6233f4e314f4f298ec5c,sebwouters_chemps2
479,940cd49ac05ef9636bce48a69a7aa139d5a1e038,sebwouters_chemps2
480,944bb613fc64943ecd0d5962c38d761d840d4094,sebwouters_chemps2
481,949128e1db3fe745f0e4777ea2aff319f07d0719,sebwouters_chemps2
482,949489b988cf0db862d22e5fea579d57d00c89ce,sebwouters_chemps2
483,94cfbbed373fd900e9cf2c0ccfabffc8652284bc,sebwouters_chemps2
484,94f223f6f04906a60267ade00984794466bd3c7f,sebwouters_chemps2
485,96232d7fe55970260e08256e52db3ed4ec642b4e,sebwouters_chemps2
486,9646d3c69632ab01d7f2cba80c32cecc0a9ac0d0,sebwouters_chemps2
487,96ba1c7b805c7cbbc9bc79b12cb24321113d6b2e,sebwouters_chemps2
488,96f30a8e362380ebe00e9a9fa9ebc3a6a8944263,sebwouters_chemps2
489,971c111151e024d84fc249869b860e905fa37939,sebwouters_chemps2
490,975ffc15e10ea2d7afc6cb32da49870cb23b0fa4,sebwouters_chemps2
491,97852077ad24978678a36619df5cf0b6ef554303,sebwouters_chemps2
492,9847e10481047b3ad86d38773fda0844c0c6e2b7,sebwouters_chemps2
493,98687c257bf7332729bc9907aeb9c72c02cacb93,sebwouters_chemps2
494,98723b0fd420ee337581bd0999e15638ad9a3348,sebwouters_chemps2
495,99085723752688dbb296bbbf443001810e1e72d4,sebwouters_chemps2
496,995c15a05d8bceb7940b0f446493608468c7d9c6,sebwouters_chemps2
497,996cf55c21eafb6f76bce2a38555d85d57480655,sebwouters_chemps2
498,99741a09f5af8075a1ce1a491e37b2936e89be42,sebwouters_chemps2
499,9988f0620ae4738f0bc70c4479a0b974e99aa45a,sebwouters_chemps2
500,9a8574866f50994991f693e5ae05f8fa06c16c4a,sebwouters_chemps2
501,9ac26915c196995cec970fb994b1413ef44dd7f2,sebwouters_chemps2
502,9adbf8f3a7b790d73e7333b4dba8a38180a84a71,sebwouters_chemps2
503,9b17bf410ff01bac6f915924b5d05e4ad459e648,sebwouters_chemps2
504,9b29c90ce8d8944c30f0d714ff7ffab18c55e1ce,sebwouters_chemps2
505,9bf6cc6546569e67dd8eb75cb46c600bc3f822ad,sebwouters_chemps2
506,9d919774ff6b28700b032424992d45dbba269bb6,sebwouters_chemps2
507,9de6a46c53f450d462d8bf9e46037b36c1f561c6,sebwouters_chemps2
508,9dfa582b96f55b62db5be05644c81a729c7e25c2,sebwouters_chemps2
509,9ebb773fa44b1b484cb081f57d8740508c4c3611,sebwouters_chemps2
510,9efd09fb541f1ff582d25ea81f3e221de79151af,sebwouters_chemps2
511,9f1d1fdf728c92ee594b471ba9221c2292ef209c,sebwouters_chemps2
512,9f1e86eff0ca18fceb3ae0b5fa1d3c2e25dbb316,sebwouters_chemps2
513,9f44b0278224a116226bd7f8146fd44b81b304de,sebwouters_chemps2
514,9f68105c239459a1433879f3fb961634e1dbd2d2,sebwouters_chemps2
515,9fd492793c91aeb5c3e04854aca28622abdecdfb,sebwouters_chemps2
516,a01ea41a29d69bdf3edbeb7cbf50fa7ec27f6265,sebwouters_chemps2
517,a12f249b9db8c09a8cb62b2a20b584496d65c76e,sebwouters_chemps2
518,a18e83885c7123d0793b70dd0f89a664e8b43c4d,sebwouters_chemps2
519,a19a134ef772a34b5b3edb21a6fc890ea371192a,sebwouters_chemps2
520,a1f2d6bb1c4f12b8c1dec98c9b71bb167f40a763,sebwouters_chemps2
521,a2925d9fe8a42f7dd94c23786018dd8b074419d6,sebwouters_chemps2
522,a3390e141b8b653ada7c56976e3f0cfd04364f95,sebwouters_chemps2
523,a34b83c6c28094ae009588a6de3e4ba1d45265d0,sebwouters_chemps2
524,a395bd7dec52ff481cc1a876e9db00f741de8474,sebwouters_chemps2
525,a402fa7aeb834af5e89bbc942496d0fa1956bc76,sebwouters_chemps2
526,a593e2ee38a52ba02aec013e63d171fba3591c31,sebwouters_chemps2
527,a59de1f71b2edbaa0fe0628c1a1144c781a28e7b,sebwouters_chemps2
528,a5a7542aee4b02eb94edf158f7130361354e282c,sebwouters_chemps2
529,a5f41d4ada86828ea6bfc37320ac8ac40fb7bbd1,sebwouters_chemps2
530,a649f309546048f02a9325bf349e035187c9e399,sebwouters_chemps2
531,a709cfdd9dd2b9e5730681be7a05871ee2199402,sebwouters_chemps2
532,a72858ada3c48edcfc236f9a04e992f01cc061e9,sebwouters_chemps2
533,a7922d6821c70f6e75ce5855ab10bb18b7115762,sebwouters_chemps2
534,a7a40a9b5e33a8c8a39c66fd10b6a4e85b94ef78,sebwouters_chemps2
535,a7b4e6a526cfcacb47e935e8ee043491518e8e3a,sebwouters_chemps2
536,a7e1a31054209c8271db742f934639fca2d5a3ed,sebwouters_chemps2
537,a7fabdad9922316f07b9777377c72b71c982dff4,sebwouters_chemps2
538,a82c38592d18b5d3e56147c039c4ad572637e1ec,sebwouters_chemps2
539,a84f4220a00b250468dd9c6f245b595ae06c7fc2,sebwouters_chemps2
540,a85c4d7dcc9ca5bca26e5b8788d1f4f0e5ada49f,sebwouters_chemps2
541,a88e4e83f35a3f30ff1800ac438c06aa85124bee,sebwouters_chemps2
542,a8d14eec3f5d81bb0301fc703fcdb2cdec3e104e,sebwouters_chemps2
543,a9157732a5be769c0eed44932b588ca09ae4a7f3,sebwouters_chemps2
544,a969100079d5776aed243a483dd6a4e359ccd2a2,sebwouters_chemps2
545,a973a7289b20df5ef0d3fd46a4b10730de75f1cd,sebwouters_chemps2
546,a982c0e2da622b7c7bcd4b74ab16ad1d04d439a0,sebwouters_chemps2
547,a9c307168d6cf0ce44c914d91be8ea9cb8e0fc59,sebwouters_chemps2
548,a9c843e06f46e2de3367a1bbf1d65c4e9a8c8a2b,sebwouters_chemps2
549,aa89e4f17f2528727911f7895f708dba2f30b524,sebwouters_chemps2
550,aaabf96a641ec735f8b2dab51288f932b1715a6f,sebwouters_chemps2
551,aaacf2846191c9b31bfad8952dd2352c0b8f51d7,sebwouters_chemps2
552,aaf43b085ca8c15d10be52789d6083ecade0ad7b,sebwouters_chemps2
553,ab2ad217a6d72fb8f7edd5e1b9fb75ae40aed304,sebwouters_chemps2
554,ab6d28545bb4a10cfa4858fa54d491872bd86b08,sebwouters_chemps2
555,ac9296fa7a98e28bbd311d73fc0b61e6a491823f,sebwouters_chemps2
556,acfc6ae620ffcf17c23b4d8d57ea8e3bce51fe11,sebwouters_chemps2
557,ad47be8f1f5dbc84a3edc7fc5c732409e099c4e3,sebwouters_chemps2
558,ad4c60297a9b133361242c0796778f9206eb6b1d,sebwouters_chemps2
559,ad853dc9027706c76cd1fbe3d485a326627025f7,sebwouters_chemps2
560,ade1e1abb9e70ad12c5bb178fe4bbafafc6d8dda,sebwouters_chemps2
561,ae3fda18442e5932ac388e32aea93ad09db3e8fa,sebwouters_chemps2
562,af16dda9c75b938d11152549b0b5f6bbf0d170d2,sebwouters_chemps2
563,af1870983ce1127664079c9b5f0d0f068bcce665,sebwouters_chemps2
564,af1dc28e32f0599ee960696002d53e1fceb98c71,sebwouters_chemps2
565,af2c7a4657cf0e7a5cbe3b3d4026203e6075745a,sebwouters_chemps2
566,af34a37b0be8141d302140011d5049d09e8649ae,sebwouters_chemps2
567,afa0b71d2923af7dea1b7add1db94c5191b38fde,sebwouters_chemps2
568,b095cdcf96cbf37f464e2929c524c08c978aa9d4,sebwouters_chemps2
569,b0d39b26abd3291877318ba076e0376d64dad83d,sebwouters_chemps2
570,b10c8018bc5d011498521145bc21f580237a298a,sebwouters_chemps2
571,b113710b638ff487a83f74741938923866ce1836,sebwouters_chemps2
572,b11fe7b420d37a7a291a22b7e747b09017c253c3,sebwouters_chemps2
573,b139b5402ae0c3d4f837a29ba2a83d1277d1c877,sebwouters_chemps2
574,b18576247645256ff29a9b11154104c4447c7351,sebwouters_chemps2
575,b1cdfe814eedc4535121802c1e3b573848714b15,sebwouters_chemps2
576,b1de16aac84f96039cb183ba939f06679e649e0a,sebwouters_chemps2
577,b222b7c97a339e6b71073be854dd67436f06e288,sebwouters_chemps2
578,b24bb7ae5179cdd7cddd4581e2b3b0c085abe15b,sebwouters_chemps2
579,b26609b335d4e0856e22a7e3ce3a87500b1bf63a,sebwouters_chemps2
580,b2efeddb9bdaba7dd2b6d761919fbebafb2fddda,sebwouters_chemps2
581,b410959dc9c1d734b94a734f49ea3b128ec1434f,sebwouters_chemps2
582,b440089908be789e147d8e3d2f7b2f66b58cbd25,sebwouters_chemps2
583,b4638b97158bf3694abe4b9190c4c17070f053f6,sebwouters_chemps2
584,b4d65f1ada6f83ba86be9632e3e52609bd7dc7e8,sebwouters_chemps2
585,b56ac9b307d1b731f653f8a2d4c15ca662ca0046,sebwouters_chemps2
586,b5cf3b2fcfe19f39e66509eee8521a9588498528,sebwouters_chemps2
587,b654c129941ff25f532b24346c2e17d40840c9de,sebwouters_chemps2
588,b6ad818e1bca9e48c8fbc39ba3addc1345f50ea1,sebwouters_chemps2
589,b70b42e92811e2a26994984fafe45b364b2ac36a,sebwouters_chemps2
590,b7767a8badfc490d581a410668bdff4cc42a73a8,sebwouters_chemps2
591,b7dff583e1f12b1e2ebc015209563ceeace35e77,sebwouters_chemps2
592,b7e31cf9fa5b6367fbcfb485778d20aa2ea1599d,sebwouters_chemps2
593,b81905f742a1a31232d0d5b61d06158cff8b8baa,sebwouters_chemps2
594,b820ac30ef98e22994dc63fb6caa2ed95dfac382,sebwouters_chemps2
595,b8553ac5c63c31c4d7d2cc0b3be15e54754157e3,sebwouters_chemps2
596,b8e899c9b922c7e276d4f0ba24c3cefec11d7634,sebwouters_chemps2
597,b93c7621b3ef2f699adc289b06db73dcaac8d7bd,sebwouters_chemps2
598,b94a7d5d1b568586f4aceee5e100cc3fe44e0ffd,sebwouters_chemps2
599,baab87fc70349cafd365b8ef9e1bf63850fab4c1,sebwouters_chemps2
600,baab96097ace9db88177bacdcbf4964d097cad4a,sebwouters_chemps2
601,bb104052dfe977f367df815fdaf6791c5dc81908,sebwouters_chemps2
602,bb9be55b3db8142736e7fe719546e3d0fa4161b7,sebwouters_chemps2
603,be581c29a20c6dd687488e8c73ab097333a09d4f,sebwouters_chemps2
604,be5a208e8dd2a2ae70c85291b371bc646ebf152e,sebwouters_chemps2
605,be830d4e57f9306684e6ee89fd0b56a4b27b2d6c,sebwouters_chemps2
606,bea80e6a1950e800afea8001eb16482dc06d7b71,sebwouters_chemps2
607,bec1ce166a27e4caabf460da4af332f86910041c,sebwouters_chemps2
608,bec42178a3713a7c647a0fa959e69898fe5e7e1b,sebwouters_chemps2
609,beefab42ed9b01d81fbf15d13a53951c9e941cdd,sebwouters_chemps2
610,bf1b6ec60c1fcddf98acc218ec50197198f5c777,sebwouters_chemps2
611,bfd773abd19bb9a061268fc0d82c5397c8ff7b99,sebwouters_chemps2
612,c0244c3b3bf4a70677f6cd8aef7c7c9f9eb7520a,sebwouters_chemps2
613,c04badb6d7ab4514a17d65b49cc0433bbb1c9a74,sebwouters_chemps2
614,c078a085b9ce1e1293f42d8cae8ca47e01145df7,sebwouters_chemps2
615,c080f06f24d32ff950af49f73422ae383cb2c89e,sebwouters_chemps2
616,c085733767296f7edfee456ae971ec403a525ed3,sebwouters_chemps2
617,c0de831ceb1e371687e4f44cef4fba264e0878f5,sebwouters_chemps2
618,c0f3fb6b81585cddb82fcecb6a40061e30050a7c,sebwouters_chemps2
619,c11cb703fb766631146cb31a139d9769dabadd31,sebwouters_chemps2
620,c27a5767f0c754a1347db575682f5cb791dbc70b,sebwouters_chemps2
621,c29e7761c01c809142084d61f2924bacce3bf22c,sebwouters_chemps2
622,c29eaeda701f4782ae654214ab9808fc70124f98,sebwouters_chemps2
623,c36fa0f6a38b920cd0b9b64bb96412bc35084d44,sebwouters_chemps2
624,c39b1423766ef470b9a2b6a9ca4ac1b82a3f08fb,sebwouters_chemps2
625,c3ecf0aeccd422c2553775d74b7ba88742c42585,sebwouters_chemps2
626,c3feadcac09698e4dd42b013ff4f7f50d56946b9,sebwouters_chemps2
627,c4c8af59ea6d740be7ffe1443d2a284fbdce93e8,sebwouters_chemps2
628,c5509dcfb1b594fc32492e12d5720525ebd3624f,sebwouters_chemps2
629,c5962e45f1810e76afa842d8d763d0befe060585,sebwouters_chemps2
630,c5bd5949d2c5e98cc8fd2559e5448a36d14e3ebb,sebwouters_chemps2
631,c6c3a91438348a14242e0ac7d741498d235f4bed,sebwouters_chemps2
632,c74c8d3d9d1f402dd5043674fb93c011d9bab784,sebwouters_chemps2
633,c8103d1d9f85f63eaf29a570d2a6d13c7b24dd4b,sebwouters_chemps2
634,c88e5a68ca94a4df5f57b74cb2a3982826f605d0,sebwouters_chemps2
635,c8e97e08e129bb716d7447b1ad9ee50b34bf4eab,sebwouters_chemps2
636,c963cae5ae1b09a6b8e34d1a19be5cb7275d520a,sebwouters_chemps2
637,c98b1f546cabb98776142af04a57bef4d4d08dd4,sebwouters_chemps2
638,c9b0e1ed3b2617fed0f04defba847500ee70b58c,sebwouters_chemps2
639,c9b9e269797618ffba3c8be435528eb037a5157f,sebwouters_chemps2
640,ca2dd75d318aa8d5420f19cdc2c453a4bacd8c99,sebwouters_chemps2
641,ca4f175efa7739b878aa3d036a748d1e39110692,sebwouters_chemps2
642,cb0c9f60e849b4eeb4c06ba8ad31dcc3eeeeee3f,sebwouters_chemps2
643,cb271688318488c024fc337331a8df9c73d45566,sebwouters_chemps2
644,cb348951b2670a7c6527a14caac31bf126c536f5,sebwouters_chemps2
645,cb6bda29a75df774843727822c136314381d1c0f,sebwouters_chemps2
646,cc7a520377b6c56ef3af17eb42fd20f87ef0edf5,sebwouters_chemps2
647,cde40742d5f84c868e40c4325026d54e89123551,sebwouters_chemps2
648,ce156b3ac12dc67f1eef7cff5cd2abe2f6873901,sebwouters_chemps2
649,ce1d9e9f5423cecf7ae610123e75cbbc6c70bd37,sebwouters_chemps2
650,ce48b512fffa052ad70ec2f739a47a3445020944,sebwouters_chemps2
651,ce684c0b4cd889daacb93f7fbb59c6c8d1fa016a,sebwouters_chemps2
652,ce8db8b4b64b88c551f67a7c0716a8a1d7253277,sebwouters_chemps2
653,ced8b84e479e75d6aec34c9b622383388026ee4a,sebwouters_chemps2
654,cf0265e06d10819f2774046908325ca9e6f13f87,sebwouters_chemps2
655,cf2e67eb02a650ce1b08c651cc05841e09187343,sebwouters_chemps2
656,cfa6205e9ab2cb2f27c9ddaee220c7a767746f43,sebwouters_chemps2
657,cfb870df87aab37761894cf8530adf9b94e1720c,sebwouters_chemps2
658,d012d835781cd0f540640309ec846c6b0c5c0324,sebwouters_chemps2
659,d16c9d078f756f8c86b34b5ec902555d94c728ce,sebwouters_chemps2
660,d2852d734c8480fd376bc6721dfd1bf68b3f7ba3,sebwouters_chemps2
661,d2d71e1d13a7d5bd661a6ac8eeb8824d82b24005,sebwouters_chemps2
662,d300aa15e822273c56b175e82d128588a107cfa0,sebwouters_chemps2
663,d34cb54a7890ce933b654cb5359328648f72ec1e,sebwouters_chemps2
664,d451db763eb01315c1a25d9f6098558e4c2b70c3,sebwouters_chemps2
665,d4550be077b1f44374f6f229e2424dec0841e7bf,sebwouters_chemps2
666,d4735e57f309108bab1962655be385ada962e601,sebwouters_chemps2
667,d4efd0d7e93a365991623c9247d8be7c1d4de533,sebwouters_chemps2
668,d520e9e5af1c16621537f2bb51f3ae6f398c3ab8,sebwouters_chemps2
669,d5fd04115d0888440ab1b8813ec8a17662f4eb29,sebwouters_chemps2
670,d6c788e73badff4946ef702105e150b31c08c612,sebwouters_chemps2
671,d6d416c26cdaac3eedb3eadb3cdb2c1cf864a572,sebwouters_chemps2
672,d7a2bd0d68562ea85a86bb703f373be69cc2bcf6,sebwouters_chemps2
673,d8634ed8de0b89876ea59735a752bc23b121f0fc,sebwouters_chemps2
674,d8ac508d87517d5b47f1961438c5681d96b89760,sebwouters_chemps2
675,d8aca4722c6737697692fc20762af97ae331c3a2,sebwouters_chemps2
676,d8c67b195ddd815ccca32eff31ca43af27699227,sebwouters_chemps2
677,d9754bfb99fb9dee7d7d39fce59bd1fbdd5ea0b8,sebwouters_chemps2
678,da0365f6843de8b5087c0ec4602f8aac28b91572,sebwouters_chemps2
679,da1e64e0c934227dbbba19a8bfbb9e15693e8a1c,sebwouters_chemps2
680,da5cc9994684552498b3f0b17f8a654c3116c878,sebwouters_chemps2
681,da74fc2b2f3724dc4f015babd09a4572fda7ba0e,sebwouters_chemps2
682,db5a2ed4a8225c7b26a229ecf4160d0a3a4f64ab,sebwouters_chemps2
683,dba6376fce582d48c7dfa02d4f4ca74735e534f3,sebwouters_chemps2
684,dbf21d75897bfd3bfcf97c09eb8d77fd8069621e,sebwouters_chemps2
685,dc0c33ac580cc53691fd9f49b7916e8b1f5c8ba4,sebwouters_chemps2
686,dc4d22dc893fcee4e2cd4bc7c836f3e7443a1ad8,sebwouters_chemps2
687,dcc371f1639db1d71662f26992f1c319797797e7,sebwouters_chemps2
688,dec756aaf82f019ca75b38a9023005f01da6ea2c,sebwouters_chemps2
689,df238431d85f869a9414a674b727a3af3e042cbb,sebwouters_chemps2
690,dff6387c3c2394f71da95e0238208cded50a38ae,sebwouters_chemps2
691,e0393468af2bf845ecc42455ff53e8f234fa305e,sebwouters_chemps2
692,e068aabca74295b5cc2267f635982ff37a8e32d4,sebwouters_chemps2
693,e085a5d2b9228389ad6429e9bf0c67217b9a71f9,sebwouters_chemps2
694,e0ce1383b8dc5c5aba278e59f7225dfc8f9f5c2e,sebwouters_chemps2
695,e0d04d74f67572b3898e2702734cd18aa1d727d7,sebwouters_chemps2
696,e124374ba05faa93bf7fe4d96e9125ba48a5fb3f,sebwouters_chemps2
697,e182a2e34b9af76304cab8cf4ff3d802b030c223,sebwouters_chemps2
698,e1a8b50c36399306165c129530f138388478fad2,sebwouters_chemps2
699,e2510a1d6623d97a5809ffd84d0e716bc1405e1f,sebwouters_chemps2
700,e26b304a3bf014cd8ece86dcfbe30cbec34d31e5,sebwouters_chemps2
701,e2f85a8d842359e00bc07208f8fd94b306f48820,sebwouters_chemps2
702,e46511819660b958d8bb94e315232a30d0edd434,sebwouters_chemps2
703,e475a7a8f8b4cdcc8df87ed339df503e4b65bf67,sebwouters_chemps2
704,e4e055d58dc6a3d2db200210ede268ddad3689c7,sebwouters_chemps2
705,e52c1dd0027c1549bcc9c6381cecbe51981f30d4,sebwouters_chemps2
706,e53a8873461b502d7f188eb84b7991dd9d7d91a6,sebwouters_chemps2
707,e5bc48c820d45f3482cd9cabd30b0a1a30b5a54a,sebwouters_chemps2
708,e5c1a05baae3df953170b132e34a9d3785afdc89,sebwouters_chemps2
709,e63566474c9c21201c7d791474d0d8ccbddacacf,sebwouters_chemps2
710,e63f11c6cf53a6434ae9a1f5278ea218517e2f2f,sebwouters_chemps2
711,e6509e17686ea34ecfdcf49af0c7a24d565f19ef,sebwouters_chemps2
712,e6931216ba96fbc325ad0ab4ed8dc715155267f7,sebwouters_chemps2
713,e787e11c8370c98203ffe61ab00e61ad9cc55745,sebwouters_chemps2
714,e78eef6675e41aad6f5e5f9d2009113c269d384c,sebwouters_chemps2
715,e8b0c4a4a8b003d0caa753f52028c7a37c219b84,sebwouters_chemps2
716,e8d8a93657907011f1ebdfb3ed7e9b85114bdf43,sebwouters_chemps2
717,ea34df86c205065882b0adeb7d77cad47c7b9a27,sebwouters_chemps2
718,ea571682a326f09663cfa52657a1078b675b186f,sebwouters_chemps2
719,ead57ee28caf102ca8c9a1af3997a5149b910799,sebwouters_chemps2
720,eb266951a9f2e14e4ffdbe66319b93787b4577f1,sebwouters_chemps2
721,eb31756c0fb54fdc9747d1300c20507fbcb20a6a,sebwouters_chemps2
722,ec07440781221e8c1df2777db10d31541af8c8e3,sebwouters_chemps2
723,eca87eafe444ca779ef6793fd448da09a73de46d,sebwouters_chemps2
724,ededf9a9774a057fc95f386e9430a6479706ee83,sebwouters_chemps2
725,ee5c2684881a1f4bbc46e6d8e2695cb907e5f35f,sebwouters_chemps2
726,eeccf4e636463745e8e21422267d39564e85a072,sebwouters_chemps2
727,eedb60e7a47424cf50d632f2057459567a60d3d8,sebwouters_chemps2
728,eef6068d21a46db9354649434068946b82a3ea80,sebwouters_chemps2
729,ef2cf7c4802f97d375b24ec0c4bff39730b3c987,sebwouters_chemps2
730,efab55f5ca806a3dbbe769f64c1c21d2f943a926,sebwouters_chemps2
731,efc4f865e11710641e2b502855cde93bc989694f,sebwouters_chemps2
732,efe29cff00703f96ed12f05338720ed1b77135d8,sebwouters_chemps2
733,f00932280fb1e814e7cec7ef6d6d75c6d6b3f434,sebwouters_chemps2
734,f0953199263ee33f0bfbb1e807d41a31b305f3af,sebwouters_chemps2
735,f1190b14a0eb108a54b51b432c770eaddf3892f8,sebwouters_chemps2
736,f12b976434e3087e6e3915347fb1f0e8fd536602,sebwouters_chemps2
737,f155cd493a274f2ca0d9626928d25fbb502c9c59,sebwouters_chemps2
738,f179ab9067630f84902aa46cea753375a212c7fc,sebwouters_chemps2
739,f18577c4dbfe877e3425abac47446c668bdb609a,sebwouters_chemps2
740,f1b7989226892db7369f3ebb2e97722bc69314b4,sebwouters_chemps2
741,f1c8965238c2bfa2fcd3418364483564dece618b,sebwouters_chemps2
742,f1dc986769bce0badf7c1984286cc15e31011ca8,sebwouters_chemps2
743,f259ba4ab5bc62813a4ad788e09459d7e9600b1c,sebwouters_chemps2
744,f25da620ce4adcaebf58e3dd090d92a5a71dc0d2,sebwouters_chemps2
745,f32ac880b6f0f8bb46b6089f8ad0312f7b1ca2e8,sebwouters_chemps2
746,f36388d0e2410c2292d9b6c185db683b048c70df,sebwouters_chemps2
747,f36e7050ad023cfc1d005f44b4d2b01c3be29e21,sebwouters_chemps2
748,f3b8d60887a5467f47e6dbbd40435868f8ea5ba5,sebwouters_chemps2
749,f438ab9cfa955b2652a3de2935e26eefd1e59fcc,sebwouters_chemps2
750,f44f9df31e1b62ba809ff6bcdbb358ed9a0ecc07,sebwouters_chemps2
751,f4710e2aed68e07aa752fcabd098307a66d2aa35,sebwouters_chemps2
752,f486903feef026d5f0b19ca7f514666bc36e9757,sebwouters_chemps2
753,f4a3414556571cbe69f64a686350bfa98d844cb9,sebwouters_chemps2
754,f4e010dc976c67c203b9dec5b8c4dd7bbfac9199,sebwouters_chemps2
755,f4f1952f1ec2f66fc59f9557c2adeb9b0deb0a54,sebwouters_chemps2
756,f502d80f5d9c758642dbd9a0d1feb02b5b5a4e57,sebwouters_chemps2
757,f52774081966fb0972976c381bcdfe2b25e8ea94,sebwouters_chemps2
758,f536ec6866c4602016143b5159f410a16ce41f4c,sebwouters_chemps2
759,f59e303dfd8d0b6b11bf15cfa37537c1b36eb60f,sebwouters_chemps2
760,f6108125dcb776a9cf25f79452f709a93ff19ae0,sebwouters_chemps2
761,f613bb4cd631e0cf8f0fbfc37df0aa37afc57a4d,sebwouters_chemps2
762,f62991291b27ba6e70527de5a6038d08c321487b,sebwouters_chemps2
763,f641c13076f48672298a7d4d6b13c27835f52bf0,sebwouters_chemps2
764,f70eb270303fa8510c544568769d21ae21160091,sebwouters_chemps2
765,f73b0fdfdedc57779b5e25dee59a61f3b776c516,sebwouters_chemps2
766,f78de456b3e645ea827ae4edfa2aac2f944e31ae,sebwouters_chemps2
767,f80b11873df6e430bc79d7df76e5a9b43e8f944b,sebwouters_chemps2
768,f8ad37cbbcfe4a26bbc9ae1bdc14907edd2ef6b4,sebwouters_chemps2
769,f8ae0519672a331940a06da5a683ad705921585c,sebwouters_chemps2
770,f8ddf8915c1caeb965b5bf66dcc3ea74fb45be88,sebwouters_chemps2
771,f8f414f4ab924277df7ea597d32d78b11148ad28,sebwouters_chemps2
772,f8f98a7be1090e4194acd054bdafd10c804b4670,sebwouters_chemps2
773,f9450c0dd60bc5ae1c7ebd130cc364c24edda022,sebwouters_chemps2
774,f955d4c76b607934d5da17125ff71500d7b45b59,sebwouters_chemps2
775,f9c233a7b626c3b3810084c5c5e4db260d9f0167,sebwouters_chemps2
776,f9ef1316bafc494c7e0a3313e908e94de666944b,sebwouters_chemps2
777,fa9858981ca451625184c80eead1ab55551a96d5,sebwouters_chemps2
778,fac4f4fc6372572c01454b5affb7de47a2c4ffb0,sebwouters_chemps2
779,fb36176ca94b5498e2cc44447637d2f61e44d226,sebwouters_chemps2
780,fb4613c49e8481e14b824007cdf6f933c2c435e3,sebwouters_chemps2
781,fba91843b9c58c729002150881c364675307c8a0,sebwouters_chemps2
782,fbf9a9c04718e10c0b6cbfad29cf38a0bdfd9614,sebwouters_chemps2
783,fc0aee37586a00f18327d318fb5cf61e9a98be00,sebwouters_chemps2
784,fc720f131222ea170ea26935ce1ac04dbbfe4603,sebwouters_chemps2
785,fc77bc4b40a996b94ecf371c1fdfc4215876a144,sebwouters_chemps2
786,fdfb63445772bc664ddef2d1d59344503f4566b4,sebwouters_chemps2
787,fe7dc19f0a4bc71f9cecfc3e9ed74d2de721cc78,sebwouters_chemps2
788,fedf2633b4ba99a6e1c1d405254c9317f1430893,sebwouters_chemps2
789,feee26bfdbd5b773ac942c0d0c8c9964cca622ee,sebwouters_chemps2
790,ffdf12616e84659f7184a557748c6ceb70473f3a,sebwouters_chemps2
0,00471bedd35840ce2e7adbecbd64f1edaf6f49fd,f-fathurrahman_pwdft.jl
1,005306f182a4698dc406b52a7302a149ce855b03,f-fathurrahman_pwdft.jl
2,005ac65a8b80006de4658b4aaccacebf3d7acbf9,f-fathurrahman_pwdft.jl
3,006785cadfecdba0580ec1b82e328506cfab143e,f-fathurrahman_pwdft.jl
4,008191e32f9bbc65f055a5e9c13ab492093626d1,f-fathurrahman_pwdft.jl
5,00b1fb6647679b4096738acc01256b405205b1dd,f-fathurrahman_pwdft.jl
6,00dade6955ee00db6391bfab395301ce65bb214b,f-fathurrahman_pwdft.jl
7,00fe94a617171918a747db5027390913ad254d6d,f-fathurrahman_pwdft.jl
8,0108e21f9e12963d841bcfd2a0c4630b4662dafc,f-fathurrahman_pwdft.jl
9,011507faf71266bdd2712ef9b95b807024cf4b2c,f-fathurrahman_pwdft.jl
10,012efdc3c0d161c2ff39e30dd77e11ec68a41fae,f-fathurrahman_pwdft.jl
11,015c4b62df3522676da815743bcf87123b21ca40,f-fathurrahman_pwdft.jl
12,015d02b5a66fdd830bcdee2727d0487161964818,f-fathurrahman_pwdft.jl
13,0162288fb3e4cece4db3f22a1d9aaeecbeb4452a,f-fathurrahman_pwdft.jl
14,016d13dfc071f788774adf569fb564766ec58975,f-fathurrahman_pwdft.jl
15,0172e4a5a43f7a27d7cc34b6af286232cce67c55,f-fathurrahman_pwdft.jl
16,019761242ed0d8529916ff82828ac52aeeccde28,f-fathurrahman_pwdft.jl
17,01a1ed1e3f785d9ee3ae83a2981de86ba1a659af,f-fathurrahman_pwdft.jl
18,01d0c710f25789bf697410d67bcc46363f0ba4d2,f-fathurrahman_pwdft.jl
19,01ffff3b43f9eed00bb62a973239dcbd2b48c4e7,f-fathurrahman_pwdft.jl
20,0276318b77368aec5ca1c299ac6b28a2298938c1,f-fathurrahman_pwdft.jl
21,02a652dfdac58b6dc117f220c6f6d142927956b4,f-fathurrahman_pwdft.jl
22,032bf4b5b1344778a835daa6bdf5bf7607fbbf8c,f-fathurrahman_pwdft.jl
23,0389c559b75a6f7c4b82ae156d972467bc3da188,f-fathurrahman_pwdft.jl
24,039e5337065d9a4f2fca79c3ee286cec2750b5e3,f-fathurrahman_pwdft.jl
25,03b0a20a850dc238610925a04fcb109954c618d0,f-fathurrahman_pwdft.jl
26,03cac164be148cdf76f86aa99a330d521672e83d,f-fathurrahman_pwdft.jl
27,03f645bb2999d868bcd0554ba741bf9bd4da7d29,f-fathurrahman_pwdft.jl
28,03faeeaee5dd599f47d55e39f58acdf4825e42c7,f-fathurrahman_pwdft.jl
29,03fd601e7b9e9a461843998882d7e7a50cb11eb9,f-fathurrahman_pwdft.jl
30,040ea45387f266993f4121d35dea66189f67f9ec,f-fathurrahman_pwdft.jl
31,04450c58738a47c049a7e28601ffc8b35ccc175e,f-fathurrahman_pwdft.jl
32,044c93c58139b3bcef7f7e583ebf9ab7aa1149dc,f-fathurrahman_pwdft.jl
33,0462b94bd41d75455bb3aa58ecdd953cc436d982,f-fathurrahman_pwdft.jl
34,04697aa7af9145424641ae0c3ae367bf406e60e1,f-fathurrahman_pwdft.jl
35,0493e8b44c274c119f760455136f1955ce7d8d70,f-fathurrahman_pwdft.jl
36,049dbab0c9d3565b699676b02f62a28563fb3ab4,f-fathurrahman_pwdft.jl
37,04a9fd5fd7c9c6090a316cf3ab3c449a8404e4f3,f-fathurrahman_pwdft.jl
38,04b7114f5e73abd134568d466e8c0da3e5512e2e,f-fathurrahman_pwdft.jl
39,04c12b9247fd3e573b0346058c90dbb0e9c528ef,f-fathurrahman_pwdft.jl
40,04e336b5918494b2ebf24e5818c7c4d08a906161,f-fathurrahman_pwdft.jl
41,0517efc006688ee7be837c15d6cd8acd640a401e,f-fathurrahman_pwdft.jl
42,05388549aead91750740d88d732bf0b201057853,f-fathurrahman_pwdft.jl
43,05580d5f0076532b217ab05dba7604017beed58c,f-fathurrahman_pwdft.jl
44,05752eeaaae253a0fac69876b1fe1bb49689d017,f-fathurrahman_pwdft.jl
45,057ea2fcfca937a07e71cebc96acd8c3656e6011,f-fathurrahman_pwdft.jl
46,05a9af7e558c504b74e6796bca7c3ec12e8ce8ce,f-fathurrahman_pwdft.jl
47,05b06dd6564f32acfa31e16b629413e275f8411c,f-fathurrahman_pwdft.jl
48,05b2d8dc4f3e2708bf93edae2f3bab8bf6d6b18b,f-fathurrahman_pwdft.jl
49,05bf11ddb7a1ad665959f6143fcf9a05fc39d1e3,f-fathurrahman_pwdft.jl
50,05c36df2f269873e6bbd71a9e237ca32910c1f22,f-fathurrahman_pwdft.jl
51,05c7fe15d61cf84e08215c46d3119da521b6cff1,f-fathurrahman_pwdft.jl
52,05cbb2243c6b47bd2bbb902ff71c8034801b8094,f-fathurrahman_pwdft.jl
53,05d6749152ca494a2687f86f7add24057a206fc7,f-fathurrahman_pwdft.jl
54,05e821bb1ed7246139605d00d3dd3bdfa49cd782,f-fathurrahman_pwdft.jl
55,061b1fa921b0dc3ecfdcecd688e42100480a3a9b,f-fathurrahman_pwdft.jl
56,06216013f79f8053c720728d36d2b6862a773a8d,f-fathurrahman_pwdft.jl
57,0623bec67e03f007a0a8d13e256a0cd293c0fb48,f-fathurrahman_pwdft.jl
58,0627e239e59f0f1044497999bbaaa80b9db0bd6b,f-fathurrahman_pwdft.jl
59,06625328e03fd5aeccccebc18cd5b5ae1d319220,f-fathurrahman_pwdft.jl
60,067f34624dc748d2ae364d22400a84ef26aee241,f-fathurrahman_pwdft.jl
61,069cd87a13b50a20cd057f521797f5f32c7779f4,f-fathurrahman_pwdft.jl
62,06a1c9ff561f3b3434675b8364cf4f5bad9ec291,f-fathurrahman_pwdft.jl
63,06f067f90be300826616940f3c87e2bd17be1212,f-fathurrahman_pwdft.jl
64,06f2fda33cc4958adf2cf1e2eee59f647704a558,f-fathurrahman_pwdft.jl
65,06f6e54761bc4585212fbd2499a550777d26b721,f-fathurrahman_pwdft.jl
66,07018a3ae34ab2d0fe3bc7e6f65c5233c6a01a71,f-fathurrahman_pwdft.jl
67,07249694dfafcbe102593818a38f4b62aa4d847c,f-fathurrahman_pwdft.jl
68,072e6fb23a280cba792996130346d15405f5b133,f-fathurrahman_pwdft.jl
69,07358af10fe0f0c150dbb117c2f7f40df4d20362,f-fathurrahman_pwdft.jl
70,074579eb8e698f799b7891d57d7c13c8100ce42b,f-fathurrahman_pwdft.jl
71,075f19db020d9bfae39651cc198b00f27b95050d,f-fathurrahman_pwdft.jl
72,077bd209291b3b1eecb0954cc73b339d3328baca,f-fathurrahman_pwdft.jl
73,0787c7b1461b76d062cd72da8513b2895f4661ad,f-fathurrahman_pwdft.jl
74,07a497135bd8dde838ea3d0867690a480ef01e6f,f-fathurrahman_pwdft.jl
75,0817b0c0d3b5bae58206e0e05a54b34994817550,f-fathurrahman_pwdft.jl
76,081e6ff7725e87ae483ce63535b7a7b70d5dfcaf,f-fathurrahman_pwdft.jl
77,084789ac5db9e8c89c0475a6a32a0ce217027a68,f-fathurrahman_pwdft.jl
78,087cd28abbe3518b22deafbeeef21ab218fbd14e,f-fathurrahman_pwdft.jl
79,087deda5ec5267314f2bbec1501a8ca9f2754d36,f-fathurrahman_pwdft.jl
80,08bfbb8f5203e28b33640ce11dc278c58698670a,f-fathurrahman_pwdft.jl
81,08c6345d9de8ab01ba2c0fcebe429491f67aa0b9,f-fathurrahman_pwdft.jl
82,08e6d12a3bf6e07f09cf9aeb025cbd7dbf367ab4,f-fathurrahman_pwdft.jl
83,08e8abd00d30f0ea99390eb157440f5c141fd1fc,f-fathurrahman_pwdft.jl
84,08f06ad42c468d0979d9d233850c8d6a16be352f,f-fathurrahman_pwdft.jl
85,0904a21ecfc5c3d36949a6e2ab596a246562f12a,f-fathurrahman_pwdft.jl
86,094174e4f4e11440a463a1d5498de710704ae1d7,f-fathurrahman_pwdft.jl
87,0950b673f75110b64c94ed2f3e28fa44f6ababf2,f-fathurrahman_pwdft.jl
88,09b048f05d8cac4b7b0f7155b0c5cfaa986d3a52,f-fathurrahman_pwdft.jl
89,09ca27a16ecfece3d0a54d4245f13483150243df,f-fathurrahman_pwdft.jl
90,09cca2c8732d759861e0e470c2418838a134ea75,f-fathurrahman_pwdft.jl
91,0a3a04d4ad1853baf73471855398e2d010ec1005,f-fathurrahman_pwdft.jl
92,0a5a5da1a6635517c4a2b6d904fb71e27a94cfeb,f-fathurrahman_pwdft.jl
93,0abb80912f5a3eac5bbfeda2b14470038af864c4,f-fathurrahman_pwdft.jl
94,0ac5bfc17d30f385af7ea7f6d8635b4ec83f47e1,f-fathurrahman_pwdft.jl
95,0ad4ee608f9a1c0cb4a9b9eafbc99e7318d812fc,f-fathurrahman_pwdft.jl
96,0aec2ba96c8d3fea81427f061b19b30234b5b119,f-fathurrahman_pwdft.jl
97,0b056024ca4bffb69a5bc9470bd71210ee3aaf37,f-fathurrahman_pwdft.jl
98,0b2959b549f146903bb55169955c73e1f5e78468,f-fathurrahman_pwdft.jl
99,0b2f8cc039229f8bc3852e8f7442f74620729d68,f-fathurrahman_pwdft.jl
100,0b46154413d47d73fe86d60765fccec17e393899,f-fathurrahman_pwdft.jl
101,0be19c1904ee2f73af0e4fa46099ffca6babf43b,f-fathurrahman_pwdft.jl
102,0be872effcd685d84ef0249704535571c2a6accc,f-fathurrahman_pwdft.jl
103,0c1e1fd6b9a988bc5f82f47f4290c0f52bc006a5,f-fathurrahman_pwdft.jl
104,0c2b0a757151724303def0fc7f03963394ccfbe5,f-fathurrahman_pwdft.jl
105,0c68c263fd068a85ae46fc9367e6d8ff6d4d36db,f-fathurrahman_pwdft.jl
106,0c7261081eaa00e4586c7d3aa156413624e0e4b2,f-fathurrahman_pwdft.jl
107,0cc61b6af81f4a019966f30b8d9eadec511a0a5c,f-fathurrahman_pwdft.jl
108,0ccadbe079472d49a9dcf91af3fa5fc3990281d4,f-fathurrahman_pwdft.jl
109,0d122583b84058b37385479db9d0a92a8801afc1,f-fathurrahman_pwdft.jl
110,0d4546d771e49b1ebaeba68a84e2290179f185bb,f-fathurrahman_pwdft.jl
111,0d4fb399118aa6fc59d05acc6ce474b810776229,f-fathurrahman_pwdft.jl
112,0d670eb497737e9a472b33ef3d0a7b76f099bb71,f-fathurrahman_pwdft.jl
113,0d784c3f0674d118c05bb2216e4a2436c1532eb2,f-fathurrahman_pwdft.jl
114,0d7e1e66741128b031a1c8f8c1e7b6ea51db3c98,f-fathurrahman_pwdft.jl
115,0daf575b0cfd2b48611938bea3bd1eee7e0603e1,f-fathurrahman_pwdft.jl
116,0dfe4d8ac0866d63f72b856133aa0201dc624ac2,f-fathurrahman_pwdft.jl
117,0e39e481d21b68b3e9b66cf2ef8c36bdd42bb69d,f-fathurrahman_pwdft.jl
118,0e480e77f9f5c758aa568e15a54d982e39a7afaf,f-fathurrahman_pwdft.jl
119,0e4e50a90775166227492b789a53799569436664,f-fathurrahman_pwdft.jl
120,0e5f75c9951d9f8bb1bc9d6e8700f7a32c902dad,f-fathurrahman_pwdft.jl
121,0e70b07251dc0a268d15858f00cecb5e5053d776,f-fathurrahman_pwdft.jl
122,0e72f333cb5f18db4a41d9a83680e2a5907597f1,f-fathurrahman_pwdft.jl
123,0e7ce7409c4ea08a0d22a58e2b87810dbae42310,f-fathurrahman_pwdft.jl
124,0ed8d357836efa956805939a605258af08e681e1,f-fathurrahman_pwdft.jl
125,0eea43c656a44cc57c8777f779daaac7393908f8,f-fathurrahman_pwdft.jl
126,0f24f42c2b54ea01d00bc5224295df4125954e2e,f-fathurrahman_pwdft.jl
127,0f32baf60c7d97fd7c59174dd7156bd8f2728ad3,f-fathurrahman_pwdft.jl
128,0f4812bdf2db8cfdea0e23c1ee632a0b758f05f9,f-fathurrahman_pwdft.jl
129,0f6de46df4ed5eb5fbb570e1706c437c2e7284af,f-fathurrahman_pwdft.jl
130,0f77a679212f0cfa8caa58457e36e2ebef1f6806,f-fathurrahman_pwdft.jl
131,0fa2ce6513f26a249b1c35301853edabf4afdb99,f-fathurrahman_pwdft.jl
132,0fad0d7c1d20d47546a9286f1a3f15d54fe98ec6,f-fathurrahman_pwdft.jl
133,0fb3c4c239cf782163faaaee82d7232378a2b76e,f-fathurrahman_pwdft.jl
134,0fb3ef6b61a6e30fdfc355edf903d72181f00556,f-fathurrahman_pwdft.jl
135,1013b2e97394328c2d6cab288c146ca97d17be99,f-fathurrahman_pwdft.jl
136,1025cafd35b619e66a5360c71dfc0fec728c5cf6,f-fathurrahman_pwdft.jl
137,103250c98e7f7da76462de50dfd82c2e4fd38aa8,f-fathurrahman_pwdft.jl
138,1052d1a075da594a399465d4f6fa15e195d4ca51,f-fathurrahman_pwdft.jl
139,1054b709f5911bad20dc5d00f316c5f645cf47be,f-fathurrahman_pwdft.jl
140,106dd0a93266bd8442c1d2030c6bf995f8f4c5e7,f-fathurrahman_pwdft.jl
141,1079e84fdee4b14a54c77748ab04d0be9d3a9c7a,f-fathurrahman_pwdft.jl
142,10b22e8f24871e4a33b154631a1c0d62843f1892,f-fathurrahman_pwdft.jl
143,10c2c312504dfa25bcd7be1727385589b2b00460,f-fathurrahman_pwdft.jl
144,1103ac7c8059412645e376099b5614e5df25fdad,f-fathurrahman_pwdft.jl
145,1105852b64a3c6e3a9810838caa83ddb7d45f443,f-fathurrahman_pwdft.jl
146,11586d469bb0beeea2a26c49bf341086a6df6fa4,f-fathurrahman_pwdft.jl
147,116f2498d8dbd0c78e7c1b7ca58eabe1e22c963f,f-fathurrahman_pwdft.jl
148,11c23e5e4f48673e5ec4cdf67f5128753913c56d,f-fathurrahman_pwdft.jl
149,11c289f1193d4e46290530c4e7c13f6ffd6956e4,f-fathurrahman_pwdft.jl
150,11c60bd0ae7718bb507f018eb26d3122ad0a7306,f-fathurrahman_pwdft.jl
151,1200851612859fb8cbd97464ebb5723866887db4,f-fathurrahman_pwdft.jl
152,12261a130697a200ba6e17b7da8425beddf60ca6,f-fathurrahman_pwdft.jl
153,1242a0092ee060e8647e4112c874793babf909e3,f-fathurrahman_pwdft.jl
154,1258698f548a15dbda8dba674974e369fe310bbb,f-fathurrahman_pwdft.jl
155,125912b17dce1e1f485b6f5a6b9890cee4871f2e,f-fathurrahman_pwdft.jl
156,128598536706a41bf46e2f0a34fa793f18b57560,f-fathurrahman_pwdft.jl
157,128a63d677508f50c26754034927a638e485c137,f-fathurrahman_pwdft.jl
158,129a8c1f08ab1cc374df76f6418f21b017b5da31,f-fathurrahman_pwdft.jl
159,12c07e9e1bad7e47ade737d59a9c7e7fff822633,f-fathurrahman_pwdft.jl
160,130269b95932002447d387d705217dc2eeb07efd,f-fathurrahman_pwdft.jl
161,13175e4d46a6adfedef35f60118afd63dff594f6,f-fathurrahman_pwdft.jl
162,1332c5bee3787bbeb558ac6ff77856b321a66bda,f-fathurrahman_pwdft.jl
163,134ef7a74f33f994cbb2904d4c7d2137790eb974,f-fathurrahman_pwdft.jl
164,135de7ddb259aa2e873756cb1e0b9030b3767e59,f-fathurrahman_pwdft.jl
165,1375db3516ca87e06a0566cde8edbb0e7705c15d,f-fathurrahman_pwdft.jl
166,137e0ba2ed61b8b34bb3af1934d28b39473167c1,f-fathurrahman_pwdft.jl
167,13817585e0611660410b1ca97e4662dc4df1e38b,f-fathurrahman_pwdft.jl
168,138ce5d8eef9907cc52b33163f879a41839851dd,f-fathurrahman_pwdft.jl
169,1396dc804366665434b645bf378f56b0c2bfac85,f-fathurrahman_pwdft.jl
170,13b2e74e5ea167cff409c2c16ca9052654708c48,f-fathurrahman_pwdft.jl
171,140f7f36f142a80651d6c7f69e168682bcb65bde,f-fathurrahman_pwdft.jl
172,141f07ee55fd45bd5d49ac15227a98e1acda5ced,f-fathurrahman_pwdft.jl
173,1443d69bc2ed88498e81d81e9db6d4cad21fe074,f-fathurrahman_pwdft.jl
174,1453a240196d862a953a0088918a1a3c2e29ea77,f-fathurrahman_pwdft.jl
175,1460eb5a17d8909b376d3b298970ac181dfc6b86,f-fathurrahman_pwdft.jl
176,148155981bbf4d46b14e123f369fdf25b7cbd72f,f-fathurrahman_pwdft.jl
177,14ac3a980f3af29b5c85185a535f6f7b30180d2c,f-fathurrahman_pwdft.jl
178,14b8fa7659cf25069e8dec46624bb6c4d6692a71,f-fathurrahman_pwdft.jl
179,14d4bd5576468362d6781e2ee2987b2684598a42,f-fathurrahman_pwdft.jl
180,14e102dfb086c9a5e315d93bd16738d3f810e632,f-fathurrahman_pwdft.jl
181,14e343ac9ab9a97f0a60155ac44e9a1955a1fb53,f-fathurrahman_pwdft.jl
182,1506e3554e38180df600c72883134a1266dfe567,f-fathurrahman_pwdft.jl
183,150f691b14d6a9cf02b42bad666ea00d8be06417,f-fathurrahman_pwdft.jl
184,151e9518d8a86091d4bc94230165e82db8ad66c7,f-fathurrahman_pwdft.jl
185,15209e949b1f68657c756333f44aa87c910e71db,f-fathurrahman_pwdft.jl
186,1521e3b3273ee5ea42cf041962ba67d42d593c56,f-fathurrahman_pwdft.jl
187,1536ed1eb24ebfff98e83a2e1b166a17225c2f44,f-fathurrahman_pwdft.jl
188,157a42e0c78d65dfb961d3ba5b7e8526ebb7d57c,f-fathurrahman_pwdft.jl
189,157d97bc5d9e03bf4ae98298f2cb72f60835a892,f-fathurrahman_pwdft.jl
190,158030278e5b581268bc316f505329a9be8876ed,f-fathurrahman_pwdft.jl
191,15d94112e49a65ef90cd4094fba2e07b6ba67136,f-fathurrahman_pwdft.jl
192,1617ca530625bd97017ba9b65257d776df73f7e1,f-fathurrahman_pwdft.jl
193,1630e5a96337088a455a26f544243f38a479ee52,f-fathurrahman_pwdft.jl
194,164a36e2853b24b717457d27e9687550cbec34f1,f-fathurrahman_pwdft.jl
195,16c52ac5595c3c44f5b2320aad1eb62603dacdef,f-fathurrahman_pwdft.jl
196,16cd11ee4910218b76c6f490ce4ae7cf903012d2,f-fathurrahman_pwdft.jl
197,16f9116f3e083c77cd6516490dcf3e523a6d5949,f-fathurrahman_pwdft.jl
198,1700cb216604d52e143cc625f6911175b33e5410,f-fathurrahman_pwdft.jl
199,172708fa46a7dc8d09f72197bc297b1588f6fdcb,f-fathurrahman_pwdft.jl
200,178281e9cb2741b9aa2c241661a288ef8de8b930,f-fathurrahman_pwdft.jl
201,17848c26891bcedbb5d7a7105146c9849e3d7828,f-fathurrahman_pwdft.jl
202,17ac8827d40663682f998f8240f2c7e798872b46,f-fathurrahman_pwdft.jl
203,17c360c80b53c1fbd5abaa4af9d6065ed616905b,f-fathurrahman_pwdft.jl
204,17eb4e40b4a9f06d456847800619a9ff2f4c6972,f-fathurrahman_pwdft.jl
205,180180bd4f420ca2e4c383a998e0febc67ba0e52,f-fathurrahman_pwdft.jl
206,181c09912f9c92d2a4b7cf0c6dec3a4db3befff7,f-fathurrahman_pwdft.jl
207,182ba201d0f1665bf1dc551c6d19cddf770c4e4a,f-fathurrahman_pwdft.jl
208,1858d995560544ec2af5018ca18db621b832476e,f-fathurrahman_pwdft.jl
209,185cbbcf5751c82d5a3f543db76ed92b8efed573,f-fathurrahman_pwdft.jl
210,186c39dbd35be9f8621864e7346bc20f40539048,f-fathurrahman_pwdft.jl
211,18c0818a445294cc7e9147e5b644c3ae7f36c07f,f-fathurrahman_pwdft.jl
212,1924373ed61ecf0465ae4a34cddd0d94e6aef7b5,f-fathurrahman_pwdft.jl
213,192f40fb52355586c37e1c799eb448d28501335e,f-fathurrahman_pwdft.jl
214,1940f16edf6e8db0d44d18ee78df4fdc3397fc53,f-fathurrahman_pwdft.jl
215,196af06aee24db6cb281b6f534b54e7adb814b7c,f-fathurrahman_pwdft.jl
216,197118e96af5d0f3147d9770432614b33dbbb48c,f-fathurrahman_pwdft.jl
217,1998d4685159483ac3567986daceeca0de32b345,f-fathurrahman_pwdft.jl
218,19f82280f6d9e559a798fa0f8ddbd991f720a770,f-fathurrahman_pwdft.jl
219,19f91fed8df3846c7e558ba9f294f6f127340c40,f-fathurrahman_pwdft.jl
220,1a32f7e0e0f8e934167e71fdeff52c344a1f29ae,f-fathurrahman_pwdft.jl
221,1aeacf9b49e250e457eef142d621f5abcba09257,f-fathurrahman_pwdft.jl
222,1b077c7fcfc4ea73b3d87a42fb6b10f049eb07a3,f-fathurrahman_pwdft.jl
223,1b07ec0270739158c537f818169314a509dbbecd,f-fathurrahman_pwdft.jl
224,1b10953aa8fb9e0c7c28dc8d624f490566dbb0f5,f-fathurrahman_pwdft.jl
225,1b5332a8e01e1a3bbbfea46053939ce63242716e,f-fathurrahman_pwdft.jl
226,1b5ab8fc67772acdc6249cbaa7f975500f07ddcc,f-fathurrahman_pwdft.jl
227,1b5cd996123591d83730d7fdfb682527bda1063d,f-fathurrahman_pwdft.jl
228,1b7d4644400957ae8b4feb4377087569988c01eb,f-fathurrahman_pwdft.jl
229,1b8fffd24ce2b0703e60397618f4ab41fd79831b,f-fathurrahman_pwdft.jl
230,1be6a4390158f959e16c65db8329820fba439895,f-fathurrahman_pwdft.jl
231,1c011b44ebe93bac44402194c52500605b6f0f79,f-fathurrahman_pwdft.jl
232,1c198b2547986b8f79bbc0ac6459eee94fa98c12,f-fathurrahman_pwdft.jl
233,1c205727815289587b542ae5d408d45b26c52cba,f-fathurrahman_pwdft.jl
234,1cbbca9a6839983a7ead0f1159e9018e47ae53ec,f-fathurrahman_pwdft.jl
235,1cd5dfcc3a14982b8c91ebbae2021d156beb5e9f,f-fathurrahman_pwdft.jl
236,1cf0240eb0ce296ee1c6011dc122c56b535e4196,f-fathurrahman_pwdft.jl
237,1d6ccb36fc7268a385498f94e86d337eae0eb3ba,f-fathurrahman_pwdft.jl
238,1dcc05cca5a18cd1415c29bcb19634764cbe115e,f-fathurrahman_pwdft.jl
239,1dfed7ade03dae44a275eb759c42bfbdb73f4e1b,f-fathurrahman_pwdft.jl
240,1e047f414a2616dc234718f8739ff65d1fbd8137,f-fathurrahman_pwdft.jl
241,1e5cdaa5c3f25f0111b5ff9a80cb95445cfc6fcb,f-fathurrahman_pwdft.jl
242,1e767974d5b9a867ca9763b723484910486d84d2,f-fathurrahman_pwdft.jl
243,1e8a6ba1745e9362ba1e8570fa97f6fc31159878,f-fathurrahman_pwdft.jl
244,1e9ebf823de50b42fe59a55991f36213389ed2b2,f-fathurrahman_pwdft.jl
245,1ebfb65a76c968a99394042314e77fda5a7555e0,f-fathurrahman_pwdft.jl
246,1ed27cbe8c2c7412c9233f996fce9ae0fa92e838,f-fathurrahman_pwdft.jl
247,1ed4eaa846cfc4b6c19d053b43098556621ce27f,f-fathurrahman_pwdft.jl
248,1efbf1ccb4db8f47b2df07b55a4f490f2bac19a0,f-fathurrahman_pwdft.jl
249,1f65c2bc8405e33c81c18df958421b772b76488f,f-fathurrahman_pwdft.jl
250,1f69a7825e6d0664df8ee6d51a6fe440b48298af,f-fathurrahman_pwdft.jl
251,1f6f96333b7f535e5f884e64cc90f9aa28a50a6b,f-fathurrahman_pwdft.jl
252,1f7a190baff089432f7cf856a7d115d4e4c1ff4b,f-fathurrahman_pwdft.jl
253,1f86d4f89d04b870e6eea64fe700b6ea0fd61bd4,f-fathurrahman_pwdft.jl
254,1fa07b17a558bd7848a5644492f86b7bfc40d6ae,f-fathurrahman_pwdft.jl
255,1fc7d7cb94131b1f5cb00e224ad74e96c9573150,f-fathurrahman_pwdft.jl
256,1fcd3fa1882ee44ce9d5dd61328aef03327280fa,f-fathurrahman_pwdft.jl
257,2048fffcb7262fa3c36ea2948bab25c051e9090d,f-fathurrahman_pwdft.jl
258,204b09ce0581e6b15dbfd6c3aa2c39309c929f23,f-fathurrahman_pwdft.jl
259,204f32afc018e2b2fd643c222535616bbcb795d0,f-fathurrahman_pwdft.jl
260,207797b32966a7d83c58d4396b37b09b0b7e5b27,f-fathurrahman_pwdft.jl
261,208069f426756203db20ded57b41b8fd596ac860,f-fathurrahman_pwdft.jl
262,2097043275066a6afe526b57c8658959c1d8f36b,f-fathurrahman_pwdft.jl
263,209752dabc9b787b23bf93e508f0ca0b7bb0cb65,f-fathurrahman_pwdft.jl
264,20b968d5f2b1f8ae28fa061c2b93e0f458514487,f-fathurrahman_pwdft.jl
265,2103d4c8fda7293010db526da27d0a6dcf2b7206,f-fathurrahman_pwdft.jl
266,211ea6024cb6730db7b7ec831751cdfd0fa108dd,f-fathurrahman_pwdft.jl
267,2120b1234e47f76599e7e6d62dad0f02ee60d5c1,f-fathurrahman_pwdft.jl
268,214e5a8add3fc9a877501430ca88d084c91f91bd,f-fathurrahman_pwdft.jl
269,21951326c81bc6283cffa0e28d1ced8c086263f3,f-fathurrahman_pwdft.jl
270,21c97e18e155cf5dccc693de2a65038970b79395,f-fathurrahman_pwdft.jl
271,21ef5cd9866adcb7fba046cffefeaa89dbdcfa42,f-fathurrahman_pwdft.jl
272,21f83e43cc55cd20f741c16c36d02660ad57b5cf,f-fathurrahman_pwdft.jl
273,22049828047396d8d3cdefcfca2bd0f106c5268b,f-fathurrahman_pwdft.jl
274,221c076611e07c045d6e819c844025b9e2539175,f-fathurrahman_pwdft.jl
275,222b4e61a911f5acd324d8cae2fe6a4f0c777037,f-fathurrahman_pwdft.jl
276,222c719457359d0659a39bb4c30dc071cbf0a8ac,f-fathurrahman_pwdft.jl
277,225bc47c08fde7c95b7bbcc9f7f7fdc24c170326,f-fathurrahman_pwdft.jl
278,2283874c5d1c674e48e9f4ee6193a977a201f7c2,f-fathurrahman_pwdft.jl
279,228ef85b19721800d3a8e193cc09dda644d77015,f-fathurrahman_pwdft.jl
280,2293e25d40e647a4603df4ab61a4b5bf5a2188cc,f-fathurrahman_pwdft.jl
281,22e9c0ccaa58375d9387a621ad4ee78fd5a060ac,f-fathurrahman_pwdft.jl
282,22fc632cc32c20c9c525aa6497f81682fe35519a,f-fathurrahman_pwdft.jl
283,230868aa41aa74e2eae960323ae10022ba30127a,f-fathurrahman_pwdft.jl
284,230dc00c83050bbd8bf511ed31a4f0e71d2765e0,f-fathurrahman_pwdft.jl
285,232b9c442a05eb3e054aa53bbe37684c4e308593,f-fathurrahman_pwdft.jl
286,234d6110fb2164af440e5e0cac8ec0e683f5fbc6,f-fathurrahman_pwdft.jl
287,23850b1592dd1a60073071b132421b44ee2a191c,f-fathurrahman_pwdft.jl
288,238b42d093543796f3c58480ef9b6a4b50154f51,f-fathurrahman_pwdft.jl
289,23901c1bce87794ca9425d703e7e2c7251cfcef6,f-fathurrahman_pwdft.jl
290,2394e5c8776f3c5cf738bc11e8d61a2530f816f0,f-fathurrahman_pwdft.jl
291,239ba0c81dc2ab819942a9e2ad788d31de26c419,f-fathurrahman_pwdft.jl
292,23cc6fe354b0198f91f1549adb2c11baa12a59a8,f-fathurrahman_pwdft.jl
293,243a6a822048df4ac7994497ebe911c8bb20f3f4,f-fathurrahman_pwdft.jl
294,24cd4e0b3c50b43d8bae39298b3402e22da1ede5,f-fathurrahman_pwdft.jl
295,25004d3965bb6e34a5eda82a7b287023cb58145b,f-fathurrahman_pwdft.jl
296,2533399a5c577cb0ebc02dd3a9c5144f157b62ef,f-fathurrahman_pwdft.jl
297,254ae4ea3f36207c28303783570418d442e72a7a,f-fathurrahman_pwdft.jl
298,256cc8416bd0f480ba0901f27d3d58617a6542c6,f-fathurrahman_pwdft.jl
299,25a5b45fa8412a9e7b42cd6b07d0f5a4a3c638d1,f-fathurrahman_pwdft.jl
300,25cdcac0b771972d3e40e50448b5148a52c18a8f,f-fathurrahman_pwdft.jl
301,25d3dcdc20481876721936e344c0cd347e99ad4c,f-fathurrahman_pwdft.jl
302,25e40d8c11262c8b1d313119d4ac4f0ad09ae62c,f-fathurrahman_pwdft.jl
303,25ee5272e90a69d7813281ea82384bfe3588f265,f-fathurrahman_pwdft.jl
304,269e4271dba73925d7ee9e2b7cbfd8b776655fff,f-fathurrahman_pwdft.jl
305,26fdf2c964ae0c76f4b46c699c39fa40b07efe65,f-fathurrahman_pwdft.jl
306,270a947bc1704f4f250ecc605ea31f76fb25993b,f-fathurrahman_pwdft.jl
307,273086ef78b06ab68e525b5bf16bfec7d36df8cd,f-fathurrahman_pwdft.jl
308,273f49518a06fd180e328bf3dbac0205d93689e3,f-fathurrahman_pwdft.jl
309,2776a063b2e560f59a604bbf686a23fb8db3b820,f-fathurrahman_pwdft.jl
310,27921ef4c1b3595574d572e24595df583e1e8f22,f-fathurrahman_pwdft.jl
311,27972fcc60d386a24125672d4a58d261fe5da0d5,f-fathurrahman_pwdft.jl
312,279c040a3915f432276d13ee5239ad3e23ce90fe,f-fathurrahman_pwdft.jl
313,27f8c8a6a3f587b4120deaef2029b18248f57b65,f-fathurrahman_pwdft.jl
314,281fc96b52db46330c30904ba5ea2d8945bc3e1a,f-fathurrahman_pwdft.jl
315,28314519e0754e2e4e17ecadd9d1aa487280721c,f-fathurrahman_pwdft.jl
316,283a9124602e2ca6143f6baa1c9b023392402cfb,f-fathurrahman_pwdft.jl
317,28615c0be53366a9f91a41c0842a231ddaa04b94,f-fathurrahman_pwdft.jl
318,28a594a2c916953d9302d803c96025d185bd53a7,f-fathurrahman_pwdft.jl
319,28afe969316af95fad4e4210bb2389c004b8887e,f-fathurrahman_pwdft.jl
320,290872d0c66b4c1e795a4362e69385bd161f538b,f-fathurrahman_pwdft.jl
321,2911adccdebe58b1fce23ac48c947c5d03e7fd61,f-fathurrahman_pwdft.jl
322,29401870df1f0a7d695d3eaff432b81160b92b4e,f-fathurrahman_pwdft.jl
323,294989cecc76878264cd7cbcb66edf9b04368dd9,f-fathurrahman_pwdft.jl
324,294f69f3ba768a0dd56cff2a1c407a92cd873b40,f-fathurrahman_pwdft.jl
325,29a6c1e629a17866b49655e27ae7b0799df0cd72,f-fathurrahman_pwdft.jl
326,2a023336fd25d51965d301298346a54499f0ae1e,f-fathurrahman_pwdft.jl
327,2a37967b44b232a290f7b8df5166f0cfd257b5dc,f-fathurrahman_pwdft.jl
328,2a6e38b60d4a9fc354fa9c9cd87fce62c5486c70,f-fathurrahman_pwdft.jl
329,2a86b72954b9fa1311f22a46606f6e8edb9bf67c,f-fathurrahman_pwdft.jl
330,2ad6b98b8ae3bd50462bae42d2d35a14aa3e5394,f-fathurrahman_pwdft.jl
331,2b04852fe525a029690ac2e1f28428c3a315166d,f-fathurrahman_pwdft.jl
332,2b199d5ad6f04dca99fc9af965f154cd06b3abac,f-fathurrahman_pwdft.jl
333,2b66d116bac5eaf600b06da94e811655b26a6814,f-fathurrahman_pwdft.jl
334,2b8eb1623016358bb8181000cb2016adaaa79c75,f-fathurrahman_pwdft.jl
335,2b90d1233db8c6f2f4a84edd33028ae532f12ace,f-fathurrahman_pwdft.jl
336,2bc4062c38a8b643f9ac88e81bb2498a69fe3184,f-fathurrahman_pwdft.jl
337,2bf1b55b5c533b3ca748ee783c1334378722e629,f-fathurrahman_pwdft.jl
338,2c048e4fea83592e5cb26ac10e0f4e4cd5b5b80e,f-fathurrahman_pwdft.jl
339,2c2d7b7f71ae6febf3a0cb5225a979e719b535df,f-fathurrahman_pwdft.jl
340,2c3412d29d00c21352299ed3c6ff8d3474d9e34d,f-fathurrahman_pwdft.jl
341,2c996a09841127c183f71a5d91427208caf301ae,f-fathurrahman_pwdft.jl
342,2ce3f1c2b4c11758b9fd652917be24084d503108,f-fathurrahman_pwdft.jl
343,2cf190d3587697e4900afc79f75ec7ce534ad714,f-fathurrahman_pwdft.jl
344,2d15d5d7495b8e594882f957f6a69535773b0cba,f-fathurrahman_pwdft.jl
345,2d3c3e9a94f326ca94684787869eee2ac37c46b9,f-fathurrahman_pwdft.jl
346,2d4133f3f7314d8cdb1b87b8089850ee1e9c3e6a,f-fathurrahman_pwdft.jl
347,2d50fa05560a78b9965511935effb0e879681883,f-fathurrahman_pwdft.jl
348,2d6aa07af2c7d072886ee042470c49e9683d58df,f-fathurrahman_pwdft.jl
349,2d96697956677dfa219e952e4379019c90b7b9d5,f-fathurrahman_pwdft.jl
350,2dd6bcac3b62c8d1e239b8200dfabb1494dcafa8,f-fathurrahman_pwdft.jl
351,2de18d69a900063d6e9d63c2530586aa511b4355,f-fathurrahman_pwdft.jl
352,2deda29b845b1abc911c65b1a42d39205c2c75d7,f-fathurrahman_pwdft.jl
353,2df4183e6d69041928d1b09792672629243fc1ae,f-fathurrahman_pwdft.jl
354,2df5a63dc27605daabdac31578f9d4f115808416,f-fathurrahman_pwdft.jl
355,2df5fad42da8006e8c80d807e3ade99d072e1638,f-fathurrahman_pwdft.jl
356,2dfca99f9016a7304afe7d4ba0d1598e8651a18e,f-fathurrahman_pwdft.jl
357,2e17f097b553298be9701e7a39180af3c9d46d0e,f-fathurrahman_pwdft.jl
358,2e32cf412cef2d848c775f4759b6097298a238b2,f-fathurrahman_pwdft.jl
359,2e35720648dbe767af55a596a1ade5df8b66f02a,f-fathurrahman_pwdft.jl
360,2e3fa968f167c6923470d666338de1fdd2171b72,f-fathurrahman_pwdft.jl
361,2e752dc8f32fe3494c351828f054b39cbc1f2456,f-fathurrahman_pwdft.jl
362,2edd999ed62cb7ef7bf31bb20f4d328b42243e1a,f-fathurrahman_pwdft.jl
363,2ef295edde50cbf0b7b2904d36ccd5452b8fc3de,f-fathurrahman_pwdft.jl
364,2ef88560a485681e8d4afbcd166816154cc8f900,f-fathurrahman_pwdft.jl
365,2f055c356eff427f7d0e771fbeecc22cd9412a22,f-fathurrahman_pwdft.jl
366,2f5c0a4d3b78c8f74c0a59f7b666204851593e51,f-fathurrahman_pwdft.jl
367,2f6924e20b5f898fb4c089d2447e4d9762eb0db7,f-fathurrahman_pwdft.jl
368,2f8b2d98a6ece9fea9da6dc2a1ab09be89b73515,f-fathurrahman_pwdft.jl
369,2fdc93a19c3a96f66436f82d60f5030181fedc70,f-fathurrahman_pwdft.jl
370,2fdd53fbe0b48a06b146b26e8c352444db717044,f-fathurrahman_pwdft.jl
371,2ffcd6b309ce6510438fc999abbf117af77841a9,f-fathurrahman_pwdft.jl
372,3022b6d94b03b05f2976e0c5a773c5c1e6479a63,f-fathurrahman_pwdft.jl
373,302a38cab8b9f35f474e3b11a75b5c7b2795f31e,f-fathurrahman_pwdft.jl
374,3034a97d3c646cee6a908f0476d4d710df2eede5,f-fathurrahman_pwdft.jl
375,30b99bbe09a7ba91bdddd11f088d477507b838a0,f-fathurrahman_pwdft.jl
376,30bb553c19612d44fc2a415fefd3ff5e14b3b29b,f-fathurrahman_pwdft.jl
377,30c87fe1313551c2352a2d47ed19884a20f8e303,f-fathurrahman_pwdft.jl
378,30ed1589293ef4a06cd3e0bfd2248757943f972d,f-fathurrahman_pwdft.jl
379,310a0aa4a5c38b4c67d001d54fd893adc7e4b765,f-fathurrahman_pwdft.jl
380,31159c36c894d0a05730c9fe27eda62ba0236787,f-fathurrahman_pwdft.jl
381,3127e2bf851a1344870acf5dc7ac3cfc34d80c71,f-fathurrahman_pwdft.jl
382,3165fd50d4e0f1a0bbd023323143e79b67b11ec5,f-fathurrahman_pwdft.jl
383,31a567d22515add7f61ee148b4c4069eb21d547a,f-fathurrahman_pwdft.jl
384,31a603d4c17701645b83d00d48ae7b87e9b38de1,f-fathurrahman_pwdft.jl
385,31c8fa568d13a97157899b9344a91868ac3ef764,f-fathurrahman_pwdft.jl
386,31e63c6090cc6333aef2e2a519e72206dc2997f2,f-fathurrahman_pwdft.jl
387,3207cf276fc9dc89209b70cceb1c60a0b4834132,f-fathurrahman_pwdft.jl
388,320823ba531d43b7b48fdd38042dad27b5388910,f-fathurrahman_pwdft.jl
389,320d32da3bb0a1db260e77e86550afbb5bdcf4b6,f-fathurrahman_pwdft.jl
390,321a66c4de568e3ede4955e3a865b05d0f15db47,f-fathurrahman_pwdft.jl
391,326352b16cc63cf70d85ff16cae79141804aea28,f-fathurrahman_pwdft.jl
392,3264d9c6f40a47a2d1e3427ca092c002fff20d76,f-fathurrahman_pwdft.jl
393,3269b23d594889acdbf0209e5e9e3e98fe288aca,f-fathurrahman_pwdft.jl
394,327c75583d6ad261a5a0058109d1cc0f5ec74d83,f-fathurrahman_pwdft.jl
395,328c1d01629deffc86e2a83719249a4f7c3d5d2c,f-fathurrahman_pwdft.jl
396,32e1f368ba21bd742e3bf2e2852061bfcc7c7e6b,f-fathurrahman_pwdft.jl
397,32e79ae39604c3ed7b5f31975240d8a7dfa7d5c7,f-fathurrahman_pwdft.jl
398,333a9f738b50b7765eda4f968b0c1f7862570fde,f-fathurrahman_pwdft.jl
399,336a93726c9293f5b7f634e38823f3560ad65cf6,f-fathurrahman_pwdft.jl
400,33933f601dac292c7a024ba900ab554448865aff,f-fathurrahman_pwdft.jl
401,339fde31e870f859c8a8dee6b300546eb971b9cc,f-fathurrahman_pwdft.jl
402,34274410cfd6fefdc259bbb8af39ee8eb1dcfd7d,f-fathurrahman_pwdft.jl
403,346ad9159e9e6be4d9f6b6f25d0cc967d1e1a94c,f-fathurrahman_pwdft.jl
404,34828228054f597de90c2d4846863eada7d8edd9,f-fathurrahman_pwdft.jl
405,34c509b739c450dcf052ee33a899c559cccb7f9c,f-fathurrahman_pwdft.jl
406,34e002666f861340569936e505b80c92655ca423,f-fathurrahman_pwdft.jl
407,34f0abbf33c08c21be8b45e5aef1383eaea095d9,f-fathurrahman_pwdft.jl
408,35160b8235f15debecb9c501d5d1f27ead967c42,f-fathurrahman_pwdft.jl
409,352ede9ac2ea5789ca29e27f1fcfdaaca7854379,f-fathurrahman_pwdft.jl
410,35384f885e90df6e20c2d5bbec3fd810ef2761ee,f-fathurrahman_pwdft.jl
411,3543258131d3189f9fe9545ba06412e5592969dc,f-fathurrahman_pwdft.jl
412,35b0d8980c34afd2e6631a136dec2c24b3c3e1e4,f-fathurrahman_pwdft.jl
413,35c4858d8c1972b28f08a61c07eb7b2b2df227e7,f-fathurrahman_pwdft.jl
414,35cfd271260b2911764596b145f154ba288c6261,f-fathurrahman_pwdft.jl
415,360d634f4524d33a386a635163b0867751b5d1af,f-fathurrahman_pwdft.jl
416,3632bb13b78bb1452c15f16aee192a57aeec8698,f-fathurrahman_pwdft.jl
417,3662a62a14a3de7b05c14de42df3aaf41a2a6add,f-fathurrahman_pwdft.jl
418,3664457fe4150254dd76c32c07d1f00a2819f094,f-fathurrahman_pwdft.jl
419,366964cfbd72b1e9f0477f1f9e6e4d0a6d39b1a0,f-fathurrahman_pwdft.jl
420,36722f5e8876879c2b75c1a057c83aed922949cf,f-fathurrahman_pwdft.jl
421,36b3018f76f32b3f800506923cc7536e8e25bb20,f-fathurrahman_pwdft.jl
422,36b8b3dedd210f9e8a3d67925d3991a8144d8b07,f-fathurrahman_pwdft.jl
423,36d0f1a1378b81d7205c5dd014b7764994de9dcd,f-fathurrahman_pwdft.jl
424,36ec44f43f418d8555c863366440d7fea588aabc,f-fathurrahman_pwdft.jl
425,37557282b6f53df2b66d398d02fc2133b1f7c935,f-fathurrahman_pwdft.jl
426,377891805f6b3bf4e8937bb90b95902180f246f6,f-fathurrahman_pwdft.jl
427,37a410b85d4dfda9e9aecb54ad4534c355cf9022,f-fathurrahman_pwdft.jl
428,37a77b52c509b7adae43d291b4b1f6aa729186cc,f-fathurrahman_pwdft.jl
429,37cf339b791f0ac514ef0e35bd0135e7be925792,f-fathurrahman_pwdft.jl
430,380a4e78c183bb08baa47beb51efab3e4a2fb3ea,f-fathurrahman_pwdft.jl
431,38138bc7b336a187f43d1dc611302fd4cae04828,f-fathurrahman_pwdft.jl
432,383057d33b85ff7f459d182d1cca3cf545c6b89f,f-fathurrahman_pwdft.jl
433,386263fbf522e7a508bc04092ea062053917b7f6,f-fathurrahman_pwdft.jl
434,3862d980f7a5c706fb37abe547b6bd949f454c79,f-fathurrahman_pwdft.jl
435,389687d00dbdf92a97eeb04af7d1e4e271853212,f-fathurrahman_pwdft.jl
436,38e61add69ec85ae1735e73fc029cfa55acba165,f-fathurrahman_pwdft.jl
437,38fe45b1814b6927d4c31e64bceb96cba4cf1f43,f-fathurrahman_pwdft.jl
438,391306fbd384a9167466cf88ee5c6e10ba454784,f-fathurrahman_pwdft.jl
439,392cefd85dbd886109708f48c8c7d3b6ca9a23b2,f-fathurrahman_pwdft.jl
440,39411551bd3f01786a74a30eca60b4cfb3a515f3,f-fathurrahman_pwdft.jl
441,396c2b3580bd6a82dd8928ff7ea9b4d91018f877,f-fathurrahman_pwdft.jl
442,3992c55e6e7ab6821cb9d7ec7354bbf6c6dc503e,f-fathurrahman_pwdft.jl
443,39d3d5f165829a131fe1fce94dbca9040795692e,f-fathurrahman_pwdft.jl
444,39dd5753b978eca1cb82d2bd30b2344d153a71f4,f-fathurrahman_pwdft.jl
445,39f79f348aefc2c4bd829c3f065052ceb3809cfd,f-fathurrahman_pwdft.jl
446,3a083f65f38a310ddbf28e699b0f5dd862816535,f-fathurrahman_pwdft.jl
447,3a140b5b87293c1f90af957e9e51f57be9847ddd,f-fathurrahman_pwdft.jl
448,3a1b0245380ec6877fd0c6cb835f31aae007f3e9,f-fathurrahman_pwdft.jl
449,3a6465fe5d8d7e6cca3185ef666e8ac037874e5e,f-fathurrahman_pwdft.jl
450,3a96a7ca74c8a7318f144a57da9c547dfb178ff0,f-fathurrahman_pwdft.jl
451,3ab45d0fd0ce272f8e496d700a3bae300acc65c6,f-fathurrahman_pwdft.jl
452,3acb6529d9216d8077e0e6627239ea1192dbb105,f-fathurrahman_pwdft.jl
453,3b35ba4a01871f7612d4f42f8d7921916fe929ae,f-fathurrahman_pwdft.jl
454,3b6a36ea00507e9cf3a5df87ac108bca40956c62,f-fathurrahman_pwdft.jl
455,3b9c9960677bd63dc7d8120aad700f24d8b001c6,f-fathurrahman_pwdft.jl
456,3ba5a29f6f851073f2672a1583aaf0457523953b,f-fathurrahman_pwdft.jl
457,3bb729d4ac089e24e98ed83108c2563ec3ed8779,f-fathurrahman_pwdft.jl
458,3bfe54f61aa981d744d3fe11933ef7c1ceab6dcf,f-fathurrahman_pwdft.jl
459,3c0191173d9127bb733e52d60fc01345790d8c54,f-fathurrahman_pwdft.jl
460,3c0bb378f2a20a98f665085da821915db0d363de,f-fathurrahman_pwdft.jl
461,3c1c808fcb434885766929057b369265a94d8382,f-fathurrahman_pwdft.jl
462,3c379e99c568027a2c307d889d9b8dc0ad397b02,f-fathurrahman_pwdft.jl
463,3c80e6faacc845f829237a23b12422d7337a0822,f-fathurrahman_pwdft.jl
464,3ce6ac142c6c5b0d5398e3714b287df6c82cea4b,f-fathurrahman_pwdft.jl
465,3cef73c515294cf72286e79bfbb6cfed99f3eabf,f-fathurrahman_pwdft.jl
466,3cf02a2f3cdf7557781f46eb39893e993cb900d1,f-fathurrahman_pwdft.jl
467,3cf476a40972313a4a1b625754f29fa525cb6618,f-fathurrahman_pwdft.jl
468,3d65fb6287a4765d83f57b5c1bbc3025914209f6,f-fathurrahman_pwdft.jl
469,3d91b6fbe676e4e5e066df5e758bb1390bd7a09b,f-fathurrahman_pwdft.jl
470,3dfd13d6afd28ada09b60ac2d3240b441582fa0e,f-fathurrahman_pwdft.jl
471,3e098ba5105df52646bcef7b986265d22165dbd5,f-fathurrahman_pwdft.jl
472,3e3498fb8d1c0976ed443d111976be21a7136c61,f-fathurrahman_pwdft.jl
473,3e64e50363dcf4719b1b24414126098adcd9e61e,f-fathurrahman_pwdft.jl
474,3e8ff71fecde779b58077470e25f3530b7a29ad1,f-fathurrahman_pwdft.jl
475,3e95f9b84ce2a9046b42f97427b9a87cc280d783,f-fathurrahman_pwdft.jl
476,3ebdc83aa8c14cd001924f71ecaf9305cef3b2db,f-fathurrahman_pwdft.jl
477,3f0075f32b8f7256e3dd086e99a531e0ad450c14,f-fathurrahman_pwdft.jl
478,3f2c08e74292889d0318aa2c21b71071654db437,f-fathurrahman_pwdft.jl
479,3f2cfa721033b67935d8088e03f47d54bd7d4c5e,f-fathurrahman_pwdft.jl
480,3f330d95741da141c87250bea7523cc802c7690a,f-fathurrahman_pwdft.jl
481,3f7d4c7c411dae95f6eddddf779c67313c6f5ba1,f-fathurrahman_pwdft.jl
482,3faeb278e6d5f802e6a71fcaf1c06299627b8f38,f-fathurrahman_pwdft.jl
483,3fc9f0f88e2c9683aae31246e0e74fd2e53ef96d,f-fathurrahman_pwdft.jl
484,3fd0395ffcf3828f4de04442fcbe04d7ee69f0ca,f-fathurrahman_pwdft.jl
485,3fd734b385c26aaaee41d355ecd5727792dbd754,f-fathurrahman_pwdft.jl
486,3fd838105e561a93391dfe4c1afb9586b3414abb,f-fathurrahman_pwdft.jl
487,400d524511c26efb54b9189099557cbf6e4d169d,f-fathurrahman_pwdft.jl
488,403db0ec5964ab7bc63c7864384e94b916bb76ed,f-fathurrahman_pwdft.jl
489,40470c297a4fd289dea7cce97d4109354f1940b1,f-fathurrahman_pwdft.jl
490,407056bde810e3b484450574508f5548f5b1a9dc,f-fathurrahman_pwdft.jl
491,407c3ed20e866a6397fa613c2099a97c729d67e3,f-fathurrahman_pwdft.jl
492,40af6ea97bc42b158ddc52c62cec905076c2b176,f-fathurrahman_pwdft.jl
493,40b3e451dde147b1819feba4df53c5654155647d,f-fathurrahman_pwdft.jl
494,40fe9777484ad433adb5da55de91db0af4900499,f-fathurrahman_pwdft.jl
495,410472551be6bb361facdff08757f8bb4c96d32f,f-fathurrahman_pwdft.jl
496,4129c7847fbe6018a26506aa32eeee40444e6ea5,f-fathurrahman_pwdft.jl
497,4168a9ef8b284f748db7b80fddbb6d4ea9bfe5a0,f-fathurrahman_pwdft.jl
498,416b5f6e82e98cf52d78a969370a5aaabbdc3166,f-fathurrahman_pwdft.jl
499,41e9c6bc7e9a6171b7b1a917d930ac0e2bda845a,f-fathurrahman_pwdft.jl
500,41f416bfe30775f5881ee7a85a02cfe82a1d9ede,f-fathurrahman_pwdft.jl
501,41f82bc317bd3465ad360ca77aa6fb1eec0c3cf4,f-fathurrahman_pwdft.jl
502,420a7d14d3b01256013a21ae92d9ed9336893cbe,f-fathurrahman_pwdft.jl
503,420c4fa1486e5daafa28d5b61864da2c1ff17963,f-fathurrahman_pwdft.jl
504,4215aac09f423cae546db5371ddc97d1c7645f57,f-fathurrahman_pwdft.jl
505,4216ba4c24c136cd1370032f05b0573327e3369f,f-fathurrahman_pwdft.jl
506,422763db0607e957535ba07764e554ac62f123b4,f-fathurrahman_pwdft.jl
507,427670de4cb9690362009c88731def69d698c0ed,f-fathurrahman_pwdft.jl
508,43251161009938d375d521da7e2992ef0ae2d9b6,f-fathurrahman_pwdft.jl
509,432620300755b08e7b892a10425c6d8789165b1f,f-fathurrahman_pwdft.jl
510,43befde28274487b628bc09ba2e1737274e044a7,f-fathurrahman_pwdft.jl
511,43d932c2a3f191c6cf8728dfd0a2b36ae85758de,f-fathurrahman_pwdft.jl
512,43f0cffbf64bcf980adcee1adde5b08eacc7cddd,f-fathurrahman_pwdft.jl
513,43fea5a5c4a0894306cb4398b9c1e1c58b3b243e,f-fathurrahman_pwdft.jl
514,440c74569697f550804803cacad57d1a587fd4fb,f-fathurrahman_pwdft.jl
515,442d05e6c9162944e8311f51c8cb4ba891bcf847,f-fathurrahman_pwdft.jl
516,44316f449862040b679f17d2f3e955d39ceb9369,f-fathurrahman_pwdft.jl
517,446512367de1e2d0c9f086647bb58441b5d666da,f-fathurrahman_pwdft.jl
518,449a3068e6798d650baa290d87f60c85f9bd8d58,f-fathurrahman_pwdft.jl
519,44c7c7d214aca4102022babf0522ad53f41bca0a,f-fathurrahman_pwdft.jl
520,44d095ac6f98d745ecb290d9d5198262a34c3a31,f-fathurrahman_pwdft.jl
521,44e99b571dd0601492efd6259333a4f4467cbcec,f-fathurrahman_pwdft.jl
522,44fb969ca4aa5bf14d8d56bca6436d2792a3c219,f-fathurrahman_pwdft.jl
523,453272c0cef7d396b33eba4a96b49320b59601e3,f-fathurrahman_pwdft.jl
524,454511b8d0d1c17ad080ef0019fef4a6f7a9ffb3,f-fathurrahman_pwdft.jl
525,4553098a6b3c351fe4d258588586da934a5390b1,f-fathurrahman_pwdft.jl
526,4582021d26e57c1fbab3519068d7610494aa8113,f-fathurrahman_pwdft.jl
527,458eddc2c910279a16999b4a4d0ee18969607c76,f-fathurrahman_pwdft.jl
528,45b49992363640500cd7ecce65ffb909e406853a,f-fathurrahman_pwdft.jl
529,45be23ef3cfc01516abb52a22a071517742d1394,f-fathurrahman_pwdft.jl
530,45f9f3679d9ed3866887aa1d8c49849aaab8e5d0,f-fathurrahman_pwdft.jl
531,46080d1b5609685d81352c4804402767eabdd281,f-fathurrahman_pwdft.jl
532,464c8fd0c2c6cab85514e047431b6f4c0fcefed1,f-fathurrahman_pwdft.jl
533,4652cbe37e24fed627ba29d5d1187e68d8f9e8f8,f-fathurrahman_pwdft.jl
534,46676d09f79c62e5bc97a9c38c83784aa5d6651a,f-fathurrahman_pwdft.jl
535,466788fd4f935f3a7f4870fefbc5a4f1ce87f39c,f-fathurrahman_pwdft.jl
536,46732c74ac591c15cd13aa0a37facabc023eba6a,f-fathurrahman_pwdft.jl
537,4673f0e02fbf907a752467434a8c889df7aa3b38,f-fathurrahman_pwdft.jl
538,46a15ec02381ff4513ffbbfddf17544d0428ee0b,f-fathurrahman_pwdft.jl
539,46cb469dcb3247a78d02c7d4748c6d1f4a108782,f-fathurrahman_pwdft.jl
540,46f34014b85bb0aa0f0ee56fc1e1a70d66c59f6f,f-fathurrahman_pwdft.jl
541,470f5e307bfd27e401d17785d991946fff08fb73,f-fathurrahman_pwdft.jl
542,473fde8edd3b5f763aed42dd43a03438d7265d4e,f-fathurrahman_pwdft.jl
543,4765095059896dd9e0d7ebe930562f10decab42f,f-fathurrahman_pwdft.jl
544,477cf1e078da330b83b52a46d07c4e60277c4f70,f-fathurrahman_pwdft.jl
545,477f863aa60f666c46c29ec077873c538eb5b7d6,f-fathurrahman_pwdft.jl
546,478fe93aea6209bf086a4f5e183f59fca34c3ec0,f-fathurrahman_pwdft.jl
547,479623a12a4146519b7b425fd74b85d775cfca64,f-fathurrahman_pwdft.jl
548,47a1a9c0a4e36c7aec94997841f26e59f2242446,f-fathurrahman_pwdft.jl
549,47e3fe8ce4219b7085090655833c4a61ee157785,f-fathurrahman_pwdft.jl
550,480862868f446b9b891772b016589d910d45f6d4,f-fathurrahman_pwdft.jl
551,480dca2743a3278715cc955e6232f13d682407f1,f-fathurrahman_pwdft.jl
552,48550d3453f1408db9764ce63070b7a80d36c01f,f-fathurrahman_pwdft.jl
553,4873fa8e355828f955e6730639de239d37d85b48,f-fathurrahman_pwdft.jl
554,488099a2953c444ad1ab7bcb647bba8a10ee8d93,f-fathurrahman_pwdft.jl
555,4883479869744114ff661c896306e280f1541831,f-fathurrahman_pwdft.jl
556,48889c6b3c5c8a89bcf3e1a85b84374c71ca120c,f-fathurrahman_pwdft.jl
557,48ce30e40c5a7830a2c7e75c8db4929efe936cf3,f-fathurrahman_pwdft.jl
558,48e1d0cb14b9df7f5ff2e577cfe7f084d0f2335f,f-fathurrahman_pwdft.jl
559,48f7ec6dd91e59f3b858c7447b8a5bd973a1a8a8,f-fathurrahman_pwdft.jl
560,4911f4ad0172f2349210f7680cd253d8950caded,f-fathurrahman_pwdft.jl
561,49263eb85d042ea94587465b7508445251b2dd39,f-fathurrahman_pwdft.jl
562,492e3b702599d86c5c3528438751d83abf03ccf1,f-fathurrahman_pwdft.jl
563,495512bc6c899ec647b47e0d78ee8f39fe744604,f-fathurrahman_pwdft.jl
564,495f695fd4e68faf436b48a806e468cc63b05d64,f-fathurrahman_pwdft.jl
565,496c6bd1cc1f95878a640762233f9fa5bb86ebeb,f-fathurrahman_pwdft.jl
566,4981a680c4e0dc909b18857b302d551f11a59248,f-fathurrahman_pwdft.jl
567,49b9177e566034377205369d571b127abc4c9170,f-fathurrahman_pwdft.jl
568,49e1a1660e5886a91d0586454cb9a0c84c4b8403,f-fathurrahman_pwdft.jl
569,4a1433946593ff687a46d96cad8553c42d87fb92,f-fathurrahman_pwdft.jl
570,4a1e147cef5bc9b8c3ad20e1696a06c49354a7b5,f-fathurrahman_pwdft.jl
571,4a2151bc12120cbff1342f716bb51e7d4b6cb25e,f-fathurrahman_pwdft.jl
572,4a454d61257435c0406e52735ce84698b05eaa40,f-fathurrahman_pwdft.jl
573,4a554706385ad03ada8c1f8660c81311c11ceb8a,f-fathurrahman_pwdft.jl
574,4a5b18e5b780c22ffbf6e59b920557646cf3c924,f-fathurrahman_pwdft.jl
575,4a69d03a0ee5555bf8b4cdb0260a2e5e34334c70,f-fathurrahman_pwdft.jl
576,4a6cfee70bf5c6efb5d8679a19a6b45029d0cc7e,f-fathurrahman_pwdft.jl
577,4a96e618a28d9b313679ee5c8be3201736555880,f-fathurrahman_pwdft.jl
578,4aa840a1258334db1bf65f80a85efa2f57a8b18b,f-fathurrahman_pwdft.jl
579,4aca23f787902c6b034ba4f4dbc15ff4b7d272af,f-fathurrahman_pwdft.jl
580,4acac121e09867fae20bb5e483f13a674cc67f44,f-fathurrahman_pwdft.jl
581,4af3ab80466f02c0f8a6bbe9a88f655580beb2c8,f-fathurrahman_pwdft.jl
582,4b0051a168bdd0c48a6bb8d1a9e419405edc6313,f-fathurrahman_pwdft.jl
583,4b3067a43dda43f69b6b9f17cc7890545fc1d57b,f-fathurrahman_pwdft.jl
584,4b334721ae2d120812ca701d799beb5177321ea4,f-fathurrahman_pwdft.jl
585,4b3b25eab09f1380a265020f74462a32afc1292f,f-fathurrahman_pwdft.jl
586,4b614fe83209f94ef5e70c14a63fdd07f25cf748,f-fathurrahman_pwdft.jl
587,4b96d151d983e7ba4cbfdced09a19c58c32952cf,f-fathurrahman_pwdft.jl
588,4b9fd77f2d4859bc75d6f29cbe919483e1b40cbd,f-fathurrahman_pwdft.jl
589,4ba412fd3f24dcb5851da9fc36ade4edfc7de496,f-fathurrahman_pwdft.jl
590,4bb0013c92b09bbdb681db0df90b5f9ae84a7609,f-fathurrahman_pwdft.jl
591,4bcc5649535febebb3ace457ca82a6278b742d40,f-fathurrahman_pwdft.jl
592,4c19267b025143119452e535b0a54714669e4097,f-fathurrahman_pwdft.jl
593,4c2e70d6853db759cd13f0f2f4a5d69f1f4825a0,f-fathurrahman_pwdft.jl
594,4c4bb1420704dcbb32429333fede3d5f1b77e624,f-fathurrahman_pwdft.jl
595,4c59eb43285b92c0504a4ce1fdaf3baf7d373c99,f-fathurrahman_pwdft.jl
596,4c5a8745fbd48b836566203aa33d5a0df0bc3977,f-fathurrahman_pwdft.jl
597,4c87d00c7072af0783e3bd0b962542793cbfcf57,f-fathurrahman_pwdft.jl
598,4c8a113d82871796549b93175a9415a4ef7cff56,f-fathurrahman_pwdft.jl
599,4ce0cf6e3bdad318132abd14580ecf20e92c4649,f-fathurrahman_pwdft.jl
600,4cebf5aa70b4ce1a36b35967e0cbbba08f04d405,f-fathurrahman_pwdft.jl
601,4cf475ecfa696a36d4a2cba744ed1379e0ddf79d,f-fathurrahman_pwdft.jl
602,4d0683fcd60045f956c9f197d88fea5a29b646a4,f-fathurrahman_pwdft.jl
603,4d3189da2b9b093d1b5576d8cd1688ed05d26484,f-fathurrahman_pwdft.jl
604,4d68fd0ed97f4d4ff0503107f12e42a31f87b028,f-fathurrahman_pwdft.jl
605,4d6ca3d1e9f02bf344553fce7bb13fc6d3791fa6,f-fathurrahman_pwdft.jl
606,4d73593fe9aaad035594e904028975effdf6af9e,f-fathurrahman_pwdft.jl
607,4d8ef6116806644229faa023791e7df06e4120a2,f-fathurrahman_pwdft.jl
608,4d997084fdb0e3be22fb2040faaa4c1609179443,f-fathurrahman_pwdft.jl
609,4da2706ee5b2f986058c1e2110a3b274fbc268ec,f-fathurrahman_pwdft.jl
610,4db5cb6c7ce0f4387abdf23cd281fb13b74a730e,f-fathurrahman_pwdft.jl
611,4dcc199b6fad767b56e71d49a115bbddeb91fcbb,f-fathurrahman_pwdft.jl
612,4dfcaeefa683b957cad7a792891fd05b28e6ad38,f-fathurrahman_pwdft.jl
613,4e0061af70c12b99381d31ae6f423adbcd9396cf,f-fathurrahman_pwdft.jl
614,4e02c4216b122f3e51be510658533fbb61ef78ef,f-fathurrahman_pwdft.jl
615,4e1af982169f3f2262e3d91704f5aeb403147092,f-fathurrahman_pwdft.jl
616,4e74c20df9bba3afe13e54cbb5119f7917b16d1b,f-fathurrahman_pwdft.jl
617,4e7f8e8546c2746dea11722f3ac3d7d4599ead69,f-fathurrahman_pwdft.jl
618,4e8886301421a22bdf31561c4bcf23a41ae31edb,f-fathurrahman_pwdft.jl
619,4e8bdda793bd49b53ac16e379fe13ba0c260f7df,f-fathurrahman_pwdft.jl
620,4ec62ecef2cdcd8eee7860a8b46d7f4727c10c55,f-fathurrahman_pwdft.jl
621,4ed2f57457b01343066b5a5e77e4fb4b3295a017,f-fathurrahman_pwdft.jl
622,4edf78428d6fa20c80f332e055114a5deb833b75,f-fathurrahman_pwdft.jl
623,4eee767aa0388a0e7d5baf33d6837c798ca14cda,f-fathurrahman_pwdft.jl
624,4f51ffa1adbb1a7dd922194adb28be39dde3a627,f-fathurrahman_pwdft.jl
625,4f640edd15583d19bedb095f9599b8e31b8d266d,f-fathurrahman_pwdft.jl
626,4f7861c84e2071a0f97251317ad8d7de6e8dddbe,f-fathurrahman_pwdft.jl
627,4f8369bf2f2e98dd9e91aaa4d816d44a94d7e993,f-fathurrahman_pwdft.jl
628,4f859ecbf17dedda437e3c8a3613c71d1d31bcc6,f-fathurrahman_pwdft.jl
629,4fa10992616df5b17581550ca282f20e6cfb4c6f,f-fathurrahman_pwdft.jl
630,4fbf7503700f1e90ab83190ddc683d56de0222dc,f-fathurrahman_pwdft.jl
631,4fc40c627460f5028c9182a3f39123eab975d5f1,f-fathurrahman_pwdft.jl
632,4fe8e8d959283efb0b15b831faba9447f22ea291,f-fathurrahman_pwdft.jl
633,50144e3b346b1bd2c45e15d2677d25cc2481f333,f-fathurrahman_pwdft.jl
634,506b64162be99729fceee19b8b0066d86794ba94,f-fathurrahman_pwdft.jl
635,5093d6cd33a6ab6adab326fb7798cf4d5b48eccd,f-fathurrahman_pwdft.jl
636,50a6ef461a757f8132a8000d5e43601e8f3a57e9,f-fathurrahman_pwdft.jl
637,50b72d5bc75acd4da2a892ab51c62c6925384227,f-fathurrahman_pwdft.jl
638,50c065ed8031bd48b63054c0057ca33a20b75b4d,f-fathurrahman_pwdft.jl
639,50c834a74ea642ff54d8e133b02b337c70866d34,f-fathurrahman_pwdft.jl
640,50f00ec8db86f8d99542c7bb44be459b81ea2abc,f-fathurrahman_pwdft.jl
641,5106f378cc20d2aba1400ce7f4a53a49f790ecef,f-fathurrahman_pwdft.jl
642,512b780cca0d7b5d0facf3077f2b78867bb21b47,f-fathurrahman_pwdft.jl
643,51551cede7260a4027dfea62f2baacf9f93efd8e,f-fathurrahman_pwdft.jl
644,516c2e868f26b2e8306cbfa25ad5f80d18173e18,f-fathurrahman_pwdft.jl
645,5176b22879efdfe7ddb5c4e4a159edf36611dc63,f-fathurrahman_pwdft.jl
646,5177fa9396f2fe096fa1211c097756384e7704f4,f-fathurrahman_pwdft.jl
647,517a9dd135e42d849edf9dfb24a404fd22587819,f-fathurrahman_pwdft.jl
648,519118982be1704737ca189f39cdd5e9b18c1ea6,f-fathurrahman_pwdft.jl
649,51cd21f890cfb42d02dfb814653062b4409252fe,f-fathurrahman_pwdft.jl
650,51cd63309f2edc47377c473aa543bd30178b0b60,f-fathurrahman_pwdft.jl
651,51f6376352fc914d1b799e3c43f79b01e56bc6b1,f-fathurrahman_pwdft.jl
652,5203b978001dd173ace24b9c1d3f4559bee73e89,f-fathurrahman_pwdft.jl
653,520ff3a791f86b5f978fee6ed83a258af089ed5a,f-fathurrahman_pwdft.jl
654,5211f42a8b9b7ae1733ebe5aacf715cd5811ea54,f-fathurrahman_pwdft.jl
655,5222748038f43b1aefc4c68b52241096f145bb41,f-fathurrahman_pwdft.jl
656,525c1a7caa00e3fdc3b29c8fa2ebe1143824006d,f-fathurrahman_pwdft.jl
657,52873075c6b7d1da85f4e81ccddca937d65de648,f-fathurrahman_pwdft.jl
658,529e55e00dbba44ef93d90184909b49ebd1c5522,f-fathurrahman_pwdft.jl
659,52af77fc4cf65a1e1b1312e514ea712a7a083666,f-fathurrahman_pwdft.jl
660,530925c13bfa0cf6d7e3f40271366d75eb89b290,f-fathurrahman_pwdft.jl
661,532803c61421b474b674c02e3e5074abc94cb089,f-fathurrahman_pwdft.jl
662,53370e24ff246b6484187b44f155fc9ff2a065b7,f-fathurrahman_pwdft.jl
663,535048f453a03265f466ee59641850a520ec4b33,f-fathurrahman_pwdft.jl
664,536c507c72ba3d88992603a26491e6761edb98a0,f-fathurrahman_pwdft.jl
665,5384298276680ff0b5962e4297feeb5c03dc99ff,f-fathurrahman_pwdft.jl
666,53847f319164fce36d073713f441911249804b03,f-fathurrahman_pwdft.jl
667,53ae16a2c4fed3694da6d1af822bd73c6ad6af95,f-fathurrahman_pwdft.jl
668,53c8fadb91e41fb4bd5021bd33db8e0153694109,f-fathurrahman_pwdft.jl
669,53ec0fbf136ecbb72d709c9a13912e1418a21fcf,f-fathurrahman_pwdft.jl
670,541331e9d91fcfef980a55e101a0b09dc27b5642,f-fathurrahman_pwdft.jl
671,5418f0d854d5f1ddc0008071f70cdbabbe600194,f-fathurrahman_pwdft.jl
672,543cb100ed87b4111673c334dd2f8951b7e3af0a,f-fathurrahman_pwdft.jl
673,54537d5ca07b88e222432f96acc343db1c5c2f5c,f-fathurrahman_pwdft.jl
674,547623873ba9770f2f10d20e61d8691ba89c606c,f-fathurrahman_pwdft.jl
675,54866b6864fd2f0ad5718c99a756b9ff8a096331,f-fathurrahman_pwdft.jl
676,54e8f0337b6ee5856f34de63c1451b075a218b04,f-fathurrahman_pwdft.jl
677,5520b566b7fd959b5b5a7dec3313f2fde1a2ae37,f-fathurrahman_pwdft.jl
678,5523dd959f23cc02cc493eb63c4af6ed40fbbb34,f-fathurrahman_pwdft.jl
679,5529b0459700146a87b1f3a1331dc76a91bc335f,f-fathurrahman_pwdft.jl
680,552d79cf07266abc4f7a6ab9713eea964bbe786f,f-fathurrahman_pwdft.jl
681,555220851b5ce50cb84751774a5d36306d9a1406,f-fathurrahman_pwdft.jl
682,556dcdbe82784b08c6d1401729ef57de451358ea,f-fathurrahman_pwdft.jl
683,5574f712eed4c145eeee40bc123ff9f5edf5d869,f-fathurrahman_pwdft.jl
684,5578a612d72d3c4da6362a62aa589ed52eb26dbd,f-fathurrahman_pwdft.jl
685,557a5f1e68150a184fbf8b66db086a16c52a22b1,f-fathurrahman_pwdft.jl
686,557f58b3ce960fa63ebfdd75a0e01457d55f098a,f-fathurrahman_pwdft.jl
687,5591ab55eecefd75d82a079755eb3a6a067eefa8,f-fathurrahman_pwdft.jl
688,55c4f653cf740d7c0858a7f8698b5ec09c244b32,f-fathurrahman_pwdft.jl
689,55c7402b758c5bcc101dbb3ab633dac05594cd93,f-fathurrahman_pwdft.jl
690,55d8b684fa4d1fb78a3aee1230d1855c7558b73a,f-fathurrahman_pwdft.jl
691,55e076b3de2c4e4102b63e1fe7224c4a6946c201,f-fathurrahman_pwdft.jl
692,55ee132427c60fd89fcaff57c6cdde801354a0fd,f-fathurrahman_pwdft.jl
693,55f0df230a6d270b2e64f8dafd258c7a176f24a1,f-fathurrahman_pwdft.jl
694,563c53872e7bf786523065bb87398511c5862197,f-fathurrahman_pwdft.jl
695,565f8aa355c78abd58e535506aeea45752c612cd,f-fathurrahman_pwdft.jl
696,567d2131df85290976e81301d1e595c7a04b8165,f-fathurrahman_pwdft.jl
697,56c18ad218c1142e1a483bdb9e67c54aea975c88,f-fathurrahman_pwdft.jl
698,56c8f1b3a821ac80175a470862b694e5a21b933e,f-fathurrahman_pwdft.jl
699,56e0b60dea64dc9f588c95b1274fd21eb8473af6,f-fathurrahman_pwdft.jl
700,571dbb6f3ff7974544f150eadd3c0c4ade776784,f-fathurrahman_pwdft.jl
701,57797d6eca1d7a9fec7df8a91520c0227fa9ce66,f-fathurrahman_pwdft.jl
702,580855e84bd36b462e3dcf73d0feedc7e53af81c,f-fathurrahman_pwdft.jl
703,582e2a3d3a7cab0e861e44cf42fdc3dbd46a58e1,f-fathurrahman_pwdft.jl
704,583bba5f28a1b8084f4d75028fed6dea705e7a78,f-fathurrahman_pwdft.jl
705,5863a37d37f2ac0c1084cf76d383e26d9eaf5673,f-fathurrahman_pwdft.jl
706,587b1e0c0096da7bafd7da3e2d0e71844a5bc2d0,f-fathurrahman_pwdft.jl
707,58913da59fd7587bedf17a2d8b833a41eb1a1786,f-fathurrahman_pwdft.jl
708,58c17e045a4a0440545ec86096dc22f75e8e331d,f-fathurrahman_pwdft.jl
709,58c28ab9e2a04a191678dc588dfd331193cc3842,f-fathurrahman_pwdft.jl
710,58dff1ee59ea5565830384b3db4f8845622d13b0,f-fathurrahman_pwdft.jl
711,594c93fd4f802185d8cd3506a9078abc04b92412,f-fathurrahman_pwdft.jl
712,5950d7d5ab1a8f932cb958abccc11c79ca93fa4a,f-fathurrahman_pwdft.jl
713,598e52ef5dc06301bb272cc49cab4d889abbe35c,f-fathurrahman_pwdft.jl
714,59a6bb876ddb38da495b480c35660ecbcbd281ed,f-fathurrahman_pwdft.jl
715,59df117f333e6ea089b23ab1ef6da8022c0bab56,f-fathurrahman_pwdft.jl
716,59f6eb27604cb09168202ac7ee290cedd4bfd159,f-fathurrahman_pwdft.jl
717,59f8f8f8860e6c829eb8f475e32fb635b096f6d5,f-fathurrahman_pwdft.jl
718,5a54a119ebeca746471960784d02401c5d457cdf,f-fathurrahman_pwdft.jl
719,5a86220a6482568710b9325e52804fbbdb81cb0d,f-fathurrahman_pwdft.jl
720,5a9248fac6ce68561659b150fa92f1bdad687e01,f-fathurrahman_pwdft.jl
721,5aa21c1bf49abed8f80d7f5549291a714889db42,f-fathurrahman_pwdft.jl
722,5aa9094a0c8b247b56be6b510ac1a2a1c3e0c30d,f-fathurrahman_pwdft.jl
723,5ab3d55d6ddd7eca84c9c8789633b0ba70bff4d7,f-fathurrahman_pwdft.jl
724,5aea067155e639644a090e7a08bce82f0e24c351,f-fathurrahman_pwdft.jl
725,5aefafa142570d35123105998c3141cf77cc7381,f-fathurrahman_pwdft.jl
726,5af7ba3d47cc64a0a17959fa015e38e707832c69,f-fathurrahman_pwdft.jl
727,5b0d1e83f1043ebe455150f02c1fd3d803c46244,f-fathurrahman_pwdft.jl
728,5b15aa863593ac59ba01fcf36dc801935a3503d9,f-fathurrahman_pwdft.jl
729,5b4738b767292173f895f01c5ef489a7c40a0063,f-fathurrahman_pwdft.jl
730,5b5b5c7d4233632890aa03e0a14cc8a940fbe8d8,f-fathurrahman_pwdft.jl
731,5b63d043a37e5a842d32f8dad79c03930bcd5ca8,f-fathurrahman_pwdft.jl
732,5b6c0342c69d5b516bf550020cd521ffb0976868,f-fathurrahman_pwdft.jl
733,5b91de5be62832c335c69ffa450a294a227e9d8e,f-fathurrahman_pwdft.jl
734,5bd66b001877ec139fb110f130cc8895416573f5,f-fathurrahman_pwdft.jl
735,5c1109e7a23bcad63704ed13d9a70c629f6d9576,f-fathurrahman_pwdft.jl
736,5c25b48441129072843c795ba1d049ca2ea2667b,f-fathurrahman_pwdft.jl
737,5c49b7bdaf3b8a69bb72ad335fb881f5c7d7e14a,f-fathurrahman_pwdft.jl
738,5c53c9f0a5d6345d1392f57387249c0ca33b1bbb,f-fathurrahman_pwdft.jl
739,5c69846d1dfb2d6b6362eacde244b63d064cef4a,f-fathurrahman_pwdft.jl
740,5c784eac9230ce8dabc8d0442b37263d7897ea52,f-fathurrahman_pwdft.jl
741,5c7f669a1b22f3398e2157cd97a73cc10860f487,f-fathurrahman_pwdft.jl
742,5c84e3f5a6c33f89d3b42c23549eae3785ac63e4,f-fathurrahman_pwdft.jl
743,5c952ca562debbe5235e172da7eb8787ebfdf365,f-fathurrahman_pwdft.jl
744,5cc8bfe8c80cc23b0767474d3937fcf25bc4c63e,f-fathurrahman_pwdft.jl
745,5ced6885dc1951a041c750bc53e930424c6a48db,f-fathurrahman_pwdft.jl
746,5d61ff197fd0cabf1fc76bc062c804ff8a654c75,f-fathurrahman_pwdft.jl
747,5d7d4ae0b6d1465ea260fbd1126b5ae95f6459e1,f-fathurrahman_pwdft.jl
748,5dabe47e69d25bf8bd1b073fdcb1fe495afd7798,f-fathurrahman_pwdft.jl
749,5decb5e373af94039831396a21c567835ef783b9,f-fathurrahman_pwdft.jl
750,5e14d8fbf36719417b20303109ce3b750776f5fd,f-fathurrahman_pwdft.jl
751,5e1598bb82f80ceb2ccce5e82bc74a0f4d570170,f-fathurrahman_pwdft.jl
752,5e239a3dc42654e0631da2f59399f18b0f02b200,f-fathurrahman_pwdft.jl
753,5e306084f7ad9eb5960c582774cbe5c5ff9ea352,f-fathurrahman_pwdft.jl
754,5e62c67215b8f45d1a184506c85d22f6d17f9abf,f-fathurrahman_pwdft.jl
755,5e73e7050bdae69a6f6051e9a931bbea183dfae0,f-fathurrahman_pwdft.jl
756,5e7fe8eef4e31db25db1d5ad78676c4dc2af900f,f-fathurrahman_pwdft.jl
757,5eb0949fd3b9c50e6a0f0c210fee983f232d43bc,f-fathurrahman_pwdft.jl
758,5eba993c0cb37d33a7ed4268496c2bafbd776f05,f-fathurrahman_pwdft.jl
759,5ec12f5ef988ac065711a530f233327e89c9e7f7,f-fathurrahman_pwdft.jl
760,5f0dfa37f31651fbf7c09d5e4904ee29ccf3a3a5,f-fathurrahman_pwdft.jl
761,5f1373ecbe8a35b642a5fab6ec1399215cf3950c,f-fathurrahman_pwdft.jl
762,5f55e511313ee8bc98239b78b87e242d24e94943,f-fathurrahman_pwdft.jl
763,5f6421ed169af5fc73f032a17f7bc60381393612,f-fathurrahman_pwdft.jl
764,5f83bcd4f4a88ec657a4923dd79552db5271aaaf,f-fathurrahman_pwdft.jl
765,5f8674a537240de1d808c491e9784b9de5aa657c,f-fathurrahman_pwdft.jl
766,5fa78873bdb98e56d71b3cf6c367045671807b03,f-fathurrahman_pwdft.jl
767,5fc0cba5378b5689bd2f5ae6445181fef1f0a617,f-fathurrahman_pwdft.jl
768,5fd4f220d7386e7109c3fd90a6bb43e7cb3c7163,f-fathurrahman_pwdft.jl
769,5fd798527093ebf577e39ec26df5d53ca6781e84,f-fathurrahman_pwdft.jl
770,5fdba087532ab823bb42ea38666f571659bec61a,f-fathurrahman_pwdft.jl
771,5feec7d467b42b154a3b67df59811a6ff9c8d41b,f-fathurrahman_pwdft.jl
772,602d47210ba169308acc7bb5808db7ac9038c5de,f-fathurrahman_pwdft.jl
773,60540599c63919844fe4b6325a057ce9a25a404f,f-fathurrahman_pwdft.jl
774,6079ea8af871a6c7d1c36cb25408e569536cff79,f-fathurrahman_pwdft.jl
775,60a01e4eb1bb3e862a2bf1927e257f3d54949a28,f-fathurrahman_pwdft.jl
776,60a219f25de9abc03fb274c851dad58881dd966f,f-fathurrahman_pwdft.jl
777,60a9d31b4728b9b407bf7484c35aaf8c26c20bed,f-fathurrahman_pwdft.jl
778,60ab2f4f197200d005142a0a829d133ace6fd635,f-fathurrahman_pwdft.jl
779,60cc55c7d5213718948d443c01b0cdcb6df41391,f-fathurrahman_pwdft.jl
780,6136d2b048b42692cdbeeb38b8f81cbebe19b595,f-fathurrahman_pwdft.jl
781,61438071836ce4ef3ed06603bf2f137cb0ee12da,f-fathurrahman_pwdft.jl
782,614fea26f5ab7218f7edad8e507187852ac6ac88,f-fathurrahman_pwdft.jl
783,6163483360aabff61a248b37025559a49f43ac13,f-fathurrahman_pwdft.jl
784,6172d3e3f9cf4671813163d7a740a56392e362c9,f-fathurrahman_pwdft.jl
785,61837cce17b26bbd9c05f36962a8eb920b2fc179,f-fathurrahman_pwdft.jl
786,61a108ea5dd187cb2374db84bc09b95e4270efd4,f-fathurrahman_pwdft.jl
787,61cc39c396611faf178eaffb6cc226be029cb21e,f-fathurrahman_pwdft.jl
788,61e768439ad3c83c75bf26da9d261b8fe3d99527,f-fathurrahman_pwdft.jl
789,6206e04163d6666d2a901e0990f8962e7290997c,f-fathurrahman_pwdft.jl
790,620998613a4d26b195699004e6fa0fcb29bdfbd7,f-fathurrahman_pwdft.jl
791,62111961b7338d105cb44fc92fba52386cfdc4e2,f-fathurrahman_pwdft.jl
792,621457bb31117776fcfec086eb3848b652d98515,f-fathurrahman_pwdft.jl
793,6219f816f00f3d6dc5a63c4618a4aaed635eae25,f-fathurrahman_pwdft.jl
794,621e4f05cae988afe8b16327401a75a2baf7aa57,f-fathurrahman_pwdft.jl
795,62209db44165f561ae9613de914bb1d4a15cfd9c,f-fathurrahman_pwdft.jl
796,6220a2fde7de929989c6f2ba43d52d1b2316c7f4,f-fathurrahman_pwdft.jl
797,6272d92a78d2f69008e8cefccf29a9c85ef78adb,f-fathurrahman_pwdft.jl
798,6296b975426b675f3933f91154bebc3eb163f8bd,f-fathurrahman_pwdft.jl
799,62df41fed05fc186c96e202403bd857ddfbacac3,f-fathurrahman_pwdft.jl
800,62fa6551b09002ff1139638a45cefa7c2bff30c8,f-fathurrahman_pwdft.jl
801,630b8d2fcf2eef1c56949f3d44fa583e2549ff02,f-fathurrahman_pwdft.jl
802,631a62b48537996da62f9791c78ccb2bb5586adb,f-fathurrahman_pwdft.jl
803,63649a50f7a7f560534e8b17440aa99575927c04,f-fathurrahman_pwdft.jl
804,6389b5b5397a417c79b64f24b0fcb7e572167b7b,f-fathurrahman_pwdft.jl
805,639238ebad6bdc6b530bb03d5ae82e27f9465b9f,f-fathurrahman_pwdft.jl
806,639c730a41f87ffd7b9224f909f672f38bc5a3c7,f-fathurrahman_pwdft.jl
807,63c67eadedfe24740a47b9df0a594a382202ba82,f-fathurrahman_pwdft.jl
808,63f14e32c98882811f10e99b7d537da43fd5d99a,f-fathurrahman_pwdft.jl
809,640a5cf96f7043e97bf9d326b067b5e2bf235cc4,f-fathurrahman_pwdft.jl
810,64106ca750382c2193695c1042b8aec74f33b8f6,f-fathurrahman_pwdft.jl
811,641b0861060a29ddd1b28c14c1f596c0bea5f1ac,f-fathurrahman_pwdft.jl
812,644571f9fcff0ff3fb85f181989491e824fadb52,f-fathurrahman_pwdft.jl
813,6445b6c1db15988d0006e460ce54fa65d3ca1fc6,f-fathurrahman_pwdft.jl
814,6470af8365f8de75f344e05da8d8353a1d65c43e,f-fathurrahman_pwdft.jl
815,64a93a03644e3f8e7439936ab5cb7ffbcfc7e6d3,f-fathurrahman_pwdft.jl
816,64aace0ab5bd8aa57bb9ab65025778bc182376d1,f-fathurrahman_pwdft.jl
817,64dc106ad3cc287f94088c593032afa279ae706d,f-fathurrahman_pwdft.jl
818,64de877442ada88dc3ca4170c3915533301ee25f,f-fathurrahman_pwdft.jl
819,6508b0965840349f8debad3f876f7f15f3d50911,f-fathurrahman_pwdft.jl
820,650f36b1bdd95664edd8c8f290e5dff2741e9dcb,f-fathurrahman_pwdft.jl
821,651363249f026af3f7956047d0b9e0b776d8964d,f-fathurrahman_pwdft.jl
822,6587af0e50882c6a48b49a0c79411a6c750740b1,f-fathurrahman_pwdft.jl
823,65930567dea84f308bd57adf83cd4d5b260974e6,f-fathurrahman_pwdft.jl
824,659e0c41d09d3e1075125ef8a8213ac103d73c30,f-fathurrahman_pwdft.jl
825,65a4551069393aa9c51b330c2d632d596827df65,f-fathurrahman_pwdft.jl
826,664548d764cf3775eb3e6cf22c73e964424c9f96,f-fathurrahman_pwdft.jl
827,6694b88183bc5231869dfa4cb9807be6bcebb352,f-fathurrahman_pwdft.jl
828,66a8df629c86970fa6cff3df2274172fcbb51165,f-fathurrahman_pwdft.jl
829,66a90a7a633a05022e107db898bb5bdb56bc2c9f,f-fathurrahman_pwdft.jl
830,66b1fb39e79dcd1aad58419af6f79ffe3c162e4a,f-fathurrahman_pwdft.jl
831,66e8fdee3ea0464e4efcfe254cbf1afdf21b76c6,f-fathurrahman_pwdft.jl
832,670989a4973af83ac810abb1da21173ec6aab13f,f-fathurrahman_pwdft.jl
833,670df70b308442e5f25a66051f8599f333e258d7,f-fathurrahman_pwdft.jl
834,674dc23411d97e22ef4b450897161cbb163d73c3,f-fathurrahman_pwdft.jl
835,676beca1b3d8555f1bb54f8e921478adafeb01aa,f-fathurrahman_pwdft.jl
836,678f7c26b2142dd8c046366b2253887623012a11,f-fathurrahman_pwdft.jl
837,67a04b57c9ef24adeccf3efb737250d78be6ac07,f-fathurrahman_pwdft.jl
838,67c47cc79dd6496a3d9ac668fe86bbc7cbcaad05,f-fathurrahman_pwdft.jl
839,67e3d6c3a9976106bfda48ec21308e611276d947,f-fathurrahman_pwdft.jl
840,67fb0d645c74e50d876924ca70d87197a43475be,f-fathurrahman_pwdft.jl
841,683c237f52597da7fa42ff6ea8e8463c26c67a9d,f-fathurrahman_pwdft.jl
842,683f12bb5e5fd0dd83f785eaee30ccdf59b4e66e,f-fathurrahman_pwdft.jl
843,68b9c35733867cd9eec8fa23c8cdb78e027b1795,f-fathurrahman_pwdft.jl
844,68d1787fa1fdd47b92011732775de07df1acd303,f-fathurrahman_pwdft.jl
845,68db4b26ef149224adf74d7a03152cc501ddc02f,f-fathurrahman_pwdft.jl
846,68e0f8158296fcd4c623f985f516b8c1d5ab1089,f-fathurrahman_pwdft.jl
847,68f4be968b938232d140be7ac6304c08f85368fa,f-fathurrahman_pwdft.jl
848,695cd5f5d936dcf0ecaac4271a68062d07922c03,f-fathurrahman_pwdft.jl
849,69a18966306ad489b5552555996b42d41cef8cce,f-fathurrahman_pwdft.jl
850,69b831271ddb4d1420e14401a3e7d076d0e89274,f-fathurrahman_pwdft.jl
851,69cca090560f6ce08ea16b622d9f390ae5559710,f-fathurrahman_pwdft.jl
852,69eb1f6f402d61dd77a4de18e56a3fe0f4b8bb82,f-fathurrahman_pwdft.jl
853,69eb432c1432406d39e35a583957b7b0de908125,f-fathurrahman_pwdft.jl
854,6a586c75c4cd28f506f6a40f342619dac3e36a6c,f-fathurrahman_pwdft.jl
855,6a6d5e931c923524af327afe9aebb4d8cc80b6d3,f-fathurrahman_pwdft.jl
856,6a776ee0a257381ab71821bcd5bfd70cd211ed7a,f-fathurrahman_pwdft.jl
857,6a9b750eb0d661bdba24ae6e878986beef0a7d7f,f-fathurrahman_pwdft.jl
858,6aac02296b75bba5eca9d5baeaac8db003e502f4,f-fathurrahman_pwdft.jl
859,6ad63171cc9c2fa4dcf6e224714613ca46bac9a2,f-fathurrahman_pwdft.jl
860,6ae9a5bdb821c76922567300e29fbe9c3228e430,f-fathurrahman_pwdft.jl
861,6b1bd31d425cb81b1f82081c802ec1b4a4aa3853,f-fathurrahman_pwdft.jl
862,6b1e53f7170de622a5a09cca0cf20e45c78a6c6e,f-fathurrahman_pwdft.jl
863,6b68f90518cbf2f871e23a0f92ad5d6e8c11fd18,f-fathurrahman_pwdft.jl
864,6ba9a5522ddc3677ed91bb1d7f95c4a91ad14369,f-fathurrahman_pwdft.jl
865,6c4a5599251965780b56afed1babfb6ce4dc7c7c,f-fathurrahman_pwdft.jl
866,6c9d030271203b45dce6306ff93ec3f6098ec2b2,f-fathurrahman_pwdft.jl
867,6cbfba4b3498d938a9ec87ff6a035a4f443f7bd3,f-fathurrahman_pwdft.jl
868,6cc179bdb33abd1396bdaa25c3f1ed0929c3903c,f-fathurrahman_pwdft.jl
869,6cdc70fa5f3a630d04157fbb9258e3c1db5f64c7,f-fathurrahman_pwdft.jl
870,6d0c83217c0c0037a2863716dc9c87c16e51b556,f-fathurrahman_pwdft.jl
871,6d1bdbb6dcb022ccff0457825014b421554d55ba,f-fathurrahman_pwdft.jl
872,6d294079e3ae9036aef4b6120a2dc79c4a99d214,f-fathurrahman_pwdft.jl
873,6d4dabf1f6c39e001236f897d0400261c265d07f,f-fathurrahman_pwdft.jl
874,6d82c7d38d2eeb965a256f2b9b950f314f723fb9,f-fathurrahman_pwdft.jl
875,6da0a2ef327b088e4fb6490ee2c0107a915a92a2,f-fathurrahman_pwdft.jl
876,6dd7ca1b830d288820ad63459f0382cd77f2ee5e,f-fathurrahman_pwdft.jl
877,6df6c16dee3ce413793e7f14f3ed69f15ed19a6e,f-fathurrahman_pwdft.jl
878,6e1582563fd9ea20ec8b4dd65156c42d5085cd4a,f-fathurrahman_pwdft.jl
879,6e1a519a02b9731e1cf50e1992a944eb7e8c2578,f-fathurrahman_pwdft.jl
880,6e30dbc23486c94b0bc1e2cd13398dab4f0e00b7,f-fathurrahman_pwdft.jl
881,6e46f7a3fef92beec5ac8a9ede185d38298a4df0,f-fathurrahman_pwdft.jl
882,6edeefbebc1f6a094065137f9834893cd2643248,f-fathurrahman_pwdft.jl
883,6ee562e3fbfa3f1b1b6ac48350aaca54e54a0b95,f-fathurrahman_pwdft.jl
884,6f1331a922ec53a13d40adafadb33cd040dd4b7e,f-fathurrahman_pwdft.jl
885,6f1972b0e6bfd8c63575607b88e58e927f528512,f-fathurrahman_pwdft.jl
886,6f4b3683cdadd228877f6deb3043d2996cb50113,f-fathurrahman_pwdft.jl
887,6f51520a0dff69038c58989b6def95000087bf49,f-fathurrahman_pwdft.jl
888,6f65a62b5338b6da268c8f39a4d15daaf51c1761,f-fathurrahman_pwdft.jl
889,6f766239815e547aeb1e4a08d0e1ed084f487369,f-fathurrahman_pwdft.jl
890,6fb053dad3b18ca9e46f0fbeb6d1311bacc83f1a,f-fathurrahman_pwdft.jl
891,6fd1fde537a088976e6a7aff4bd29b7a02688247,f-fathurrahman_pwdft.jl
892,702f8bbf79a8f1dc42deb6a3a5eb26828d9a4c41,f-fathurrahman_pwdft.jl
893,7032fbaa30b73a7b883a852d5dce7af5a3380191,f-fathurrahman_pwdft.jl
894,704e5606034ebf3db59feaf5986d66e3357a3cd4,f-fathurrahman_pwdft.jl
895,70728701168b3b87d654db4489471456f59d68aa,f-fathurrahman_pwdft.jl
896,707c4f147e7eb5334d904a7b22986dee507cefbe,f-fathurrahman_pwdft.jl
897,707e891b5b798c4a5ead63ed7dd83e8c19ab3649,f-fathurrahman_pwdft.jl
898,70d09ca14faa867758767255387a61e820d07c70,f-fathurrahman_pwdft.jl
899,70d8ecf28acc1d132095424178624bcb49a800e9,f-fathurrahman_pwdft.jl
900,70df191e08fd48d84ca62b59103a5d60beb3ac61,f-fathurrahman_pwdft.jl
901,711f0552a753fc1d4f84ac2b84dc58d8bf3e2707,f-fathurrahman_pwdft.jl
902,71230bb44e3af42d167837142d5fc6ac0c6454b6,f-fathurrahman_pwdft.jl
903,7140b15308ea48cb8da93a905f89097589bf4a34,f-fathurrahman_pwdft.jl
904,714bbe602081f3a5e93ffedeeca3fb11cab479a9,f-fathurrahman_pwdft.jl
905,71827e6fa2e83c055158ec909817e3b06b99edf9,f-fathurrahman_pwdft.jl
906,71c12e99af743ebf4a89af61aeb10b8453758201,f-fathurrahman_pwdft.jl
907,71d19f6af47db152ebeee069c238a9eeb8749dfd,f-fathurrahman_pwdft.jl
908,7202b850f89eef0a6946d47d8ea6409203f0a4ae,f-fathurrahman_pwdft.jl
909,7202ecab369d2e4774d92062df81c872b0761fe3,f-fathurrahman_pwdft.jl
910,720e7b162d28700fd7b60a7241cc0cf0f139cd19,f-fathurrahman_pwdft.jl
911,721897805c46e95461988a65e081d03434c18854,f-fathurrahman_pwdft.jl
912,725f9a8d99aa12e3cd0f27e79d9a3569ab98f88f,f-fathurrahman_pwdft.jl
913,72606ce73cccf9144d4ae2c6df003f3d7ce12406,f-fathurrahman_pwdft.jl
914,7271177b11e4cb0ed311f10b6a8066806569bf40,f-fathurrahman_pwdft.jl
915,72bfc63a1cf24d73adbe5a1efc170eb6768bcdda,f-fathurrahman_pwdft.jl
916,72cd79fbcd71aa73b71a60bbf4d87b3da5d5fc93,f-fathurrahman_pwdft.jl
917,72d1bd7632d2482a730b95e6ae8d024f0386cb8b,f-fathurrahman_pwdft.jl
918,72e08ad7b7382e52b9a7072f00f9a283f04269d6,f-fathurrahman_pwdft.jl
919,72f00e2d891b6bf5fa6c9e85af045fe3f4debbbb,f-fathurrahman_pwdft.jl
920,72f16aeea8689fb220a679008b892ab7c956d185,f-fathurrahman_pwdft.jl
921,7300fc4c515855a37525ca71e80a5fd0112a4444,f-fathurrahman_pwdft.jl
922,7302cded0cfbbdbc3029f42002ef28675889eb64,f-fathurrahman_pwdft.jl
923,731ecdcbf2e28141975c6ae829557e58ad5e61de,f-fathurrahman_pwdft.jl
924,73339228a6115536d3c8a61cc74c2e66ab4256d0,f-fathurrahman_pwdft.jl
925,733acda33574ed62f62d126ebd0ec9e558eee60a,f-fathurrahman_pwdft.jl
926,73477afea4cc1938018e97cb87c04adf70bf3941,f-fathurrahman_pwdft.jl
927,7373512e9ba9ff48a0b430b412f8ef453e4ebdc8,f-fathurrahman_pwdft.jl
928,7380d41cf6781c236933b011b6b97101517a473b,f-fathurrahman_pwdft.jl
929,739166096ce4d184ae1efac43d87802808d31920,f-fathurrahman_pwdft.jl
930,73ccbf00147e71fb5aa44a8e7a34b27c71507da1,f-fathurrahman_pwdft.jl
931,73eea5cde6dcfa29c06caf71ba907e2783f1dddb,f-fathurrahman_pwdft.jl
932,74092b49f8134c122410f5246834bc5944d56bfd,f-fathurrahman_pwdft.jl
933,7432424556ca7b755a086f9106a6c67d95db7b00,f-fathurrahman_pwdft.jl
934,743b0e1be7590ea4453357372de69dc6878b7ba1,f-fathurrahman_pwdft.jl
935,7454122a97fc6daeb764b1a4ed3cfc5fb726affa,f-fathurrahman_pwdft.jl
936,745ad735d6d4ae3561afd5eca78f767007aeb9e3,f-fathurrahman_pwdft.jl
937,747a5cc8f26a753fb7bdd52218dc09c6c0b3ab3a,f-fathurrahman_pwdft.jl
938,747ccea2bb0f645665995b8e807dd9981736add7,f-fathurrahman_pwdft.jl
939,748a61b1130fcf4d6ae112672e677cd8dfe670fd,f-fathurrahman_pwdft.jl
940,74a034ad1de52bfbd246166b71fe9cbaf491353d,f-fathurrahman_pwdft.jl
941,74a2b5166c63618e2cbd705440ce26f389852718,f-fathurrahman_pwdft.jl
942,74e2c64bae684d5d51851abef15753093797c467,f-fathurrahman_pwdft.jl
943,7582bde136adb4e42c66883d97b22ed03f97c09f,f-fathurrahman_pwdft.jl
944,7590cd725551ac89e48a5d0518113b5508956fef,f-fathurrahman_pwdft.jl
945,759d2c753df233b928d243382beeb8adb3e12566,f-fathurrahman_pwdft.jl
946,75aa0941728e216488609811a54482a5641b163d,f-fathurrahman_pwdft.jl
947,75b6f753ddc329409547105dc9266a3704876302,f-fathurrahman_pwdft.jl
948,75cac4016e22e785720219abcb8ac68dcc4919f5,f-fathurrahman_pwdft.jl
949,7608cb3979863a3cab4a37ced03a582362dc6258,f-fathurrahman_pwdft.jl
950,761f1d540502960537e0e50bad4379cbefdf979c,f-fathurrahman_pwdft.jl
951,763271647ca06e1221f086a2b18ba6abb6a2ebc2,f-fathurrahman_pwdft.jl
952,7650a753b9d1e4ef01e4d16651e27e5c4b3c8781,f-fathurrahman_pwdft.jl
953,765cd911dce366a98e3ee7ebb3e96d4291178e72,f-fathurrahman_pwdft.jl
954,76916c8a65c83ca50fba3bfa2a1851d1a4c390fc,f-fathurrahman_pwdft.jl
955,7692574e49002dc38d8c4c9aeaa45b6e79a283b9,f-fathurrahman_pwdft.jl
956,76adcd4342e168f520e510dd172b8d211b7f08a0,f-fathurrahman_pwdft.jl
957,76b481953047d894a370adf6f6815012d47f115f,f-fathurrahman_pwdft.jl
958,76bb3beeb6efb71f157f4c94f4f113ca2b8e2168,f-fathurrahman_pwdft.jl
959,76c89889895ae80647f229e9a5279041c6691977,f-fathurrahman_pwdft.jl
960,76efb5040af65a9425d7f78b224c0e5885a994fe,f-fathurrahman_pwdft.jl
961,76f559cbe2c5d112d0744604fb509c4b60669f8a,f-fathurrahman_pwdft.jl
962,7718692fe9be6e5d01e1ca0e9d630018d6bef592,f-fathurrahman_pwdft.jl
963,773367c3111ea8f420a75fa2a598732d52a56f43,f-fathurrahman_pwdft.jl
964,7761032944b256263d2868a210f5203ac27ff96d,f-fathurrahman_pwdft.jl
965,7775adcf4d518159f53a26d139d8e326806235b7,f-fathurrahman_pwdft.jl
966,77798303b2d7172aef00bb034c21e5f73e6482ed,f-fathurrahman_pwdft.jl
967,77ab49d8d05ae4642e1e019fd1204893b4bbd0e3,f-fathurrahman_pwdft.jl
968,77e23ead6eef0799ab9d9bc3deb78be2686fc0d7,f-fathurrahman_pwdft.jl
969,77fecdf5e6b856368fbb664950a6436783b52fa2,f-fathurrahman_pwdft.jl
970,7810b2c3db47c54ce789f7194bc1fd36eb995909,f-fathurrahman_pwdft.jl
971,78265496836fc266f3aa8af7ea2f109fb964f824,f-fathurrahman_pwdft.jl
972,78291f8f30513536eb48d9565d7e6843823b9cbe,f-fathurrahman_pwdft.jl
973,783501e552f858ccb76a65e19c34f9ac10aa6fd6,f-fathurrahman_pwdft.jl
974,783a449135200e5891afa33cbb4637e8c08b0d29,f-fathurrahman_pwdft.jl
975,784ce49e2c5871fb0116302f3141bbf102a3cf95,f-fathurrahman_pwdft.jl
976,784fbd5f5a96d99bb19ab6902f3476ed5abb1561,f-fathurrahman_pwdft.jl
977,785ac6d697e9174e8e17e9adbc0ed46593e027b2,f-fathurrahman_pwdft.jl
978,78678fda20805b02489d088fb5c329371fe8cc7f,f-fathurrahman_pwdft.jl
979,78833656fc3238ea47dc2941fb923120fb069caf,f-fathurrahman_pwdft.jl
980,78a986e1f89b7226601d704fc8cd42cc30583cea,f-fathurrahman_pwdft.jl
981,78aebb9c1ac48e9ee828a81234439d9e1dac2f5c,f-fathurrahman_pwdft.jl
982,78b043fd24234e78f15f29fab206daccf82ecd5e,f-fathurrahman_pwdft.jl
983,78b6483ab831d2bc917670d1ba967dc8f064dc39,f-fathurrahman_pwdft.jl
984,78b8c11285e96897ef50cec1ee6f7ed9b4993ece,f-fathurrahman_pwdft.jl
985,78c99716a08ce12336730d3c8379ba03a5f0a7ad,f-fathurrahman_pwdft.jl
986,78e0de06a790679d9e821ede5e1309bd59872ee5,f-fathurrahman_pwdft.jl
987,78e44c514b77ea3862cada4747026383ed6fd025,f-fathurrahman_pwdft.jl
988,79077f8734d9c88d13b444248806f6f636efa3e9,f-fathurrahman_pwdft.jl
989,790a8495286db609040a8e71521836cfa50dca47,f-fathurrahman_pwdft.jl
990,791f4a4c085c8f9fae4afec607ec62a5a0bf7442,f-fathurrahman_pwdft.jl
991,7942872d75ba48bbe79eaa4d38ef6201cbc2ca7a,f-fathurrahman_pwdft.jl
992,7962afdddc2d01020cb71e7ca9b64cf1697c50a4,f-fathurrahman_pwdft.jl
993,7975e1e5492fb665055a2238e1dc7c115a407860,f-fathurrahman_pwdft.jl
994,799d55ece07a1d8a7f44578f303064625c33d5c4,f-fathurrahman_pwdft.jl
995,79a7427e1b6e51cb44e73763fa91d0c4281203f9,f-fathurrahman_pwdft.jl
996,79bfa8c6b6fb9b99afdc7f44360a5057e89ab249,f-fathurrahman_pwdft.jl
997,79d4ef81b94cf80a33ded41ba73a47fd265694d9,f-fathurrahman_pwdft.jl
998,79f378c0b944cfc2d152bed5d92c478a5427082c,f-fathurrahman_pwdft.jl
999,7a054bd3ab2b947d1ade1973d2e822a43bf7d4df,f-fathurrahman_pwdft.jl
1000,7a17579e7a04128fcbb93b64c7874ff4b2d9c0f4,f-fathurrahman_pwdft.jl
1001,7a486fc7d978dc9d63b3570c394a109c7ac930ff,f-fathurrahman_pwdft.jl
1002,7a5302ee020ce7be25194adc575ae7e7a8dc0893,f-fathurrahman_pwdft.jl
1003,7a5d94c0800a3d68fed4d9318b501fc43154c1a3,f-fathurrahman_pwdft.jl
1004,7a6038ea8f2d86f5eae9698ff370257d9ee3ddb0,f-fathurrahman_pwdft.jl
1005,7a6b83485f340c57bd614b9940193461b9ea0ad0,f-fathurrahman_pwdft.jl
1006,7a77c928aed5d0ac0facd0faebbee67374552192,f-fathurrahman_pwdft.jl
1007,7a98fa1067e08fc7bc7fd91c462b14bd83b909b5,f-fathurrahman_pwdft.jl
1008,7abce3fe82678c8b0f39d9b76a715562d391cf4a,f-fathurrahman_pwdft.jl
1009,7abd34835bf92abdadf561ee43987e2f9a7c8b8a,f-fathurrahman_pwdft.jl
1010,7ae8825fbd7570175417b082220056c4ace024ea,f-fathurrahman_pwdft.jl
1011,7b2fc77149ea3c6fecfd2d55c0867a56920cd55c,f-fathurrahman_pwdft.jl
1012,7b68c27c9f6bf00c8ba0b30fab7574a29b27383a,f-fathurrahman_pwdft.jl
1013,7b75e98b1dd7f225307600d085530152b6c46596,f-fathurrahman_pwdft.jl
1014,7b77179e63ae6b5f02d792319164bf5b65cf2d26,f-fathurrahman_pwdft.jl
1015,7be1dae990f66f1d3892d95ad6f36c01b2870182,f-fathurrahman_pwdft.jl
1016,7bf6019b9f0d07935454e47f7d5c60b1b614ad28,f-fathurrahman_pwdft.jl
1017,7c12c24e2dd362e066c150749d2cd2de3602f2f4,f-fathurrahman_pwdft.jl
1018,7c25ec292a8698f6fa581ebb4531634ee1010e1e,f-fathurrahman_pwdft.jl
1019,7c3a006777ddcb4dd3aa70f491b3083acde9fcb7,f-fathurrahman_pwdft.jl
1020,7c3bc54c622d5592cedeaaf5d81b9b27e99df8c8,f-fathurrahman_pwdft.jl
1021,7c948a60dbbcb35f5dcee252c5e0a7f01c730bc4,f-fathurrahman_pwdft.jl
1022,7c96b7f46e248c1ae50cddca8555b53d954b91d5,f-fathurrahman_pwdft.jl
1023,7c98886dc39300db1655ffd42b6c1e75432fcfe5,f-fathurrahman_pwdft.jl
1024,7d08770a936111948515e02b1210ceeb1ab4c765,f-fathurrahman_pwdft.jl
1025,7d2ee339940d73e251d60525a4ad2bb7276237eb,f-fathurrahman_pwdft.jl
1026,7d2f16501374285993f90b6bbc6b9d3f3e913fa0,f-fathurrahman_pwdft.jl
1027,7d37c33a4c6f362d3e0a46387cff46d3e7a84c7c,f-fathurrahman_pwdft.jl
1028,7d38a4f4879365adec2be2224c9c2d4b23f69f86,f-fathurrahman_pwdft.jl
1029,7d3a0f795ac7182937740ecbed2ed146781a3068,f-fathurrahman_pwdft.jl
1030,7d5ea8a466625436981510278e98c42ff088df4d,f-fathurrahman_pwdft.jl
1031,7d5faf460d1866da2948a387eaea79295a394e20,f-fathurrahman_pwdft.jl
1032,7d8269e1400db04278dc7d7d4ec427b19076f285,f-fathurrahman_pwdft.jl
1033,7db4f8a7c52f25616672cee95bfb2455c8d02aca,f-fathurrahman_pwdft.jl
1034,7dbefff567d0ddeb7efd4f19d05f4cd780364ac8,f-fathurrahman_pwdft.jl
1035,7de0061a3d1c6e268fee80fead06fbf712018730,f-fathurrahman_pwdft.jl
1036,7e09a66e1643ce66b5bd3ce20f1efa486676f15c,f-fathurrahman_pwdft.jl
1037,7e3401fa06118aab74fd931b8210eeb984343fd6,f-fathurrahman_pwdft.jl
1038,7e6cf218dbe012fab8f838b3d3dcb9f4d74aefc0,f-fathurrahman_pwdft.jl
1039,7e7b9ee84a776f03e0e41f6198ee3e9482339677,f-fathurrahman_pwdft.jl
1040,7e9732a2008c4de9182fb9a19ede4cd40f71a81f,f-fathurrahman_pwdft.jl
1041,7edd8ef57a00d5f8e8c2fc7877560377dca6b03b,f-fathurrahman_pwdft.jl
1042,7edf8476e490d3e95b50cce032bf2d0115cda65b,f-fathurrahman_pwdft.jl
1043,7efe4f6f53c9eb9b97b24224cda095079ced1657,f-fathurrahman_pwdft.jl
1044,7f109c06b494811a5ce4e63f20070addf2d5739f,f-fathurrahman_pwdft.jl
1045,7facb6ff2a7df52f8469eeddc84212e69f04645f,f-fathurrahman_pwdft.jl
1046,7fae4511cd6990642755b93ecebd808546bdfe98,f-fathurrahman_pwdft.jl
1047,7fb2f9d6917629ae7cf9bae8fc26bdfb46f1fc9e,f-fathurrahman_pwdft.jl
1048,7fbfd4196316da4d15c5fc86c620f67396a60e38,f-fathurrahman_pwdft.jl
1049,7fc2510436e5ea93f8c698d4d3ef77d26a1c1ddd,f-fathurrahman_pwdft.jl
1050,800225b61563640a5a61148cb455adc6bad8663a,f-fathurrahman_pwdft.jl
1051,802529e619b86addd67f0ddc78872104ee7c1e21,f-fathurrahman_pwdft.jl
1052,80351679aa8e7dba02c4af8e319568ac1db0ce35,f-fathurrahman_pwdft.jl
1053,80a1f2cc350b1786c599d2285dc413da87d38aeb,f-fathurrahman_pwdft.jl
1054,80b75a34b57cab503bccebfb39d6b90127cc5713,f-fathurrahman_pwdft.jl
1055,80b8b23b289cf866b87bf88cc2c6e646d77f12da,f-fathurrahman_pwdft.jl
1056,80cfb10aa3110c5072754b02be4ec522ef6598a9,f-fathurrahman_pwdft.jl
1057,80e93d842ed1803feea5ca1f202d993f3a155275,f-fathurrahman_pwdft.jl
1058,80f5e4ffa25a89d5dbeae057a8f9b0c6f89a1ae1,f-fathurrahman_pwdft.jl
1059,811fba718e3d9d6465cd8eee5a84c33bc471086f,f-fathurrahman_pwdft.jl
1060,812771092e9efbdcf636be959c54a74642ab986c,f-fathurrahman_pwdft.jl
1061,8172f2ea0b0ae72c98bf1a49b442f43b3dce6384,f-fathurrahman_pwdft.jl
1062,81741d0d9a1e8c096492e4816174ef147a5f212a,f-fathurrahman_pwdft.jl
1063,8200b4f56f71080bbb8a9d3e08ff4661e5f33111,f-fathurrahman_pwdft.jl
1064,820f22d818d097bb66a7c2d9bd8ce64cc5ab5326,f-fathurrahman_pwdft.jl
1065,824df8aa12bb85f8ee5ea25e625dde4860d36671,f-fathurrahman_pwdft.jl
1066,8250991caa3ab4694eb66d50deba4c9dbdf0d63f,f-fathurrahman_pwdft.jl
1067,82e754dcbeaa3bb38e82b201560026b0124f31bd,f-fathurrahman_pwdft.jl
1068,83111de2bd5f3ca785581f7b51fa091174ee7465,f-fathurrahman_pwdft.jl
1069,8314dbb7d4e6795d4729ca89611c0267663b0c09,f-fathurrahman_pwdft.jl
1070,83213991e4e7d92b43632a4d129dcafb4bacb92d,f-fathurrahman_pwdft.jl
1071,83221917f34b034348798d27257c93f291c0a337,f-fathurrahman_pwdft.jl
1072,832eac3544531b07bc72f92258e06a0a51b6eba1,f-fathurrahman_pwdft.jl
1073,838837e0920dafbba620b6f5d3ef38798b6d8ebf,f-fathurrahman_pwdft.jl
1074,838df03f57f8403010c8dd1b74db9185e6febe06,f-fathurrahman_pwdft.jl
1075,83cbcf455df783eb62b6b6d03ec852a2fca7e887,f-fathurrahman_pwdft.jl
1076,83cd95b6cf8254e4c3cd91ca5ef36305be0f8fa1,f-fathurrahman_pwdft.jl
1077,83dd3d4a2ba39ab82c1b5109fbab3e8eca2b5332,f-fathurrahman_pwdft.jl
1078,83e238fa7c39fa452b4fc5f4970e5cca60a9a46e,f-fathurrahman_pwdft.jl
1079,841b88c3a2ba237164817fbc931b44bf583d8979,f-fathurrahman_pwdft.jl
1080,8443915bbfd4d897b74bedaae0253100c0d1f698,f-fathurrahman_pwdft.jl
1081,8484118d9f7e69fafa2ad6d90a6eac141d967b19,f-fathurrahman_pwdft.jl
1082,849b4eecb08540933ed00a81dca751d770960583,f-fathurrahman_pwdft.jl
1083,84a81958612d70de02fe392545af8206142ae63b,f-fathurrahman_pwdft.jl
1084,84dccb85b67fec1bf266432225c8a5b6828b05ce,f-fathurrahman_pwdft.jl
1085,84e8ac86ca79c9076f711bf4f3bfdff601b34429,f-fathurrahman_pwdft.jl
1086,8528da0b120a4bc7a34e881963351583a8f8e678,f-fathurrahman_pwdft.jl
1087,853bff297d9219d0d9ea746fc44171f5ce9074fe,f-fathurrahman_pwdft.jl
1088,85498e5f33a0bc9a0cb63a3f43b2d9e29050da9a,f-fathurrahman_pwdft.jl
1089,857090b894d9ca1936d3666bee8bfb484c05b958,f-fathurrahman_pwdft.jl
1090,85bcd1b14bcd17ce44911f3d462a3d299d117b66,f-fathurrahman_pwdft.jl
1091,85c462b0977e022fd63bcb83df87be7d065d3e1a,f-fathurrahman_pwdft.jl
1092,85c87fca16c4cb8eaf9f5bb313459576b2305003,f-fathurrahman_pwdft.jl
1093,85d5e09741fb0885d35f76adbf06153136c6fecb,f-fathurrahman_pwdft.jl
1094,85da159bfad4d3d73fb6e0772519c981fb5fd6fa,f-fathurrahman_pwdft.jl
1095,85e990432378d49e1030c110c195abe35787f88d,f-fathurrahman_pwdft.jl
1096,85fab12bb93a661320174897b7b91373de1a5a0b,f-fathurrahman_pwdft.jl
1097,862099c8a05bd23e00c0e836e8cb2108785c7e63,f-fathurrahman_pwdft.jl
1098,862fec739a16b94761211f8a659686962b0a3fbb,f-fathurrahman_pwdft.jl
1099,863c69ca678a5ddc09fa81e9bc2c22780da400b1,f-fathurrahman_pwdft.jl
1100,864c157e17e6c504bdabdfc363c6b672b7fe33ab,f-fathurrahman_pwdft.jl
1101,866f9cff79e473afcd17db3be25ee7bef1d0302b,f-fathurrahman_pwdft.jl
1102,86be505f31be37d6bae16fd2bb532285a6568537,f-fathurrahman_pwdft.jl
1103,86d7684fb8ad3aadb34387b6ec29a65bf347c7e3,f-fathurrahman_pwdft.jl
1104,86daa40495825d60a66d28f74ea6c4568fad51e9,f-fathurrahman_pwdft.jl
1105,86dde3b7f3b4a3f5258fbd3d4b1321c6b6924b9d,f-fathurrahman_pwdft.jl
1106,86e19d61071c782e8536bfd5ac145179bac03297,f-fathurrahman_pwdft.jl
1107,86f7add822c2dfcd13cb81b09c66895981cfd2ea,f-fathurrahman_pwdft.jl
1108,8734d5eab502c8b65b12f26e57779a00778db429,f-fathurrahman_pwdft.jl
1109,87394a31c78a4db6b9befc8786d876da9d984e2c,f-fathurrahman_pwdft.jl
1110,874cbc117efcbd2f8bf87b827cea8894806e8f62,f-fathurrahman_pwdft.jl
1111,87ccdf8a3898ee4d2e35ef92283f46122bb00bb2,f-fathurrahman_pwdft.jl
1112,88067d0a6f7a9a7f073a4f85f36639c37cd58b1a,f-fathurrahman_pwdft.jl
1113,8830ee9b53ba91f594f38b8afea29efd6ab49856,f-fathurrahman_pwdft.jl
1114,8852adfbb918949975ad3aa59fc438f7159b45cf,f-fathurrahman_pwdft.jl
1115,885ca58a194fb3ae98ea74f8019fff02380a7cb0,f-fathurrahman_pwdft.jl
1116,88632d9387aa82cab265c12bb7dc4dbee40f2048,f-fathurrahman_pwdft.jl
1117,886733dcdf1f81523916c2e3acb96488d898a2db,f-fathurrahman_pwdft.jl
1118,88dc92ed0f12630ceb5c460a23269b19b4ab2922,f-fathurrahman_pwdft.jl
1119,88e395b67373315ee2047b278ac6e3f642090fb6,f-fathurrahman_pwdft.jl
1120,8909dc6e9852eb41137a3dba6a625b02a3a5b52f,f-fathurrahman_pwdft.jl
1121,89428055f9907fbac5da6e95544a26cf1e3362d3,f-fathurrahman_pwdft.jl
1122,89517226f8a2c8251d8264f90166a88ccbba9e49,f-fathurrahman_pwdft.jl
1123,8955de5f532baae1abd6a25f6ace5818a2457d52,f-fathurrahman_pwdft.jl
1124,89771b9640d71f75edbeb424b0dd5e7686328c41,f-fathurrahman_pwdft.jl
1125,897770de1cef437fce4d0455183564064bd3657c,f-fathurrahman_pwdft.jl
1126,89994831f03557883b4379e76873f5df58b4bc0f,f-fathurrahman_pwdft.jl
1127,899dde4cc5ad7510fd0e443c71a0c412aa091e06,f-fathurrahman_pwdft.jl
1128,89bf5897d4b9d7604d5f46b6ce69fd3eff09f4a9,f-fathurrahman_pwdft.jl
1129,89c2ccd6db5b82c7e4bb88e48b66293888eb11d5,f-fathurrahman_pwdft.jl
1130,89c55be4a47e89242914c681eae41712e530fbb7,f-fathurrahman_pwdft.jl
1131,89d6fd2f362c5e7e1825f4d95e3a13d64cabd1ad,f-fathurrahman_pwdft.jl
1132,89d9aee1c30423b5f5b9e107b0d220aad86e6646,f-fathurrahman_pwdft.jl
1133,89e2670948dce783f8777b8d7782e170a4640c1b,f-fathurrahman_pwdft.jl
1134,8a14fba099edd808e373255f08d0bcb906a44444,f-fathurrahman_pwdft.jl
1135,8a28c10ce5a51263aa8f02169a4ea1cf755601e8,f-fathurrahman_pwdft.jl
1136,8a449c618f8210dab57d0daf80dc835f2a5726f5,f-fathurrahman_pwdft.jl
1137,8a466dea9cbf7a5f738f04898a3ed97822ff4831,f-fathurrahman_pwdft.jl
1138,8a47a139860536827fbf3bdc3700d47cd21449a6,f-fathurrahman_pwdft.jl
1139,8a6d06e3e74a79d7fa900719f3844dbd96409959,f-fathurrahman_pwdft.jl
1140,8a76014ea0f992acbf93489d0733403a0b4566d7,f-fathurrahman_pwdft.jl
1141,8a901a33c4767337f570e70cc8cbd99c475c08a7,f-fathurrahman_pwdft.jl
1142,8abc0cdde5c02b18b6e624843e6b9599c2188b27,f-fathurrahman_pwdft.jl
1143,8abe79fe9812cdb6fd8312de88bc5dcb06256581,f-fathurrahman_pwdft.jl
1144,8ad2a067c2071f3b0574f54351a57cdf0e8f8b5d,f-fathurrahman_pwdft.jl
1145,8adf341bedbf5d7464f834b26d31fdf8a944b747,f-fathurrahman_pwdft.jl
1146,8afa80cb751001815914d68f046df454d016a3a0,f-fathurrahman_pwdft.jl
1147,8b0a103f88b37b3f3720e1406898900e65009c7a,f-fathurrahman_pwdft.jl
1148,8b0dbe3ce5c8fda33d1e64b180f7a1567098dc11,f-fathurrahman_pwdft.jl
1149,8b2638ac504e454cd54bfe67fad83b784b302332,f-fathurrahman_pwdft.jl
1150,8b3e0cb3c0b0f80384ea5f50de90d196b3139cc8,f-fathurrahman_pwdft.jl
1151,8b832416da6faa7cc01b081ab7a82b539e7b3782,f-fathurrahman_pwdft.jl
1152,8b8f078baca8b2ff0543ba0d924a7774d653f99e,f-fathurrahman_pwdft.jl
1153,8bacb98f620b914a5d424cebdcef4072ec1dffa9,f-fathurrahman_pwdft.jl
1154,8bc5cecdbe10b1f8c18029414ae03b7d3becf13e,f-fathurrahman_pwdft.jl
1155,8be82ffb99d8a864149c65e5461f65cb659f2bfa,f-fathurrahman_pwdft.jl
1156,8bebe46c78f659770a9c3632de1185a10ce8c3c3,f-fathurrahman_pwdft.jl
1157,8bf1efbb1373851e1125c5e7e194145d231c48f8,f-fathurrahman_pwdft.jl
1158,8bf9f6b63268c555dbfb6a6f1a9d4ad5ee643893,f-fathurrahman_pwdft.jl
1159,8c3cc869985fdd9619f8516249eb7fa9c3d5b4b9,f-fathurrahman_pwdft.jl
1160,8c5625fb6249a23c219a20340bbdda7e9ccc183e,f-fathurrahman_pwdft.jl
1161,8c67cf66a8273911d6f2ee30e7923eae99dbc9a7,f-fathurrahman_pwdft.jl
1162,8c8ecbe5afbb5e0c95bd670904e87db89982a4a2,f-fathurrahman_pwdft.jl
1163,8ca67d0171378ee4dedefad9d5e360e9bcdf8b84,f-fathurrahman_pwdft.jl
1164,8cad40cd8fbd4e8bb5be2ea19e61931eded1134c,f-fathurrahman_pwdft.jl
1165,8cb9917461a444b82310331aa635c7b08bdbe522,f-fathurrahman_pwdft.jl
1166,8cde5c4712760d784bf3399665dc4072bf93fba2,f-fathurrahman_pwdft.jl
1167,8ce691af1a2a56dfda66b215cba0224f0a925e30,f-fathurrahman_pwdft.jl
1168,8d06a6d0740f3be44fb77f99c31f84a0f2b54bbc,f-fathurrahman_pwdft.jl
1169,8d0e216a0598a701888224d8094bbabe8c563eb3,f-fathurrahman_pwdft.jl
1170,8d1c40465cc1326b5eddd525fa9e40a1e345d8c2,f-fathurrahman_pwdft.jl
1171,8d216a13fbbc0aeb656e3de2937678af249c8670,f-fathurrahman_pwdft.jl
1172,8d379fdf6e867f3c3f97b4b41c3e51d6b56e08eb,f-fathurrahman_pwdft.jl
1173,8d5d957ddffbb2f07e6f7b2378ec2aef0704241a,f-fathurrahman_pwdft.jl
1174,8d63f543fa995ff3da9cc25d259d5f038556c9bf,f-fathurrahman_pwdft.jl
1175,8d653d886fc088e183f9d8100aa3f2d96ebaaa74,f-fathurrahman_pwdft.jl
1176,8d6b97bd9f1248da1420aabc7745a83eccf4ace9,f-fathurrahman_pwdft.jl
1177,8d72b14dabd3a82c14aa351b6ece70600a1675cd,f-fathurrahman_pwdft.jl
1178,8d77a36cdf2a37db3fdab4a0b07d0128c7d14e9e,f-fathurrahman_pwdft.jl
1179,8d86a6a9401dba5be47b40b5a12e0c41fd1b0ff2,f-fathurrahman_pwdft.jl
1180,8d92d8d239f2b3b3c0c1afefcafd4040fed44011,f-fathurrahman_pwdft.jl
1181,8d9e584997556e871feae5a5e080e7b3013bacfc,f-fathurrahman_pwdft.jl
1182,8db7a928d7139649ca5cc819b5ee5a4425d9f7a0,f-fathurrahman_pwdft.jl
1183,8dbfb677f43050ab483dd7b5116ec04a02e377cf,f-fathurrahman_pwdft.jl
1184,8dca896b822b5fdbfa3bafa5e4872e49a1baee20,f-fathurrahman_pwdft.jl
1185,8decc7debbc7c1f62020701552c9a1614999e32b,f-fathurrahman_pwdft.jl
1186,8e3c405dc670ce010165f6b18642d999f96e39c7,f-fathurrahman_pwdft.jl
1187,8e5cbb83435986168fc73d413734825f7ebcc797,f-fathurrahman_pwdft.jl
1188,8e5ea1c562d5b34e35d735b5ed346b2b48808917,f-fathurrahman_pwdft.jl
1189,8e9e6acdc759b1e7ce18a2e1d3994f4c6bcf497d,f-fathurrahman_pwdft.jl
1190,8ea175340b105fd43d2184a72ba1f366d43aac7c,f-fathurrahman_pwdft.jl
1191,8ea3a9b8df4f3755b8154bdb46df7db209af913e,f-fathurrahman_pwdft.jl
1192,8ec6bd2fa53ce4b0bdd7dfb7c4280551214c860b,f-fathurrahman_pwdft.jl
1193,8efde107fd5975e2633227e6a4decef840aa98eb,f-fathurrahman_pwdft.jl
1194,8f215569e6e08e279e13810f13ea670595f96088,f-fathurrahman_pwdft.jl
1195,8f2244432703b85f480cfded50cdb965f438ad3c,f-fathurrahman_pwdft.jl
1196,8f50c44880aa2dc153497ea07e420f79553f5806,f-fathurrahman_pwdft.jl
1197,8f56ec9136c2db429e66591c879f8fb74a0ee0c3,f-fathurrahman_pwdft.jl
1198,8f938faed1f148544c2e735164e3e13a1e40e16c,f-fathurrahman_pwdft.jl
1199,8fa33f0eceed91715fda6bb8ee29fbdd0c397342,f-fathurrahman_pwdft.jl
1200,8faca0a0bdbe05a24db83e223f253dab182bf35b,f-fathurrahman_pwdft.jl
1201,8fca21197f9eadefbaecbe576ac3062b16d83e93,f-fathurrahman_pwdft.jl
1202,8fde7fc99ab3bd16717e431f6799fb89acd57668,f-fathurrahman_pwdft.jl
1203,900422b667be9bf78c11a4b5cf12aec1e200bbc4,f-fathurrahman_pwdft.jl
1204,900b8e2687961bf91ff59490a8b8d212da16d41d,f-fathurrahman_pwdft.jl
1205,902df1930bd8bea73c16ad796dbbc3fb2e77c86c,f-fathurrahman_pwdft.jl
1206,9067a1debf411cb34332169960ae2f0d1d4f1314,f-fathurrahman_pwdft.jl
1207,90a92982e37495938f553cd96dfc4631eba92bfd,f-fathurrahman_pwdft.jl
1208,90eb863cc5f2d42dfe7681ceb4569624da3e6854,f-fathurrahman_pwdft.jl
1209,91159b6b1ed4945ff8badaeefd5ec4c5c753f731,f-fathurrahman_pwdft.jl
1210,911b4e4bacf890295c053525d12abbd3a1def1a9,f-fathurrahman_pwdft.jl
1211,91339c0f16cfbaa81fd804b33a5401432b6cb9ee,f-fathurrahman_pwdft.jl
1212,9143300c7e1114ce90e8d8d4202035ea0c36408a,f-fathurrahman_pwdft.jl
1213,915d8408b28d9fe0e5945abfede42fd4133e9b0b,f-fathurrahman_pwdft.jl
1214,918f4af9db86b5540148513824987f8487a1f296,f-fathurrahman_pwdft.jl
1215,91a54aea23e4fc5c35e7af633405ec16bd6a8a6c,f-fathurrahman_pwdft.jl
1216,91ac16a6b1cc3d1ff2fb1c86603485ad29933945,f-fathurrahman_pwdft.jl
1217,91ea08a927ead02c31f491fbd22546925d5dcd59,f-fathurrahman_pwdft.jl
1218,91f902206d264dc639d7f8eebd6740164f5cf418,f-fathurrahman_pwdft.jl
1219,92101828e26a4d8ea77a24c960250747590dfd50,f-fathurrahman_pwdft.jl
1220,92249a0b4390ffb0d69d23927a96312238d9786f,f-fathurrahman_pwdft.jl
1221,92d58b8d3906d824ef9a3669b7a2e5aee61529f3,f-fathurrahman_pwdft.jl
1222,9340180c8d520587d8129853a0e32cfe3aa7591d,f-fathurrahman_pwdft.jl
1223,936b4a1243d28cb8a3470c4bf552a3b9661a5272,f-fathurrahman_pwdft.jl
1224,939f5137860be8823b01bfa7360974a001f59f31,f-fathurrahman_pwdft.jl
1225,93bfbb8486c5d857bb82d85421603b7d55a4be40,f-fathurrahman_pwdft.jl
1226,93c33d09705beff32c523244d7d333235a9099a3,f-fathurrahman_pwdft.jl
1227,94104dbb4f52af1823a9512cb5568a53a12b2c82,f-fathurrahman_pwdft.jl
1228,941f27148b76cf013862514d1cae27d867f4529c,f-fathurrahman_pwdft.jl
1229,944fa4fdf5a501016c9e46b546d834c345ca4eec,f-fathurrahman_pwdft.jl
1230,946256a146ead35546982c8ee947b7a3ab8ba9ab,f-fathurrahman_pwdft.jl
1231,94901e27395033bb0a5edb4785eee83c92f0d49a,f-fathurrahman_pwdft.jl
1232,9491a82939e2006786b7046f580f1472d29416bd,f-fathurrahman_pwdft.jl
1233,94d42a09765fd6010d3d4af94c5b7b3031cb8fdc,f-fathurrahman_pwdft.jl
1234,950d97aa3117c52b8a15588f20b7e55992427bec,f-fathurrahman_pwdft.jl
1235,9517df22673f6e800019675d786b7258a5c3585d,f-fathurrahman_pwdft.jl
1236,951ba426a3e819ba40856fbf2c10b1e99b4cfafd,f-fathurrahman_pwdft.jl
1237,953159a0b61593e346103378e127c592d63326cd,f-fathurrahman_pwdft.jl
1238,954f8acc461438495bf11a332cf30b9ca4709096,f-fathurrahman_pwdft.jl
1239,9550b1e0588a6a2fbca75821ed6fc38fa8919936,f-fathurrahman_pwdft.jl
1240,95554c25dc0853ab0687608ae4d5c3dd02d03ba9,f-fathurrahman_pwdft.jl
1241,9559878623ce365ac55b58cde7ab11d12d22f99a,f-fathurrahman_pwdft.jl
1242,957795123de948a7f4c82f3a3d7e954a9856349d,f-fathurrahman_pwdft.jl
1243,957a2bd6e3aa69ba533e25c469cde319a472c1a0,f-fathurrahman_pwdft.jl
1244,95dd87b1b05cd1c0f33bce8903e54da0d939102c,f-fathurrahman_pwdft.jl
1245,9606f31c14504cbdfd3f5e4c4932643fa0c35915,f-fathurrahman_pwdft.jl
1246,963974a4b68d06ebb87b565566080e0b1a318fe4,f-fathurrahman_pwdft.jl
1247,963e1076a9f3d5cb5b69fc62dd997a884fc9a868,f-fathurrahman_pwdft.jl
1248,965c9adc4f8840f549fbc16d050af0998feb7c8b,f-fathurrahman_pwdft.jl
1249,9662f856dbe1d9f45ffa6b37e2bcc6b208fa4a68,f-fathurrahman_pwdft.jl
1250,96a083f3c183e01799daa5be5006b0c42f703cd2,f-fathurrahman_pwdft.jl
1251,97205193f82f4660b1681e9d0967703864911c15,f-fathurrahman_pwdft.jl
1252,9720ee6c4955eda25f9d685e15fa296e5f1c9bf0,f-fathurrahman_pwdft.jl
1253,973753ecb705c7aac5b040c97515bc25632a7876,f-fathurrahman_pwdft.jl
1254,9797b8faef6db78b6eb6f8748cc1b54ca2694856,f-fathurrahman_pwdft.jl
1255,97c923a2d92966d15cf935361c3c72bc545803d8,f-fathurrahman_pwdft.jl
1256,982be63ae25e7e242e2898f7db795991b9144cc6,f-fathurrahman_pwdft.jl
1257,986191d785c71da519a9567a4c5c4f14f2687102,f-fathurrahman_pwdft.jl
1258,98c663f04e6d0e69c87098eeb2875c817ad590c6,f-fathurrahman_pwdft.jl
1259,98cafbc71a404ad9dc1c036bca31081f14e55b80,f-fathurrahman_pwdft.jl
1260,98d0919de78450f1fce7ec79f22e131f5e8ef460,f-fathurrahman_pwdft.jl
1261,98f10cbbabe7935feb0f774fb203001fd693f019,f-fathurrahman_pwdft.jl
1262,9914d9617a45ef11dd785b27e65e021fdc0ae4a8,f-fathurrahman_pwdft.jl
1263,9920644b17dde7675c5edb5794109f888c496351,f-fathurrahman_pwdft.jl
1264,9921f0548a348c5c39cd9c68e2345e8f33011891,f-fathurrahman_pwdft.jl
1265,9953158a4045bdc090e9119ff2c9e5681bbf88b9,f-fathurrahman_pwdft.jl
1266,9954f5c1354b7c32e3f0beb3c42adca502228bbf,f-fathurrahman_pwdft.jl
1267,99622cbbb03dace2a0774047f783e930b05fd383,f-fathurrahman_pwdft.jl
1268,9977a4d57059663cc9c8a243dbe4641619a7cdb9,f-fathurrahman_pwdft.jl
1269,997ed56e56a519875a7cb99b308c49de9640c794,f-fathurrahman_pwdft.jl
1270,9996241baa5f4a09732f4cb6374de72c8cac1bb3,f-fathurrahman_pwdft.jl
1271,999da4b68404b3fea002103a777c324ffad39048,f-fathurrahman_pwdft.jl
1272,999e55f937be852bc1cf79848b4187bcd640465c,f-fathurrahman_pwdft.jl
1273,99c93b8d50a613ff417b0e78b83906ad95693485,f-fathurrahman_pwdft.jl
1274,99ccf90450732d9db722dac4b50df0fde91d4d3a,f-fathurrahman_pwdft.jl
1275,9a194866caf0176ad8b674123ee77fd42d5cf582,f-fathurrahman_pwdft.jl
1276,9a19a79b5e63fd6edcd41ff10d5d523db3ca9bab,f-fathurrahman_pwdft.jl
1277,9a3e383954dc4816afe0cf4891a46e7138884564,f-fathurrahman_pwdft.jl
1278,9a7c5f012ec948265b6c017fc0ed7f44d4f4b283,f-fathurrahman_pwdft.jl
1279,9a85adf931d7ab3bf9cf3ed8969b5bbc2517239d,f-fathurrahman_pwdft.jl
1280,9a8da931a8c40fa1c08feffc45b9dcffef705087,f-fathurrahman_pwdft.jl
1281,9aec40f6bdb2d252ab51f5a69ea93483e7fae86e,f-fathurrahman_pwdft.jl
1282,9af815b1e71451b9169c892978b698824fd067b4,f-fathurrahman_pwdft.jl
1283,9b0e94d00e2dfc89ee89d0acf738520ac1d146b4,f-fathurrahman_pwdft.jl
1284,9b159527fe2edbc046d6c917eee09c7d5890393c,f-fathurrahman_pwdft.jl
1285,9b1995d1925bb479a9743377e3cf6a18c2d2bd05,f-fathurrahman_pwdft.jl
1286,9b2e7cfe0213e64fa2e66b5c986bf3440221c4ca,f-fathurrahman_pwdft.jl
1287,9b330adef5d3fdee0f78757904df7bc8adeb473c,f-fathurrahman_pwdft.jl
1288,9b57bb2aecb5a6cfdb186ba5b4e6cf23c320fcbb,f-fathurrahman_pwdft.jl
1289,9b7f5b5b92f135039442b37a8470bc7cbc473e2e,f-fathurrahman_pwdft.jl
1290,9b87fa35e82e8c6e63963fc4071b3cd8555c84b3,f-fathurrahman_pwdft.jl
1291,9ba2a82361bb6b056d07c0b3ac9ead61b95ebd24,f-fathurrahman_pwdft.jl
1292,9bb8551e345fe2711b1e337d0d378b7ba523669a,f-fathurrahman_pwdft.jl
1293,9bd1233a13a72b3312e4d12b794cf4ee41e39920,f-fathurrahman_pwdft.jl
1294,9bd6caaa7a9d601949806780790254cee5c0362e,f-fathurrahman_pwdft.jl
1295,9bd79ce6c044d01f7b749be9b382bc989807ae65,f-fathurrahman_pwdft.jl
1296,9bee51662f0a5ec0e7b584b1047b5125a2f8283e,f-fathurrahman_pwdft.jl
1297,9beed2bcf5d0c7bd96ed49ff891b6c66810bd666,f-fathurrahman_pwdft.jl
1298,9bf42cadd8277252a74a27fdfe443f3d7a03db46,f-fathurrahman_pwdft.jl
1299,9c0a6d913885622f33373e1309229d0034c106b2,f-fathurrahman_pwdft.jl
1300,9c342d01424735b63b6ee70dd0a8a4fdca9f41e6,f-fathurrahman_pwdft.jl
1301,9c7bf8acd61abb04373616b0375959723a0bd75e,f-fathurrahman_pwdft.jl
1302,9cfc5a0a2ac35c119519dff64df64dc44727443c,f-fathurrahman_pwdft.jl
1303,9d0073de17322f14673bd784ada0522db0deeaa5,f-fathurrahman_pwdft.jl
1304,9d43299eb2f5f5e1307ae61b4a1b8a05efcd0e20,f-fathurrahman_pwdft.jl
1305,9d4757130179330005fe25ef51f5bad418c1bfcd,f-fathurrahman_pwdft.jl
1306,9d76ae16246c0da1be4b9ebb8bdbbc4e4f323152,f-fathurrahman_pwdft.jl
1307,9d8d2df5cce7436c94a164cff7e60769f4de325f,f-fathurrahman_pwdft.jl
1308,9de2d1343149dec7029d208e7c049cb4fdfb57cf,f-fathurrahman_pwdft.jl
1309,9df6ff0fb9bebd83fc39bb1421c80a27fc44eace,f-fathurrahman_pwdft.jl
1310,9dfaee5106de80e16b2e92e04ee5a79f4d9f6600,f-fathurrahman_pwdft.jl
1311,9e0a6ede30cba833d0cf6809ecdb3611dd60b1b1,f-fathurrahman_pwdft.jl
1312,9e0dff1aa72a4ab02baec43740d94d0e8e27d51b,f-fathurrahman_pwdft.jl
1313,9e716dd39283bb7cb25ecb04fc26b3d6faafc21e,f-fathurrahman_pwdft.jl
1314,9e74a8f2b4d75b3cd45caa3d9f690dbe1619b6c1,f-fathurrahman_pwdft.jl
1315,9e90ab2ef0122aa3e664dd73f48469f1a22c911b,f-fathurrahman_pwdft.jl
1316,9e973d950bd4cd979ddfe546e69651dc24f1407a,f-fathurrahman_pwdft.jl
1317,9e9d21acdac318c6f5b841091fcda0271e810f67,f-fathurrahman_pwdft.jl
1318,9eac342a8a20d8866460cb8990b3a28695c4d94d,f-fathurrahman_pwdft.jl
1319,9ecc0718ec8996eda41629899330c4ebe49ed5d8,f-fathurrahman_pwdft.jl
1320,9f2907e8d2a369a55ff2b2cbd845dc45299d7a04,f-fathurrahman_pwdft.jl
1321,9f4a57b9c82d584896b0e70ac21e0212e08452af,f-fathurrahman_pwdft.jl
1322,9f9349218266f98e4e35e511ab3efed0b86f10c6,f-fathurrahman_pwdft.jl
1323,9f9a182868d04e9e0523ea6d2bc580a3ffce8d2b,f-fathurrahman_pwdft.jl
1324,9fc1369307b21c3b3203b56934d5a12567d9eb18,f-fathurrahman_pwdft.jl
1325,9fe2eb01ed652d5d737dc21a3a9654d68e9479bd,f-fathurrahman_pwdft.jl
1326,a00586fd0e3d3f700f3432d94613dab80ac1c39b,f-fathurrahman_pwdft.jl
1327,a03a5ae1941e240295af0507aaea1e60729aff2d,f-fathurrahman_pwdft.jl
1328,a050bef292dd5bbeb5ae1ef6a1300eae7a09327a,f-fathurrahman_pwdft.jl
1329,a0544458ebc6dcf058a6d07e3610115842bafc55,f-fathurrahman_pwdft.jl
1330,a096e0731a82f5350f957ccd575034e3ce8738df,f-fathurrahman_pwdft.jl
1331,a09e60d458ae4b995a6f03aa94c7040c499da9eb,f-fathurrahman_pwdft.jl
1332,a0a0306879258ec673cbe35931ede08176477b41,f-fathurrahman_pwdft.jl
1333,a0a2ba54a634955f37a4fab8d8994f0215196042,f-fathurrahman_pwdft.jl
1334,a0e521c4c4bf5e89a904b9e432ce2f93ccc70b2d,f-fathurrahman_pwdft.jl
1335,a0f0f1a8499b341eccf778380f70cbeae49d1eb9,f-fathurrahman_pwdft.jl
1336,a101985470a158cb73a9798abb4d3bf2a0714f18,f-fathurrahman_pwdft.jl
1337,a11e764cfab085dddc88c1b3805709346790728e,f-fathurrahman_pwdft.jl
1338,a1413685c0fab2a39b56987a377b2795c6d506f5,f-fathurrahman_pwdft.jl
1339,a16fd3b74df7c9a0daaee7b92a176f95bcb3db4c,f-fathurrahman_pwdft.jl
1340,a18bf02a14cf062d8f56c6666f9556397629fcfd,f-fathurrahman_pwdft.jl
1341,a215cbc1cd5b130f7b95df53cdf88268c0b1aaa8,f-fathurrahman_pwdft.jl
1342,a217a11d3a22cf9d556c36765e9f68de7760aa4f,f-fathurrahman_pwdft.jl
1343,a220acc7805acc151d1acc78de3058c0f2644f18,f-fathurrahman_pwdft.jl
1344,a24e9ae98ee4c9f1fe20d1f75d16c909d4959c82,f-fathurrahman_pwdft.jl
1345,a28e1aad3b885ad17f678a1a9c844ea915615f78,f-fathurrahman_pwdft.jl
1346,a2931a46679239e3ea50ea702de2ed0e5b257ac2,f-fathurrahman_pwdft.jl
1347,a2b1d33afae10696ef6fcba16c24234342f02171,f-fathurrahman_pwdft.jl
1348,a2bc539fdd5cdbfc703b8627115a1d8da7191c82,f-fathurrahman_pwdft.jl
1349,a2d2c532fac3b6d8438478a58e9a72f07c899cd4,f-fathurrahman_pwdft.jl
1350,a2e6f2e0b20cb36f5127afbbdb57675b03e34fda,f-fathurrahman_pwdft.jl
1351,a303b913ab72d473872eaf50c74a2717fcf3fcae,f-fathurrahman_pwdft.jl
1352,a3046fef7452761551a8cec7215ccf4e81ab190b,f-fathurrahman_pwdft.jl
1353,a32f93b2410667e42b9bf8fcce658fd7a72c3598,f-fathurrahman_pwdft.jl
1354,a337d17e472f532aca9bc2dc685bead82488742d,f-fathurrahman_pwdft.jl
1355,a33a4e9d5674edaa8b40239ad7d1181acccf889c,f-fathurrahman_pwdft.jl
1356,a354e812302f3f0963d6bf61df1c32a8ed0b4e8b,f-fathurrahman_pwdft.jl
1357,a3b08eb63bcf125d92f63596aff82e13bcdd844f,f-fathurrahman_pwdft.jl
1358,a3bae456ded65391e1e0fd09bb61e104e165099c,f-fathurrahman_pwdft.jl
1359,a3c51051a15ecc82d257491a8a1080b1faebe011,f-fathurrahman_pwdft.jl
1360,a3cc64cad6aa26f90bd3cef68870dcb905606f86,f-fathurrahman_pwdft.jl
1361,a3e4cdf441af10a8cfe934ac30d3c538d085c70f,f-fathurrahman_pwdft.jl
1362,a3e57ad616a443876462f76eb95d512c53726168,f-fathurrahman_pwdft.jl
1363,a3e6940fc4e5fa56da3a7af2b9af682e204a1fd5,f-fathurrahman_pwdft.jl
1364,a40b4378cbe3c91eca576d9a8700358de3e063f1,f-fathurrahman_pwdft.jl
1365,a43abe4721f786d6d9ade7658b3e4e484d021816,f-fathurrahman_pwdft.jl
1366,a4546a7492e8d6070f0ab9c404b4aef0076034d0,f-fathurrahman_pwdft.jl
1367,a48910590bb4e5e84434da5d5750d10ba50d09f9,f-fathurrahman_pwdft.jl
1368,a4bf781f25f4638b98592924f9d9d1964e0232ee,f-fathurrahman_pwdft.jl
1369,a4c3b85e6c37e6d9639054dc437779ab6871875c,f-fathurrahman_pwdft.jl
1370,a4c5dc1d8819713e7ede509e65a28350f7ba56ad,f-fathurrahman_pwdft.jl
1371,a4eac7f6dd5c961c89c4595ba98c736f19743dd7,f-fathurrahman_pwdft.jl
1372,a51717155e601b6bc25a59accfd56c88fe5498f9,f-fathurrahman_pwdft.jl
1373,a542457b7ce363f45dc375252cd727c8a501254a,f-fathurrahman_pwdft.jl
1374,a547baa065204290781f66952b26e8be3dbd8fa3,f-fathurrahman_pwdft.jl
1375,a5518a96e647deccab66d32722ceb4741d9dd7ea,f-fathurrahman_pwdft.jl
1376,a559dbcff1d5052fe071c69550ba366f01eb2330,f-fathurrahman_pwdft.jl
1377,a576fafdf77fd87d4828592bb3f9f89e26f3e19f,f-fathurrahman_pwdft.jl
1378,a585482d1cde790bd669573f8fded7c6e76de81a,f-fathurrahman_pwdft.jl
1379,a5ab4c90a5134c6cfd3852d1f1691e2f5836aacd,f-fathurrahman_pwdft.jl
1380,a602c0c3b6eac2c5f8c8c2be655fca72d7f2939a,f-fathurrahman_pwdft.jl
1381,a6076e295e373133274cd14d98528cd3431dd557,f-fathurrahman_pwdft.jl
1382,a69083249ffc3037c9fe84724698deef7d043493,f-fathurrahman_pwdft.jl
1383,a6a2acda22eecc2e0cd2a5717ba1185f6d6dc693,f-fathurrahman_pwdft.jl
1384,a6a7c8bdd4debc0fa0f012a09e785a61096276d4,f-fathurrahman_pwdft.jl
1385,a6cba4b297bd2bf270998095586f2dc0a551dd72,f-fathurrahman_pwdft.jl
1386,a6ec09345b132711953e893313ca6abe5a764c98,f-fathurrahman_pwdft.jl
1387,a720e9caa2c33b0f25f68e0aef5cced904099901,f-fathurrahman_pwdft.jl
1388,a72f52b6c58a83db3aec9a34b03467a9e40e5e71,f-fathurrahman_pwdft.jl
1389,a7705d0bab73e10dfd1c8774b7344d908d103fee,f-fathurrahman_pwdft.jl
1390,a778616711764164c74d0a5996ee358fad35efa0,f-fathurrahman_pwdft.jl
1391,a77ca1d575364494c3b027708e3958293fa9fe26,f-fathurrahman_pwdft.jl
1392,a78b74fac085851a386e1215e3002af8c3d818a3,f-fathurrahman_pwdft.jl
1393,a78d747199c7ff4ec5a9813ecced9b5512e401ce,f-fathurrahman_pwdft.jl
1394,a7d32b29bc8bd6b27b34fae4faabc4315baa63c1,f-fathurrahman_pwdft.jl
1395,a809bdfeb7575f1fedbfb8e9264940d6555d562f,f-fathurrahman_pwdft.jl
1396,a82a0d496503fb46aadc702f50cce0bb16f03e2f,f-fathurrahman_pwdft.jl
1397,a84d930893e2f5c11826f8114c1f90a9e16556fb,f-fathurrahman_pwdft.jl
1398,a85e6c7425d46fbd3ac82089aebea23d5e68131d,f-fathurrahman_pwdft.jl
1399,a8790a3e4a02943ccc74dcff84a62fd47b11b86e,f-fathurrahman_pwdft.jl
1400,a88258ca81831e937d840be52544fcd311b97e9e,f-fathurrahman_pwdft.jl
1401,a8861bad9f730203c32c8239ac368afdfc79805a,f-fathurrahman_pwdft.jl
1402,a88f1f1f004cb527d4ea3e4252088ea75ae81325,f-fathurrahman_pwdft.jl
1403,a8922f3acf34f256eeccfdec26824106def8b947,f-fathurrahman_pwdft.jl
1404,a89ea3653825a51721ecd7532c9fc153bd1f93d7,f-fathurrahman_pwdft.jl
1405,a910242e545bd91debdd2dcd4fc5eead0962d780,f-fathurrahman_pwdft.jl
1406,a920cdd3122a89b9d85547227dddd825d06f6dd1,f-fathurrahman_pwdft.jl
1407,a93a4dc620823c335f682d887ef09451e82e4392,f-fathurrahman_pwdft.jl
1408,a93ca1d579f551a53449001eda79ad512c0b307b,f-fathurrahman_pwdft.jl
1409,a95c1ebe3f4c6dff8e456614cea25c1a9e87b529,f-fathurrahman_pwdft.jl
1410,a980068bd2b36632664a5f583c0d88c52a10db8c,f-fathurrahman_pwdft.jl
1411,a98b3434afc837302be5dc61d0b70b2023e0c3ff,f-fathurrahman_pwdft.jl
1412,a99b82936c020da0b3e2a336cd491741eac95ca3,f-fathurrahman_pwdft.jl
1413,a9a639b58e36683b19b957fab78cfde0a622d2f6,f-fathurrahman_pwdft.jl
1414,a9bba185d5582ced0258cd9148004eb25623abbb,f-fathurrahman_pwdft.jl
1415,a9cc8adbe7b6952ee093e5216a31c71b67c12ba5,f-fathurrahman_pwdft.jl
1416,a9e3941662aa3003f68194c15a6829c41e73394f,f-fathurrahman_pwdft.jl
1417,aa04df4edb50b9dea551a94aefaba7966850fbf1,f-fathurrahman_pwdft.jl
1418,aa13302bc59943c81d1186e8ce4e207adca6398b,f-fathurrahman_pwdft.jl
1419,aa18c1ab1b6c42ad7ee0cda891055babbbe25d70,f-fathurrahman_pwdft.jl
1420,aa3e92e0876ba72ae5aad500c9ff54bceb04f047,f-fathurrahman_pwdft.jl
1421,aa8394e7ba95828a460893eb58c6e469782d605b,f-fathurrahman_pwdft.jl
1422,aa98843bd03b30c53fe6a4fa27d3e0a89aab3a58,f-fathurrahman_pwdft.jl
1423,aa9eede6d2ccb2e1d6af30fbbb449199e471e8a8,f-fathurrahman_pwdft.jl
1424,aab0a45a1aa4926fdbd29513d37048d17e0ee28c,f-fathurrahman_pwdft.jl
1425,aab9c21f91db2734f436193fd19b47efb9eb93b9,f-fathurrahman_pwdft.jl
1426,ab163cbd3fedab2e81a96bbd49c95091eaf71e35,f-fathurrahman_pwdft.jl
1427,ab5655ed554e7571c8ff836470e8928fa8092dd3,f-fathurrahman_pwdft.jl
1428,ab99c690204cff1f3ee6d5ba22d51777006e6bef,f-fathurrahman_pwdft.jl
1429,abf48ef6b28468649dc6eac09f7275d68651941a,f-fathurrahman_pwdft.jl
1430,abf78c08075094775b8f21103a7cf477a3836931,f-fathurrahman_pwdft.jl
1431,ac1f655b20712d2179538955f34e64e378c5820d,f-fathurrahman_pwdft.jl
1432,ac35f472da4b84d1969dbc2aa22c259082027c1a,f-fathurrahman_pwdft.jl
1433,ac5d7748601450147d2fa9433d903eca16992b97,f-fathurrahman_pwdft.jl
1434,ac60bc2c696fe7e742a3b8910f8af771ec5a30a1,f-fathurrahman_pwdft.jl
1435,ac780998c6cbcb9724312e78440792319d9dc335,f-fathurrahman_pwdft.jl
1436,ac789ba4716461346a8328e4e4b27ee1853f1736,f-fathurrahman_pwdft.jl
1437,ac9ab8524e805c9ef709132ab22ee61f95440d17,f-fathurrahman_pwdft.jl
1438,acd02cc0853a7e69c0c15be171eefd789e0e31ce,f-fathurrahman_pwdft.jl
1439,acd4e4985dbbf50cd21856f98a00c9b605bdc469,f-fathurrahman_pwdft.jl
1440,acd680cc5e3aa2a302afe5f148e13abbb8d35b89,f-fathurrahman_pwdft.jl
1441,ace022d8acf300855fa6ca9cf116e41ba956dc7c,f-fathurrahman_pwdft.jl
1442,ace6cb9c8204152586fb0a77e26fe17ae3ddabc3,f-fathurrahman_pwdft.jl
1443,acf06ca05ddfbcf6076ff245afbebfdd966b125e,f-fathurrahman_pwdft.jl
1444,acfa6dc7fbe61bb5b7e08dff519e21aca9ecc678,f-fathurrahman_pwdft.jl
1445,ad1f30b3fcd0655b205929ddcc2c127a1c287977,f-fathurrahman_pwdft.jl
1446,ad2e23b996c8aceb140573032b57189c700a176c,f-fathurrahman_pwdft.jl
1447,ad49cb7c2a62ff835471405ca5ece1f1afaa982d,f-fathurrahman_pwdft.jl
1448,ad65c4fa8e0064b8b7fcf55280122563f984a6f2,f-fathurrahman_pwdft.jl
1449,ad6a9e6dfdf1688fba7a16ef4016f907da4bd27a,f-fathurrahman_pwdft.jl
1450,ada1987fd1f2aa65f1a9dd2b0d4c18dd4dcab391,f-fathurrahman_pwdft.jl
1451,adb707b66001421266df4f5f6a6681332feec0f0,f-fathurrahman_pwdft.jl
1452,adc55e05684ae8ce094b4f59d656cb0c5383fab2,f-fathurrahman_pwdft.jl
1453,add41e1ab19016e3672676c1b9926a064cc2ffc7,f-fathurrahman_pwdft.jl
1454,adda6201da88ef0a9246685d0a9587d352e29f81,f-fathurrahman_pwdft.jl
1455,ae0ca4a2539ed03729eb075246ebfeac8ea1e9bb,f-fathurrahman_pwdft.jl
1456,ae99cc792373242a7f0f2c29192f702b726d9364,f-fathurrahman_pwdft.jl
1457,ae9c5bd4092c394ecc77298a248b9e020dce405b,f-fathurrahman_pwdft.jl
1458,aeee300bf44ce8430e6ebb1ee52a8be7f00e7823,f-fathurrahman_pwdft.jl
1459,af13f9225991788015055fe629e31355d2079380,f-fathurrahman_pwdft.jl
1460,af30bf47fb084459705d8bdd5d6371b7db916598,f-fathurrahman_pwdft.jl
1461,af33d010d70b4af5cb04d7e7948ff87442fbfe0e,f-fathurrahman_pwdft.jl
1462,af60bd997341d984b3e1cae8c52667a8869c729c,f-fathurrahman_pwdft.jl
1463,af66dc59a5f5e0248d5d5ff1864d50bc6b6ab09a,f-fathurrahman_pwdft.jl
1464,af754d602aa846d6107b37e731639ebbb48d2099,f-fathurrahman_pwdft.jl
1465,af80a3eef9446367add4bad245eaab7484f152cb,f-fathurrahman_pwdft.jl
1466,af80dc5696078fd145554bedf7dbe54189bccc48,f-fathurrahman_pwdft.jl
1467,af857815ecbe51252859493274c06bbb97ae3d09,f-fathurrahman_pwdft.jl
1468,afa5763158b9b2754e4630f23fc37cb2f0cfa505,f-fathurrahman_pwdft.jl
1469,afba2bb5a88cde087f754fac80a067cefa0344b2,f-fathurrahman_pwdft.jl
1470,afc611f94b5658a8b165f1f0e6f9e7e795c1dd79,f-fathurrahman_pwdft.jl
1471,afcf406e14826a07bce058cce516fc67d0b22b3e,f-fathurrahman_pwdft.jl
1472,b027227f7106cc0ad24e39c85634567d61f3fa15,f-fathurrahman_pwdft.jl
1473,b06bacf1258b086456860ed20b4d47176a484ff2,f-fathurrahman_pwdft.jl
1474,b08b07d030513616abd6d9a83317f3666ad7e677,f-fathurrahman_pwdft.jl
1475,b09e6c296ed3f9776555654021756a0a4c10ff97,f-fathurrahman_pwdft.jl
1476,b0a1458a089c2cb4ddf17926793c2cb375d00493,f-fathurrahman_pwdft.jl
1477,b0a66c29440df8e08717bc4551a32323021f137c,f-fathurrahman_pwdft.jl
1478,b0bac5c03ad8f1a6e31ad26fb7019068d74bd183,f-fathurrahman_pwdft.jl
1479,b1072c8ba6a887607a0430dd48aed29e25d62606,f-fathurrahman_pwdft.jl
1480,b10bc288215e96971eb47f9e7c03884c796204ff,f-fathurrahman_pwdft.jl
1481,b11a195ad7402a8307a0cdbfa9c66826182445f7,f-fathurrahman_pwdft.jl
1482,b164dee4c8af0c0abc91141ff5b19660eba57fb9,f-fathurrahman_pwdft.jl
1483,b1650ad9f373f93a71dffb3f0cced4aba0c0f961,f-fathurrahman_pwdft.jl
1484,b17ffa54af89d906856039b0eafc7a694a942335,f-fathurrahman_pwdft.jl
1485,b19880ce13afd9256152edf27b9fecdb0222f888,f-fathurrahman_pwdft.jl
1486,b1ab61b6fb73fcf09c91eb9997c3940f333d27f9,f-fathurrahman_pwdft.jl
1487,b24179ac19cca24c6c0b5e1001664f8f609c84d6,f-fathurrahman_pwdft.jl
1488,b26cb717b360661b914c22c2b41e6aa3acb25c19,f-fathurrahman_pwdft.jl
1489,b276ec5df56dc8dc828a3074aac884fc7b4cd909,f-fathurrahman_pwdft.jl
1490,b2840f9adb18a443a9e1dc4a12f60b10a20c474d,f-fathurrahman_pwdft.jl
1491,b28c156535bd268eeda843ae15090a071422c781,f-fathurrahman_pwdft.jl
1492,b2cfbc00a809b234849607d41df687e913c2fc1a,f-fathurrahman_pwdft.jl
1493,b2de4b81c13b0f5d30cd5fc5a92c4b5397c272b4,f-fathurrahman_pwdft.jl
1494,b31d53b09d20e9b2c20bf91a357c349c60d435a3,f-fathurrahman_pwdft.jl
1495,b333b1562a36c178ad1210d406095842af7c1d49,f-fathurrahman_pwdft.jl
1496,b353bb7b730052bf567b631c7baa00baea29b90b,f-fathurrahman_pwdft.jl
1497,b36a508e3d5daff65df1042e026dd500ce9d1b19,f-fathurrahman_pwdft.jl
1498,b386b92457f0fb891c32021ff7ab7372604ea31f,f-fathurrahman_pwdft.jl
1499,b3872f3cdcd7972f5ba15744fe9b68a5a94185ea,f-fathurrahman_pwdft.jl
1500,b3a5a7e8a49cc7ae6308ed48da8e214fd0efe067,f-fathurrahman_pwdft.jl
1501,b41e8f66e9f8033e435e3c61df5984d92eb2ca9f,f-fathurrahman_pwdft.jl
1502,b42aea48c5e9445fd01543e23e66e63a33677614,f-fathurrahman_pwdft.jl
1503,b43578fbb73f405eb91bf39d55c5a1e30ba66650,f-fathurrahman_pwdft.jl
1504,b4574eb13fcb73b217e475671586c1c22562f599,f-fathurrahman_pwdft.jl
1505,b485d0be5063458e9ed1f888adbffa994a6c6ebd,f-fathurrahman_pwdft.jl
1506,b4927199a72082cecac4f661a99b2e840150361c,f-fathurrahman_pwdft.jl
1507,b49de21ed4707ef8dc88ff877cf61e88ff5fd9ed,f-fathurrahman_pwdft.jl
1508,b4a53cd98e08a6915c024587c7570e8d14db0af0,f-fathurrahman_pwdft.jl
1509,b4b6700811b3e885198690b275fb3eb3be30e11d,f-fathurrahman_pwdft.jl
1510,b4fcfa15b6d538ca7a17f9680e8594dc632d1346,f-fathurrahman_pwdft.jl
1511,b50803ad8ae65b84f87b50f5c2f01688846d5a56,f-fathurrahman_pwdft.jl
1512,b53ee183e09dccebd71c15fdb70423da23cf324e,f-fathurrahman_pwdft.jl
1513,b54ef321b8e40aeb6b9481537eabadd65b385ae2,f-fathurrahman_pwdft.jl
1514,b559a02b650d8844bdad3af0336428cd68dee6a8,f-fathurrahman_pwdft.jl
1515,b56c0b646c78a9e0ff9eecaa4ac3b3d516ecf9a8,f-fathurrahman_pwdft.jl
1516,b56ca21ee515c80da3c6b7fe74166f3436b9c371,f-fathurrahman_pwdft.jl
1517,b5dcbe60f3632b01eba24f4492418a091ddb06b8,f-fathurrahman_pwdft.jl
1518,b5e0a741ff3b3f04456a7a1e2c385c03e1b61669,f-fathurrahman_pwdft.jl
1519,b5f37eb44ad4405c4d91a22c81fee553795ec720,f-fathurrahman_pwdft.jl
1520,b608c7d8afd52022001952ebfbf3cc3a66c341e8,f-fathurrahman_pwdft.jl
1521,b60bea12b8718a3c085ada421464c2d1d0a7c346,f-fathurrahman_pwdft.jl
1522,b60e583d89f5b061fa2eb019d6aca909068d63c3,f-fathurrahman_pwdft.jl
1523,b619c5322c20b395633d3052d89b4577a0078c7d,f-fathurrahman_pwdft.jl
1524,b65264e23f555781988effd46491e64824d00431,f-fathurrahman_pwdft.jl
1525,b667ee1cb2f31121d27419fc23b672e923d497b1,f-fathurrahman_pwdft.jl
1526,b66ec063aa632c8108664feac233083be7a5e9cf,f-fathurrahman_pwdft.jl
1527,b672b354422347aba3f19ab35245f16ea71ee19a,f-fathurrahman_pwdft.jl
1528,b67cb51fd91fdd1929d6b4505b6f02db5e94ff04,f-fathurrahman_pwdft.jl
1529,b6bf2cb9ea94a12d1a6578a3a5e5901465e2d3de,f-fathurrahman_pwdft.jl
1530,b6c24bfc1190d3faca02ac1d74d388fd9e916ca9,f-fathurrahman_pwdft.jl
1531,b6d50645a4a4fbeab9aca65b181dd56ea9573aa7,f-fathurrahman_pwdft.jl
1532,b6f349f0737ee12c6ba50f96b243c43498cfa86e,f-fathurrahman_pwdft.jl
1533,b7244809a25e4c0f03e35a725349cd6da48620be,f-fathurrahman_pwdft.jl
1534,b7315b458bcd85bd2fee649f7af3b4c61c3fe86b,f-fathurrahman_pwdft.jl
1535,b74bce3b3cd66fd9201f1e4cc1c014be5444245f,f-fathurrahman_pwdft.jl
1536,b76241fa1521f26cc8b11740bf06ad0fd8ebe87b,f-fathurrahman_pwdft.jl
1537,b763114f259964303192832b4cffd699ed103e34,f-fathurrahman_pwdft.jl
1538,b78f653a808a142ffb07961641273b75bc9b180e,f-fathurrahman_pwdft.jl
1539,b7a935573e19b513c2d8a3a665fe6d1c620e00eb,f-fathurrahman_pwdft.jl
1540,b7e92560a25edb01d28a6f439f6331e0b5a7fafb,f-fathurrahman_pwdft.jl
1541,b80114e3a5cbf42723d008d838403dec29c5dd91,f-fathurrahman_pwdft.jl
1542,b806984fd3cfa27d98e5ca1462f0cd1b5c436d6d,f-fathurrahman_pwdft.jl
1543,b811faf1bb9370ba1e5fb1713e82a5bd5346476d,f-fathurrahman_pwdft.jl
1544,b82da2cbcb98e3ca3f2dc8ec942e977efb3c9e6b,f-fathurrahman_pwdft.jl
1545,b884aa89509fe026aebf2ced2c85c0dbd016f7fe,f-fathurrahman_pwdft.jl
1546,b8874488f282515163ccf32c2f3dd4dd20af139f,f-fathurrahman_pwdft.jl
1547,b8be803a163c37a67c7bd2022d6bda72da37a7ab,f-fathurrahman_pwdft.jl
1548,b8d7f5ae54adeb38520088ab18648750850bc32a,f-fathurrahman_pwdft.jl
1549,b8e48985bd6211640d586d02b38635b2ef0f38e2,f-fathurrahman_pwdft.jl
1550,b8ec9a318228382b1a34082a3c60e540a08e5392,f-fathurrahman_pwdft.jl
1551,b8f8982588fe2dc8d840ae1a381ab1b1e96f9183,f-fathurrahman_pwdft.jl
1552,b8fa9a7d92896e6742a28370a8bf2a5259e441f6,f-fathurrahman_pwdft.jl
1553,b93a7b9b1af555eb4bc213be962365537c10c039,f-fathurrahman_pwdft.jl
1554,b943de87de8bff475d13f2e43d129b57b51609d3,f-fathurrahman_pwdft.jl
1555,b952ac933c2b9947a8250087a8f5fcc65a84ae1a,f-fathurrahman_pwdft.jl
1556,b997c9df9a68cfb7230c8aea8056b82000ab907f,f-fathurrahman_pwdft.jl
1557,b9c3c9d27bf4ae8adf864b98d0c861c5103b2b6c,f-fathurrahman_pwdft.jl
1558,b9ceed61d158e50eb27c0c5be53193dca101f0d3,f-fathurrahman_pwdft.jl
1559,b9e7de982f665b2a7177bd17eccfc6f6593ab302,f-fathurrahman_pwdft.jl
1560,ba064d0f0b4e46c525148166f758fe5685402e03,f-fathurrahman_pwdft.jl
1561,ba240d528bd161a6811049c083b59650e358d0b4,f-fathurrahman_pwdft.jl
1562,ba24c94550f1f2df153de2997f18db7d8d623d90,f-fathurrahman_pwdft.jl
1563,ba63f2beec6e248b888e9b6056eca11eb482286d,f-fathurrahman_pwdft.jl
1564,ba737857081ef4694f80123fc7459d8f5e15cc44,f-fathurrahman_pwdft.jl
1565,bab1873d6254015418119d986bc44ee62c1c9259,f-fathurrahman_pwdft.jl
1566,bb2db86088a17c6ec9d1f37608b591b555f6eb5e,f-fathurrahman_pwdft.jl
1567,bb5c66148a19b972005d14330ac9cc0ca44ea573,f-fathurrahman_pwdft.jl
1568,bb693d70a5e3e149ea6be4cdd1bb518c29945efb,f-fathurrahman_pwdft.jl
1569,bb7cfdbd67503d1dff3fc220ea5f2aef89011068,f-fathurrahman_pwdft.jl
1570,bb8aad988996b256d9e542ff15fed83669182b7f,f-fathurrahman_pwdft.jl
1571,bbcd259d65c02bf61a9eaea84f03994131aeaae3,f-fathurrahman_pwdft.jl
1572,bbdebd2c54d6326cfed6087c01725a1f34534f7a,f-fathurrahman_pwdft.jl
1573,bbfd65cfa5a480dff42c844c4d47d540aeef695c,f-fathurrahman_pwdft.jl
1574,bc0a56049018ab6b040ea4a26ab5630d4b59456c,f-fathurrahman_pwdft.jl
1575,bc0f5f3109e42c9d11cf884674f84e8b87dcc642,f-fathurrahman_pwdft.jl
1576,bc5c26df3cc3ceed1fd0b20095be03e8ddf668a8,f-fathurrahman_pwdft.jl
1577,bc68bddfac61641919b643d9fd014d1e0f4f7f1f,f-fathurrahman_pwdft.jl
1578,bca9210e1205faf020c82319c84c7f16f6aea50b,f-fathurrahman_pwdft.jl
1579,bca99a444ba289999733d2a84e1e0867dc0f3170,f-fathurrahman_pwdft.jl
1580,bcd66e334d26de9ca347e22ab3863fe5971c9afb,f-fathurrahman_pwdft.jl
1581,bd04eb1264cad3520984554ee723615b511b1182,f-fathurrahman_pwdft.jl
1582,bd23b5e02634cdfd988e842cb699dd07a4222059,f-fathurrahman_pwdft.jl
1583,bd3106ba6ee83b76e9fb4051da7646114398cf7e,f-fathurrahman_pwdft.jl
1584,bd73ca6fcb09af072dd0121cfdbbaefdc55566a6,f-fathurrahman_pwdft.jl
1585,bda09f139dac90d5f87f0ca6a93385997444e895,f-fathurrahman_pwdft.jl
1586,bdb1bd28dba641694c35cc6336c0367018fb10c8,f-fathurrahman_pwdft.jl
1587,bdeabe2c102713a5dedef1179c5787dd226c386a,f-fathurrahman_pwdft.jl
1588,bdfa5eaba39c9de4bb6b63b6e4db5fa7697f8e4a,f-fathurrahman_pwdft.jl
1589,be0cbce350905f2780ea6bb4a75255764b0f3bf8,f-fathurrahman_pwdft.jl
1590,be0f5526a0ea409473443778b0110976600cc454,f-fathurrahman_pwdft.jl
1591,be36489a98ad96d0704920d46b28faf6354b283d,f-fathurrahman_pwdft.jl
1592,be515ecc76d924c3c890743095c89165ec13d931,f-fathurrahman_pwdft.jl
1593,be8b75beb784e7c581970ceda275d5d953370322,f-fathurrahman_pwdft.jl
1594,be9e5cddf3b04700d3b79b9726e58a5fbd8697f7,f-fathurrahman_pwdft.jl
1595,bea31b94127a884121322a4eb25b352acd30a227,f-fathurrahman_pwdft.jl
1596,beabe9a18bd6844a40379c23673659457d1ed748,f-fathurrahman_pwdft.jl
1597,bf2a1b7dd8cf318b9bf04651be180bb4605a1b85,f-fathurrahman_pwdft.jl
1598,bf99eedb017f75bc9a74393181f57e5662885a53,f-fathurrahman_pwdft.jl
1599,bf9bf69c97c3395239253256900c405f67ea32f6,f-fathurrahman_pwdft.jl
1600,bfa65ec32676d7660c910c16122e4d5ddd0874b5,f-fathurrahman_pwdft.jl
1601,bff06763a21e151b9f64e6bdc137d03d2fd2a92e,f-fathurrahman_pwdft.jl
1602,c014dbc1c422bddcd800290be4ee93527b85d491,f-fathurrahman_pwdft.jl
1603,c03a332774967fcbd7d24f264b401603552dbb49,f-fathurrahman_pwdft.jl
1604,c0910c82fbdf132347e9ab670b8d345b19efbc38,f-fathurrahman_pwdft.jl
1605,c0b11d185dce524fe154045fd36de3e7481e1e96,f-fathurrahman_pwdft.jl
1606,c0b1d9a197aa50f0ebca2ab3a85534001e99fba5,f-fathurrahman_pwdft.jl
1607,c0b700826663e9fbd16dd3acea5504f303720289,f-fathurrahman_pwdft.jl
1608,c0c4dd808ade22f0ea5d2a318a80df64937e8538,f-fathurrahman_pwdft.jl
1609,c0d066274868d2920baffb13d0de0ba059b4b100,f-fathurrahman_pwdft.jl
1610,c0d7973be7d585fca909d313724bdc55807f2b81,f-fathurrahman_pwdft.jl
1611,c0f664b10f9695ef14578b7ed317462356aebc29,f-fathurrahman_pwdft.jl
1612,c0fc3a63fe4be3fcbfa6b02236807a72c61ba21c,f-fathurrahman_pwdft.jl
1613,c10c6748f3df9ecfc1eb25e85ddfd646131517a2,f-fathurrahman_pwdft.jl
1614,c11e911ac389532ffd6ed6b3c7c9aae01db3e536,f-fathurrahman_pwdft.jl
1615,c1260ec96f65ba48b51cb2a0db9d13e512fdb745,f-fathurrahman_pwdft.jl
1616,c13a6419efad649b7edc2f55285f8061504a6246,f-fathurrahman_pwdft.jl
1617,c1a3240193beb8343191826f3e45d4d67c8740df,f-fathurrahman_pwdft.jl
1618,c1d7e8f4bb5652a619c73de8f4a73ee25a904bfe,f-fathurrahman_pwdft.jl
1619,c2038e6cde2a3de1f3dd98bc7fb93d6137f1514a,f-fathurrahman_pwdft.jl
1620,c22271efbc43d8b55a245afd92c2ab7fa0b540a8,f-fathurrahman_pwdft.jl
1621,c22b94a1828d67fde69ffdc97e552c6c1f402f30,f-fathurrahman_pwdft.jl
1622,c236dfcebcc50632f538cacd33411ba90b5bcc0f,f-fathurrahman_pwdft.jl
1623,c262c6529203ca4cfd66500ff31dc7e498506707,f-fathurrahman_pwdft.jl
1624,c2ba5ea926d0a893dc1962bcc62bcffa5d30a102,f-fathurrahman_pwdft.jl
1625,c2cb458c21a1e268c2bb21fb1e9ecf256b5fd68e,f-fathurrahman_pwdft.jl
1626,c2fe36d95ef47baee6fd74afcf9ad4c50a262c46,f-fathurrahman_pwdft.jl
1627,c35b00c15a405b9156b45480f3801dea6cf6c56b,f-fathurrahman_pwdft.jl
1628,c3b6fcec742ef1fde9954409291cd1aac4a95368,f-fathurrahman_pwdft.jl
1629,c3f42a9893b70085af58bf3cf3a88080264c1e22,f-fathurrahman_pwdft.jl
1630,c40c5a4b0f9fd65af750f23cd75e635946925561,f-fathurrahman_pwdft.jl
1631,c46c0d1e2500f3553b67269366499b9630c87e40,f-fathurrahman_pwdft.jl
1632,c480a2f63f73a5467c1743266962461915405e59,f-fathurrahman_pwdft.jl
1633,c48a1422f588187dd966146420552f28fdb67d72,f-fathurrahman_pwdft.jl
1634,c4abc37c06ad7eb50d1ea9e595d368b06e608535,f-fathurrahman_pwdft.jl
1635,c4c6fa55dace0d349921c62b7dcc4fa7bbfa34c3,f-fathurrahman_pwdft.jl
1636,c4cff04b7422cdfd7619cbbf1c172f85b4bd88e1,f-fathurrahman_pwdft.jl
1637,c4e29ce88b30384a1fda599b3372eb319a0d05a9,f-fathurrahman_pwdft.jl
1638,c4e4b6c215a1e3e168703d44d3cf65c11e8e3806,f-fathurrahman_pwdft.jl
1639,c502c3462f9b17e23087fd923d79e3cfbfbe8c81,f-fathurrahman_pwdft.jl
1640,c51cb54b6c10a49ae723dd81781a8cc99dcb80a7,f-fathurrahman_pwdft.jl
1641,c544f1932c13182aa1a9bedeb8d21ecae5be89ac,f-fathurrahman_pwdft.jl
1642,c5746018242ba51ccacededa1700cf6499bfc0e0,f-fathurrahman_pwdft.jl
1643,c576fe59f6c1b576131772840f7320f63999f7fb,f-fathurrahman_pwdft.jl
1644,c59f52f94a92d7dd343432ad48c30a59211d624f,f-fathurrahman_pwdft.jl
1645,c5aba87bf03d118f61ed3918d1ccf9f4bb7203c3,f-fathurrahman_pwdft.jl
1646,c5d05889487d084f410380347dbcd571791c92c0,f-fathurrahman_pwdft.jl
1647,c5d2dc14a6fba9fefa49219f1557797c78bfb92f,f-fathurrahman_pwdft.jl
1648,c5dbb1e5e2d977fd80f301181b39ab9bc8a3c095,f-fathurrahman_pwdft.jl
1649,c630072f81a13c6970474bfa5054de3e55434340,f-fathurrahman_pwdft.jl
1650,c665068bb09e8af12f880d61b7f140a85ced91d6,f-fathurrahman_pwdft.jl
1651,c67508fa29fcf0c23aa25e1a1bb3341a30c904f4,f-fathurrahman_pwdft.jl
1652,c6918f903bed7d36ac06f235265f84532a5b7a4d,f-fathurrahman_pwdft.jl
1653,c71578ad3139eb66f5f1c3460e66669685701bc8,f-fathurrahman_pwdft.jl
1654,c71bf18379512e0cf0a588db0e21e68163f0629f,f-fathurrahman_pwdft.jl
1655,c72fa8e1f05e17fff61e02fc8e83010adeeb3680,f-fathurrahman_pwdft.jl
1656,c762d953166d13fd7192dfb3035eea984e63335c,f-fathurrahman_pwdft.jl
1657,c768b826999a9aeac5c6e5ed2758b1f6388c6bd7,f-fathurrahman_pwdft.jl
1658,c7749068a12d5cf39d62bbf97163fe19e46abe6c,f-fathurrahman_pwdft.jl
1659,c784af7b3451a39bcfde840bf428f57956ff5cc7,f-fathurrahman_pwdft.jl
1660,c7d09ae8c24937bd2fe879dcc01a6bc1063cd38d,f-fathurrahman_pwdft.jl
1661,c7f39b21e1a9e8736dc963addef9556e2fa21dec,f-fathurrahman_pwdft.jl
1662,c80166fb9ea94ad32d88eaeb2f65cdc757bf2084,f-fathurrahman_pwdft.jl
1663,c851001d4116bf8f92f0f51ebb7b4774597800eb,f-fathurrahman_pwdft.jl
1664,c85ed8e9fa2d10fe5768a5016663f36b961291e9,f-fathurrahman_pwdft.jl
1665,c870b96eb8bf16481b298ef2b0a94e94382d3a7f,f-fathurrahman_pwdft.jl
1666,c88a68768b061bc8fe70040462572e234cc785c0,f-fathurrahman_pwdft.jl
1667,c89092a2c8e517b025409ed1c1cde096070f212a,f-fathurrahman_pwdft.jl
1668,c8b344e8accb4ac0d652d98be6309992bf4c3f9a,f-fathurrahman_pwdft.jl
1669,c8b9bca52655b487e9ad8a1456aed9d7ae1e4239,f-fathurrahman_pwdft.jl
1670,c8bd6c92eba3b9fa5db32d3a85e4dd5c2844340b,f-fathurrahman_pwdft.jl
1671,c8c1b6bc600069f052f1a0b44b65ece9c2cad056,f-fathurrahman_pwdft.jl
1672,c8cf6700b3e7524c25fc80eb714523f590fb940c,f-fathurrahman_pwdft.jl
1673,c8e0d68090251ed00f465edb0e83afa70b5d09af,f-fathurrahman_pwdft.jl
1674,c9375cd6b8663a3362c6ef3ce4eef2baf1ed4efd,f-fathurrahman_pwdft.jl
1675,c939fe5b6ca88224b64c8af4df2f547e81d4f506,f-fathurrahman_pwdft.jl
1676,c94ec66f2547f71e43950152be6f2c24af04c56d,f-fathurrahman_pwdft.jl
1677,c97d69e5ed0e55d830e6dc6ddfe944e804963cdc,f-fathurrahman_pwdft.jl
1678,c984a659a181c7bc34351e0f64e0165345527326,f-fathurrahman_pwdft.jl
1679,c9921a38d7d9bd8862141a8ddcdba0029fd86117,f-fathurrahman_pwdft.jl
1680,c993aedde755971452816376c4b673d9ce7a187f,f-fathurrahman_pwdft.jl
1681,c9a21c2d6d069a709144d035cc4ab3cdf2f2f06a,f-fathurrahman_pwdft.jl
1682,c9aea23072b7472c0f51225ffb44489756d6d3d8,f-fathurrahman_pwdft.jl
1683,c9c1e5a10595960d9be006d3b465327b0d5583e5,f-fathurrahman_pwdft.jl
1684,c9c5a6a377c6a509df6c8b8a84ea2971fc781be8,f-fathurrahman_pwdft.jl
1685,c9d5fa50abd353079a5372c4b9e6e1261432f1a2,f-fathurrahman_pwdft.jl
1686,c9d75a223a401d37fd6acadb22248308c5073d02,f-fathurrahman_pwdft.jl
1687,c9dcf8e4323652f4a824a5186fb367459883464a,f-fathurrahman_pwdft.jl
1688,ca9352b139c43a18ac6b7f64c20ade7ed3a3d3bc,f-fathurrahman_pwdft.jl
1689,cabc3649bc2c73718b9f1a7c453b703af9cdcf83,f-fathurrahman_pwdft.jl
1690,cae7495271ba68c170585f4b35d8a859a1503007,f-fathurrahman_pwdft.jl
1691,caf0d5ca97d6ff3f851757868145204e0d7b6621,f-fathurrahman_pwdft.jl
1692,caf71d9c43861421a96f7cd820006888616e032d,f-fathurrahman_pwdft.jl
1693,cafe6d2a60bc87a4ead0713ee3d9332f6d731548,f-fathurrahman_pwdft.jl
1694,cb2749e6f168106500cf3391491d3bbac041e905,f-fathurrahman_pwdft.jl
1695,cb295f75848942cc310d341bdeab89b0eea01d24,f-fathurrahman_pwdft.jl
1696,cb405b40f24b74906e885b10f7927e996b8e2d2b,f-fathurrahman_pwdft.jl
1697,cb40c84160f06f621e4adf335f8f0d6fd85aac18,f-fathurrahman_pwdft.jl
1698,cb63382362adf239def97d79189ceff584ae1ea0,f-fathurrahman_pwdft.jl
1699,cb68698372d15cd0892b9e2acf58891cf01628bd,f-fathurrahman_pwdft.jl
1700,cb71524b128de2d09680fa9ac256b2bc3a922187,f-fathurrahman_pwdft.jl
1701,cb9055651bbd7c50e45e532194630317f197bfa0,f-fathurrahman_pwdft.jl
1702,cbaf6cf1905a3e75924b3ff738981f61110a66d1,f-fathurrahman_pwdft.jl
1703,cbba53ae4a7f8ccddb9266c4d4f21e87f281f818,f-fathurrahman_pwdft.jl
1704,cbd8f4468fe0cf76191133d76dd09621bc93f07b,f-fathurrahman_pwdft.jl
1705,cbe9d26fffb7d84217d5f1cde5003c271e584bb0,f-fathurrahman_pwdft.jl
1706,cbea4fa4df9bb26e7c9725fa8e9aa82d372ba83d,f-fathurrahman_pwdft.jl
1707,cbeb4969c1582094dd59b6ce4ddf3536e958ec86,f-fathurrahman_pwdft.jl
1708,cc14df9be9a00fb95fb497f0a0c35301aff76930,f-fathurrahman_pwdft.jl
1709,cc250375634b082c8c4201ec674e6d2d6de1a6d6,f-fathurrahman_pwdft.jl
1710,cc54693a02ae9e6efba9a6bbc8bae93386b7df3b,f-fathurrahman_pwdft.jl
1711,cc9715d89e4d4e554e8f2974b4ed7b3d775da40c,f-fathurrahman_pwdft.jl
1712,ccbfc08bfb88895f28a2f78a0bf228820aaafe71,f-fathurrahman_pwdft.jl
1713,cccdfb3a67a71493ca65ac8b9fa2890513a833b3,f-fathurrahman_pwdft.jl
1714,cd04f624ffae153311b6416923655ee5ec3e9638,f-fathurrahman_pwdft.jl
1715,cd297f07c6a84b71deda5c62d2179c511a81ab6b,f-fathurrahman_pwdft.jl
1716,cd3b33e9c91a0086687d1e8b205aafe7eeb46578,f-fathurrahman_pwdft.jl
1717,cd4a901a72adac24f7154cc3202fcc1ad72aebb8,f-fathurrahman_pwdft.jl
1718,cd4c4bd5f2ffd296a89272b3b15e470f141cfa68,f-fathurrahman_pwdft.jl
1719,cd6d74df467ac491cad7a47a746527bd7ff533ff,f-fathurrahman_pwdft.jl
1720,cd770d75c28885848e6062d07373164e3366aed7,f-fathurrahman_pwdft.jl
1721,cd77d23b1310947db7a6f96bef3c860b74337297,f-fathurrahman_pwdft.jl
1722,cd8d9e88b272fdbef811370238efb509829254be,f-fathurrahman_pwdft.jl
1723,cda454214e215d12e8f2cccd49d49ec9a5a2215b,f-fathurrahman_pwdft.jl
1724,cdaf663c0697468b9fc4dc41d9590e38b1f8c549,f-fathurrahman_pwdft.jl
1725,cddd227aef919951b9390d561eda64eac30dcb07,f-fathurrahman_pwdft.jl
1726,cde0b904c625ce28fae4966cf299f8e18649e6d6,f-fathurrahman_pwdft.jl
1727,ce061929ad113ec1bf5baff77b3448f5a714339f,f-fathurrahman_pwdft.jl
1728,ce575c5f03389691ebc6fb3a30f73834162b8570,f-fathurrahman_pwdft.jl
1729,cea9564cd445ce5a78eac8345660f7bb64981cd1,f-fathurrahman_pwdft.jl
1730,cecb7ed40c3253c1523740acf4bec1ae10c9a066,f-fathurrahman_pwdft.jl
1731,cedd560213d79d5058df059e5150c55cfeeb467a,f-fathurrahman_pwdft.jl
1732,cf04065c3dec7b6488825535d49574db30cf269d,f-fathurrahman_pwdft.jl
1733,cf0a47b4b5cf5486ca9331b175319710d1c2e89e,f-fathurrahman_pwdft.jl
1734,cf2e82e37d8b456585e8978a1c401ed7f5b7f874,f-fathurrahman_pwdft.jl
1735,cf5915abff4fec9df884399e6dc34b12bf2442cc,f-fathurrahman_pwdft.jl
1736,cf72ddfc8468e373edb81238155057f1d7e0554a,f-fathurrahman_pwdft.jl
1737,cf888cd2b0b2b8be3531d36085aca932958f285b,f-fathurrahman_pwdft.jl
1738,cf92aabf32ba91e9498b72d598a37ba45a6264c8,f-fathurrahman_pwdft.jl
1739,cfa6330e1c4780731ccc5d1e64f837f2fc0efb75,f-fathurrahman_pwdft.jl
1740,cfda1de6545d8dc16eefd54d948a0eb15dcd8aa9,f-fathurrahman_pwdft.jl
1741,cfe7413677af98259320a98480158f9389842f27,f-fathurrahman_pwdft.jl
1742,cff865551bd77de1a2c66735bfa9ff36dc41c073,f-fathurrahman_pwdft.jl
1743,d001a3a37fb98443f64ac60ab6ff762c9d536bf9,f-fathurrahman_pwdft.jl
1744,d00239222917e03f0bf308a7f5db51a8a6e8f1d9,f-fathurrahman_pwdft.jl
1745,d02ac0edd26e0ead2023b637f429ab24c5a8dd09,f-fathurrahman_pwdft.jl
1746,d03b56410af4e343846ab11c3f0b52b4791d5559,f-fathurrahman_pwdft.jl
1747,d0629b18548d303ff8db44f5ac1a7a9c438b28eb,f-fathurrahman_pwdft.jl
1748,d0645cc8ec2af4119e80c49e5b96751d9d73c983,f-fathurrahman_pwdft.jl
1749,d080d5ea79ede2359ce180cfcd6b392433c4f0bc,f-fathurrahman_pwdft.jl
1750,d09beff6307f6074a6d0cc65e42c59135ca66b11,f-fathurrahman_pwdft.jl
1751,d09cb1a80d52e3c7f52f564633bd9e15762e9215,f-fathurrahman_pwdft.jl
1752,d0b8517b2ddd39e33441251798d1120bd6d39f33,f-fathurrahman_pwdft.jl
1753,d0d2124872098ff1fa8d5c02abb9a3df92e6a8e5,f-fathurrahman_pwdft.jl
1754,d0e6bfb3b7d9b9c2b22815ce8c67fbcd2290f130,f-fathurrahman_pwdft.jl
1755,d11b7c4810bd8faeb25ccc8f5e684de73e0acfb4,f-fathurrahman_pwdft.jl
1756,d14e18ef332fd49989070ac72eb47b243f7597aa,f-fathurrahman_pwdft.jl
1757,d1560bd813cab241e54fc76af0aaaec66259cb62,f-fathurrahman_pwdft.jl
1758,d1a93c8c3de4af774b533b787841e2c95e9dd871,f-fathurrahman_pwdft.jl
1759,d1b3ce5e54280b34b8fd0d7fd43d76761332e77d,f-fathurrahman_pwdft.jl
1760,d1cd27570319cbf9f7ba8775634616041769dc7b,f-fathurrahman_pwdft.jl
1761,d1d081d98c2349f2f5f2da1f2330d5b7ee65f971,f-fathurrahman_pwdft.jl
1762,d1dd6268aa77f8d68ec707e7cf9a398ef528c653,f-fathurrahman_pwdft.jl
1763,d1f7f18e8526e2a20467d5df14c0b5d937f815a9,f-fathurrahman_pwdft.jl
1764,d21c02144c2c473c13f3bb59d0c4ba3c3776cf88,f-fathurrahman_pwdft.jl
1765,d21ea0bbf3654605a9a2575ae6320ad20a81c236,f-fathurrahman_pwdft.jl
1766,d23a26351b1d8bc4de56845fc023b4e274230d1d,f-fathurrahman_pwdft.jl
1767,d27291e332d305a1003e25998b73e166980317b9,f-fathurrahman_pwdft.jl
1768,d27e660c7070ce6efac65b081727baff38716e9a,f-fathurrahman_pwdft.jl
1769,d2bcd0f6aba5333bb25403ff9408be9a038866a1,f-fathurrahman_pwdft.jl
1770,d30e30314bdd5d0c404cfe8679f6709567804983,f-fathurrahman_pwdft.jl
1771,d34cf59dc7f6005d82a44c4e1a4629a9c76b0736,f-fathurrahman_pwdft.jl
1772,d3549232f9cc6f249d076dd5082112687801ac35,f-fathurrahman_pwdft.jl
1773,d35da399afe25af257a4aded51f36447e77b8782,f-fathurrahman_pwdft.jl
1774,d3b3289dd2427170abedab3a8aa9916c84ecca3d,f-fathurrahman_pwdft.jl
1775,d3e0612715b6fab1d1010a68179057bf193eb599,f-fathurrahman_pwdft.jl
1776,d3e893c34c6374ab38bc0fa88d59394d586ccff7,f-fathurrahman_pwdft.jl
1777,d409e4060a3cecd54941422955150bf653f26c38,f-fathurrahman_pwdft.jl
1778,d4369930913b386d2c585b6bc5a207419df3de7c,f-fathurrahman_pwdft.jl
1779,d456dde76f2047693712d3c1acfd0be1258f41a5,f-fathurrahman_pwdft.jl
1780,d476182235cf6f74177e30bfe99acfc526fb684e,f-fathurrahman_pwdft.jl
1781,d482e05e363a89d5f56963da6f0ada2836ecf621,f-fathurrahman_pwdft.jl
1782,d4f173505d167d0d29b3b6575facf7e151cd9e23,f-fathurrahman_pwdft.jl
1783,d518c4b1053b6a4e020590f62065d6a1aeb157ab,f-fathurrahman_pwdft.jl
1784,d5202fa01d53b7b843ef4cedc92e3b4586536df6,f-fathurrahman_pwdft.jl
1785,d54d592fc4c6520c639475849eb8c980f65b5b1e,f-fathurrahman_pwdft.jl
1786,d573f057fc5a929caf4ced7f8d37ff4404a3ccc6,f-fathurrahman_pwdft.jl
1787,d5778c0049c59efdebd84517423403b6ab17e92c,f-fathurrahman_pwdft.jl
1788,d5c8e812227727eef62a103df16dbde61739ae24,f-fathurrahman_pwdft.jl
1789,d61bbca3828215b4b32edea73f7d22a4721b8df5,f-fathurrahman_pwdft.jl
1790,d621e592fb2b337c615aeba21396bd5ec8d7c28c,f-fathurrahman_pwdft.jl
1791,d627ca6b19d0d83b62cb993ed270747c7b799e70,f-fathurrahman_pwdft.jl
1792,d6696fff3c69a5b5b67bc1fa44525a12e8218758,f-fathurrahman_pwdft.jl
1793,d67ffbc867331ad6ecdbc47acd516e5b6e41eb16,f-fathurrahman_pwdft.jl
1794,d6bb9991c12b8264f73c2ccb5a266d922fd3adad,f-fathurrahman_pwdft.jl
1795,d6d523655aa71e700622af1b99855c52d0f76ba1,f-fathurrahman_pwdft.jl
1796,d7160e44350be34ef6724b667a3c238eaea300a2,f-fathurrahman_pwdft.jl
1797,d73334c7064382de251f76f19d16ba21fb3f80a3,f-fathurrahman_pwdft.jl
1798,d73b1cffe078b31c85b8cb9059724942dc8a5464,f-fathurrahman_pwdft.jl
1799,d7730f43f7cbef9a051d68bea7523e47e10f6330,f-fathurrahman_pwdft.jl
1800,d77b3dda53e88b76278c5e3e4c65e7a803346044,f-fathurrahman_pwdft.jl
1801,d78d200b2f4a80305a9df53d6912d58c1ed1da6d,f-fathurrahman_pwdft.jl
1802,d7ab3b3e84d08e058229256a92f863333c10b992,f-fathurrahman_pwdft.jl
1803,d8089734d5bdc491f5dcdecac29ecdad54279d32,f-fathurrahman_pwdft.jl
1804,d8099b29583fa72bfdf423eab8ab8491626a9d16,f-fathurrahman_pwdft.jl
1805,d8571e086ec3b80ee5a44de72acc0dc527b47c42,f-fathurrahman_pwdft.jl
1806,d857c657c7a11a03e10014c61f9146b82e43e176,f-fathurrahman_pwdft.jl
1807,d8599034f510fe4f60ae43b912ade7ff0ddc4350,f-fathurrahman_pwdft.jl
1808,d861b3b1c12c9578da60abdf9978812f31279802,f-fathurrahman_pwdft.jl
1809,d8d86a8ede5458b92f5551752ecd08fcf1eb9a9b,f-fathurrahman_pwdft.jl
1810,d940014e31aa43d599d159252fb8014e5e1b2eb3,f-fathurrahman_pwdft.jl
1811,d9471d0b0f0cce76ca848e459f75194ca9036f98,f-fathurrahman_pwdft.jl
1812,d966e5e2e1dacffe4534b63e9ea73df9c9dff586,f-fathurrahman_pwdft.jl
1813,d9c1ba67166594a1cced106ebadae16a7cbe9647,f-fathurrahman_pwdft.jl
1814,d9e454838f809683bc150df7dacf2d04a55dac76,f-fathurrahman_pwdft.jl
1815,d9e933717481b89407b9689824c31f2aac35763e,f-fathurrahman_pwdft.jl
1816,da67fdb5b59ffe81cc447374444f7e876752fb2f,f-fathurrahman_pwdft.jl
1817,da93d6d03b409928fe6e0c2c5897401ddef8a41d,f-fathurrahman_pwdft.jl
1818,daed08e701a59cdd154e9db2d3ee47f752a004bb,f-fathurrahman_pwdft.jl
1819,daf72a17e75f66492db4d81ccf267bc0d810d473,f-fathurrahman_pwdft.jl
1820,db2a76c9c1fce13dffb48473e2e8435f06a74660,f-fathurrahman_pwdft.jl
1821,db44c9b152018e8f436c4e592dc71a00047941d7,f-fathurrahman_pwdft.jl
1822,db58102b11dd085c1bbb5968ed4e269a1f42711a,f-fathurrahman_pwdft.jl
1823,db6b2b4d893a7181882010e58c9fb35fc2cc8a9f,f-fathurrahman_pwdft.jl
1824,dba16336f4b5034619e459039dc5b2c1dd4573f8,f-fathurrahman_pwdft.jl
1825,dbbe4f49d0bee9bfc1cc89198cc90384e4881e3a,f-fathurrahman_pwdft.jl
1826,dbec4807f76a0d5379605ddaa5afc1f9c05f5cb3,f-fathurrahman_pwdft.jl
1827,dc091aed964fdcc1bd7845a06978a4dcc002bec1,f-fathurrahman_pwdft.jl
1828,dc10ee5b12f07553ca5021307581b816a900700b,f-fathurrahman_pwdft.jl
1829,dc1537c75a18a6170038d6589f5b6f2f6ef4367d,f-fathurrahman_pwdft.jl
1830,dc16a003c4a6084a2a7fa68d71174cfd85a0e407,f-fathurrahman_pwdft.jl
1831,dc204f088240bcc7554fe5a74ac1efd48da230b1,f-fathurrahman_pwdft.jl
1832,dc2fa0e9f1a75a455ec9b5027abb9bb4b1ce7721,f-fathurrahman_pwdft.jl
1833,dc4d965591309d64c15d3d366bff153bcbd5ff97,f-fathurrahman_pwdft.jl
1834,dc7fe3b0fb625685d56e802c5fee1b21ffc29173,f-fathurrahman_pwdft.jl
1835,dc8cd203f44848ea95f11eb23b38069b90ed05d7,f-fathurrahman_pwdft.jl
1836,dc9bbc16de055fc70959d803234532f031208c35,f-fathurrahman_pwdft.jl
1837,dca4a867fbf057a78aa6f8c689de545cbafe8af9,f-fathurrahman_pwdft.jl
1838,dd11bdf53e4315549bd2fde0d4b07ab279d54faf,f-fathurrahman_pwdft.jl
1839,dd46db77a3e1ceb8ddc6332ccb36cdb75452f6a5,f-fathurrahman_pwdft.jl
1840,dd574eef1c5db5d567b4faac8cc383b01cb66a8e,f-fathurrahman_pwdft.jl
1841,dd5d23aeecbdf40d2c43ea50058a98e8de257ed2,f-fathurrahman_pwdft.jl
1842,dd61d07757bca1b139c95d22f431b585a416c619,f-fathurrahman_pwdft.jl
1843,dd620bcaf4857461082349e19d186b36b9a92abb,f-fathurrahman_pwdft.jl
1844,dd8763563c996770cc1cf36afa9060676529d009,f-fathurrahman_pwdft.jl
1845,ddbceeb213197d29d3e257785fdc8648258c07a8,f-fathurrahman_pwdft.jl
1846,ddfb8e07867e62b7f543ece4e619987229f7ee77,f-fathurrahman_pwdft.jl
1847,de2ee104cf94bc5bd67f6ed55d8922ddc7933010,f-fathurrahman_pwdft.jl
1848,de473b8b70856f42a19cb47f106a33ec391f243d,f-fathurrahman_pwdft.jl
1849,de5cf922ba65466f5e0d0cf24898a8b947323077,f-fathurrahman_pwdft.jl
1850,de751f905e3f33d41037262fc9d1b09c730b40f0,f-fathurrahman_pwdft.jl
1851,de9da675d5734d9616d667274a1f57cd3513ac21,f-fathurrahman_pwdft.jl
1852,deb17fe729f1853a9bc89b0f9eaa6f81399cba5c,f-fathurrahman_pwdft.jl
1853,dec7bf9bcc533b61410c7256bd1cfe0795ce2c2d,f-fathurrahman_pwdft.jl
1854,decd9f5e3dd81b3e0227aedb93ed43ba1bb3f0e3,f-fathurrahman_pwdft.jl
1855,df1830071c76cc38b9d33a7cbc3f9720aedbee09,f-fathurrahman_pwdft.jl
1856,df1c70822511b937a6558d4b2c1f1c9f40bdd098,f-fathurrahman_pwdft.jl
1857,df1cfeac385e7aad8b15e1606a8bfea470ef1da1,f-fathurrahman_pwdft.jl
1858,df413ee96b0ab196133dee7e63e09adf227f9965,f-fathurrahman_pwdft.jl
1859,df4c1f2cc0ee2ec965a857b49f8158ea3ed40564,f-fathurrahman_pwdft.jl
1860,df6ac8ff19d1456d4bee8275aede3c65d1775a72,f-fathurrahman_pwdft.jl
1861,df7c9f9bba930cc0431a1fe3ce3aad06d01d8e38,f-fathurrahman_pwdft.jl
1862,df8e9771a330e844d76d592e5c3e2289a6dc6dac,f-fathurrahman_pwdft.jl
1863,dfb19770d11bc5d342bea08acee630751453656f,f-fathurrahman_pwdft.jl
1864,dfb579ec4395f87f28b264cc840d6bbca908d67b,f-fathurrahman_pwdft.jl
1865,dfb8a0463107acaa43969a6acd45a0b07c5062b1,f-fathurrahman_pwdft.jl
1866,dfd23c388b1ac54a0a1188feb9321eb286606ef2,f-fathurrahman_pwdft.jl
1867,dfd7265ae13616100f5ba6227b66a5a3cf084645,f-fathurrahman_pwdft.jl
1868,dfe8baae82651e35a192af2798090b553c31222d,f-fathurrahman_pwdft.jl
1869,e0066791c0e6f9801077b4a527c92d1a69153cb2,f-fathurrahman_pwdft.jl
1870,e049e81b460fbf46b233ce8b0582f809a95ae0a6,f-fathurrahman_pwdft.jl
1871,e0a27023f7abc895556ebeefb36657e9c53a42d4,f-fathurrahman_pwdft.jl
1872,e0ba3182d27e3f7b9dc9160aa83047a9f1cc48d4,f-fathurrahman_pwdft.jl
1873,e102c879b242d93c005ffda353ed3f66a6822822,f-fathurrahman_pwdft.jl
1874,e138489a705db52a7dc8afb963a7a90406683fa1,f-fathurrahman_pwdft.jl
1875,e1833f4a4885ba1cfb8b3a46e5ca077f997c001d,f-fathurrahman_pwdft.jl
1876,e195b45d26fbf58394189233b8c2f2a1487f373e,f-fathurrahman_pwdft.jl
1877,e1dbed519606c781ab15876b5966f8d29cc2ace5,f-fathurrahman_pwdft.jl
1878,e1edb5e755e507d2677d387bffd2e9801ecd618d,f-fathurrahman_pwdft.jl
1879,e203ba484775c5ec082dee3833d8508b94f59324,f-fathurrahman_pwdft.jl
1880,e2641bafc862a4515f80c758fbdbd18e374831bd,f-fathurrahman_pwdft.jl
1881,e27aaba4cc64f81f23abe1d84a83a533e290bb15,f-fathurrahman_pwdft.jl
1882,e2a657edf0b377d024a2e39d1808aed9b248b9dc,f-fathurrahman_pwdft.jl
1883,e2ad6024b02f1c2eed40aab3bba17b8bfeb9e6a7,f-fathurrahman_pwdft.jl
1884,e2b2952b5eda549e7005572a8572b5b7a193ce35,f-fathurrahman_pwdft.jl
1885,e360bb44349fc224fa431ed17e0ea2eef8ddfec7,f-fathurrahman_pwdft.jl
1886,e3916736f8b433cf5ec911b8c904301a2ffa8c68,f-fathurrahman_pwdft.jl
1887,e39abae83c865782137489e32030c14ae01b6d92,f-fathurrahman_pwdft.jl
1888,e3a40dbcca1e9529e02a95243b196c977d40bdb1,f-fathurrahman_pwdft.jl
1889,e3eed43478207cbc39c3bd7de1ae3e6e0d3941b5,f-fathurrahman_pwdft.jl
1890,e3f3e6399a321d91e4bfc2ec6ac73c3dcef3da65,f-fathurrahman_pwdft.jl
1891,e431b59fd28a1b10d14057c6de92027204b2399a,f-fathurrahman_pwdft.jl
1892,e483c332dd932d16a45513094eea93961d0451fd,f-fathurrahman_pwdft.jl
1893,e485609c8245d0ca95bdf79f09a6bde3c30adab5,f-fathurrahman_pwdft.jl
1894,e4a78b1025405ec2a1c5373f1a7783f22d26dce9,f-fathurrahman_pwdft.jl
1895,e4aa4520138af01e6b76a4706b9a2dfb940b6cae,f-fathurrahman_pwdft.jl
1896,e4cc72f0645f661b63bd3287e5c0a555f6e132e8,f-fathurrahman_pwdft.jl
1897,e4d3aaf0076750307ce5f76577085da8073f49e3,f-fathurrahman_pwdft.jl
1898,e4e96f8a352d9745fa4484cb9ed4c08f2b898820,f-fathurrahman_pwdft.jl
1899,e4fde73537bdaa186ddcaa8cc3aefb724bf2405b,f-fathurrahman_pwdft.jl
1900,e5191386c151f3ecc1725e8691efe292b5235932,f-fathurrahman_pwdft.jl
1901,e523013114cc2118cbdce463e80f2ca175e52f5f,f-fathurrahman_pwdft.jl
1902,e5570e6afdcfbd389a24ddcfbb5c130f0452aad8,f-fathurrahman_pwdft.jl
1903,e5a0535d98c347393e0db8216c012acab33f47f2,f-fathurrahman_pwdft.jl
1904,e5ca349ed308e71751a68d4c744bf1a8e0814a44,f-fathurrahman_pwdft.jl
1905,e5e01dbb3cb4ab8daabaf9675f90b7e7dcc7eb93,f-fathurrahman_pwdft.jl
1906,e5e3a7c7f72c52f7af4bf05eb5e9d6a4c01aba6e,f-fathurrahman_pwdft.jl
1907,e5e573998fbd3b3055c34b8cc4b22406a5e2a68d,f-fathurrahman_pwdft.jl
1908,e629f75f91eb7d7eb193965690c425fbae59b844,f-fathurrahman_pwdft.jl
1909,e63a0f193e84f3708f5c51c6b8d8b4d8fa221c67,f-fathurrahman_pwdft.jl
1910,e64e60f5bcff35dba12d788719102b2e6ccff75b,f-fathurrahman_pwdft.jl
1911,e654491dc43db221429c13befa179e6b92448034,f-fathurrahman_pwdft.jl
1912,e66ffe477639b6401ae1e592ad54b9f90718ba0a,f-fathurrahman_pwdft.jl
1913,e6b3c651323abc3a1744c52583af9d7f4da6a774,f-fathurrahman_pwdft.jl
1914,e6ecd624281734f13c3216fe6f890635dcf1e7f8,f-fathurrahman_pwdft.jl
1915,e704b9d8b1477c7e058692967f55bfc20c3cbb43,f-fathurrahman_pwdft.jl
1916,e766f6abe354c8979e4bbdf55f167610fec2de1f,f-fathurrahman_pwdft.jl
1917,e7900d4a38c9eb084a00eaf73bdddc8c8e7457aa,f-fathurrahman_pwdft.jl
1918,e7a5cfcb0b9cd3d138b746152b9433fdbaadcf10,f-fathurrahman_pwdft.jl
1919,e85c8216cc3c083435a97711863bd71a3e31e034,f-fathurrahman_pwdft.jl
1920,e868ecd3765340a6e766954affa18d5f4d53a72d,f-fathurrahman_pwdft.jl
1921,e893fd6f843910a1889fe167b449952c913ad66f,f-fathurrahman_pwdft.jl
1922,e8980796bea217f47f18ece28fcba17cd83ed90c,f-fathurrahman_pwdft.jl
1923,e8a7eab25ba4b282c9b8e9061793013615091dba,f-fathurrahman_pwdft.jl
1924,e8b34210ff29eaecae04413f986e3f5a1bf362b6,f-fathurrahman_pwdft.jl
1925,e8d6fd07c4995b9da21b746c51cee1c9c37a887c,f-fathurrahman_pwdft.jl
1926,e90f345229f2e7b4578d9cf5b4de11485a612f6e,f-fathurrahman_pwdft.jl
1927,e9162e3a2049260c350ce74f6a2026006c5fe396,f-fathurrahman_pwdft.jl
1928,e91695a6e2dcc6ee7c471c95c48897acc23cf195,f-fathurrahman_pwdft.jl
1929,e92446ac3d8d61e15b25a7fa02a03b1649e5a0cf,f-fathurrahman_pwdft.jl
1930,e930002234ea81caee912b9f774b70239672f1d8,f-fathurrahman_pwdft.jl
1931,e94661d3ef89bcc80cae05ca3aded59464dff653,f-fathurrahman_pwdft.jl
1932,e9cf8cedd4df5398b31b441cd0d160bceed67bd4,f-fathurrahman_pwdft.jl
1933,e9f33a5acdc9c20e74a5c40b58134823f19c356d,f-fathurrahman_pwdft.jl
1934,e9f9fe4169bff4deb2cba45ab5fed563eacd6b0c,f-fathurrahman_pwdft.jl
1935,ea03788eb1772475a345e876b332d031f1b5c339,f-fathurrahman_pwdft.jl
1936,ea47b228af4e95a7307a482b838d94dd26746f8b,f-fathurrahman_pwdft.jl
1937,ea4fa120c39fa130eea6129cfc2ada5ba9457c59,f-fathurrahman_pwdft.jl
1938,ea5d05b3ee4e5693931485b6dc3693285ef1b8bf,f-fathurrahman_pwdft.jl
1939,ea6a815190973ac51a9f9f0a7d525280250a1655,f-fathurrahman_pwdft.jl
1940,ea828491329621971643285fed0969f2d190947f,f-fathurrahman_pwdft.jl
1941,ea8b43bde3c153bfe60d6650a8d5c8dadf01d493,f-fathurrahman_pwdft.jl
1942,ead62429da5e5953200c772985cfb3443232a2c2,f-fathurrahman_pwdft.jl
1943,eae7bf96cf0ca563793f4d79fe9df319ec8573f0,f-fathurrahman_pwdft.jl
1944,eb0f63823ffd12cf6ae311ef578f0cda9cdad008,f-fathurrahman_pwdft.jl
1945,eb976badc314fc22df6604d25812a9e7ec552e7d,f-fathurrahman_pwdft.jl
1946,eba2f3a9f8e7f2ebb5100328c9a9f120a5468a2f,f-fathurrahman_pwdft.jl
1947,ebd384c1bb155ec11725ccd6a314ae1e2d0f4c29,f-fathurrahman_pwdft.jl
1948,ebd49a8a1bb6fb992e2b845881bce2b416c91e38,f-fathurrahman_pwdft.jl
1949,ec2707c0269369b7e7aab0a3406c85563b5da74b,f-fathurrahman_pwdft.jl
1950,ec49436e3db8c98fdd7ffbc1e2cd7abf26a1e679,f-fathurrahman_pwdft.jl
1951,ec5f6d4136b1064804244aed34415a538b7f4164,f-fathurrahman_pwdft.jl
1952,ec7f8d05ada43c67abf4bceae6959f681c8b1f1a,f-fathurrahman_pwdft.jl
1953,ecd912cf66f9c61d02af6ba7624d9ac7c71db87b,f-fathurrahman_pwdft.jl
1954,ed2303610eb35b44496e1453836c13eca7793ae8,f-fathurrahman_pwdft.jl
1955,ed414f59457a444dc509878394d3d4290b59e209,f-fathurrahman_pwdft.jl
1956,ee1aec5a3c92df2d1dedf681bba5ceaf34f0b307,f-fathurrahman_pwdft.jl
1957,ee23136b12eadcbec1c3e3f9461c3f4b1b0c6b79,f-fathurrahman_pwdft.jl
1958,ee28b6a81eea2a25cfc52c8ffa13287ac8eafe14,f-fathurrahman_pwdft.jl
1959,ee39ac6e689807ec2b3c1cc0eecff16a0edae426,f-fathurrahman_pwdft.jl
1960,ee5257556072cb8599d61b0af9344364a07fdb32,f-fathurrahman_pwdft.jl
1961,ee7115776d2cb84751fce9a81c634aad94dc75ad,f-fathurrahman_pwdft.jl
1962,ee7504fb73277522dae30fa32a579c5f7a5875a1,f-fathurrahman_pwdft.jl
1963,ee77cc89b3e6407ab956b294aa2ecfb7442f62ab,f-fathurrahman_pwdft.jl
1964,ee8646456c9b4d97c90420eaa6c7238217d5de5e,f-fathurrahman_pwdft.jl
1965,ee93fc4e112640bd743a8eabde09fc2d25bf2c49,f-fathurrahman_pwdft.jl
1966,eea68358359964cbdd4077a05a7bc306aa1be993,f-fathurrahman_pwdft.jl
1967,eed3a4fb32d8a2da599e0ec1133d09725bc82274,f-fathurrahman_pwdft.jl
1968,eeff237048822d2b5ddf3f72f569df0c6246a9b8,f-fathurrahman_pwdft.jl
1969,ef27e10a69662b84565aac7d628ceec53cefb3f0,f-fathurrahman_pwdft.jl
1970,ef33c4901416652ee6172c0d868bd9485d97d249,f-fathurrahman_pwdft.jl
1971,ef3672768c5fc15da097bca6ad318fdaa55a34d8,f-fathurrahman_pwdft.jl
1972,ef3ec7c3fcbba50d06dddb447e53d162c474b52a,f-fathurrahman_pwdft.jl
1973,ef44365f4470f7c138d5f8266ddcc5e2bd0c2854,f-fathurrahman_pwdft.jl
1974,ef4bf0a1ca5f28bbb7feadca853a950e0efa8a6d,f-fathurrahman_pwdft.jl
1975,efacd33723648d660dc212cbb52b8cf87821974a,f-fathurrahman_pwdft.jl
1976,efb0387e8e1c5a5df4479c17f55db9a4ac373599,f-fathurrahman_pwdft.jl
1977,efd964176c579628847f2b61aa9795f00c9767f8,f-fathurrahman_pwdft.jl
1978,effe6bf96780ae7b518d11fe37cbdcc945c69978,f-fathurrahman_pwdft.jl
1979,f015992d130f09a64534019a2565405470c7ce4b,f-fathurrahman_pwdft.jl
1980,f0348e80032f79b0e03d49436a1c18b72efb162f,f-fathurrahman_pwdft.jl
1981,f077144c5f2394bede2537a5f3931b74d106e547,f-fathurrahman_pwdft.jl
1982,f0981309f94e9a199e8bb105186f4836bae24cc5,f-fathurrahman_pwdft.jl
1983,f0d88e2fbb15fa4755a8a81f35bed35d53b674ae,f-fathurrahman_pwdft.jl
1984,f0ffd26b462fa8bfe819ab9bc1e89e469a54046c,f-fathurrahman_pwdft.jl
1985,f117dcb1ec291d63ae25a11f25feb6d1084753af,f-fathurrahman_pwdft.jl
1986,f119ccfbc54f80b6c724ffa4844b7e5eca9f2c5c,f-fathurrahman_pwdft.jl
1987,f11ced9c19a9506e6bbe290464ab51a312b083a9,f-fathurrahman_pwdft.jl
1988,f12b047a540822e8c947ebbaaeb5bfc5b854ea54,f-fathurrahman_pwdft.jl
1989,f154b1bf6d20dc907c21d6446ea1e9cb5759d798,f-fathurrahman_pwdft.jl
1990,f1791d552078ba3efe5322009e6bede3ede95cd0,f-fathurrahman_pwdft.jl
1991,f1b16fba6d125c597ec2f7f2fe4cbb43c244ecde,f-fathurrahman_pwdft.jl
1992,f1bc84d643e6a791795370d35c2ad1a59f98d00c,f-fathurrahman_pwdft.jl
1993,f1bd98269a08ee93454f434a745a8f516cf53d04,f-fathurrahman_pwdft.jl
1994,f1cd3d7cb7207073353deb09d39c99f9ed6291d5,f-fathurrahman_pwdft.jl
1995,f210bac60d03b45fb4df631905d301a24286a12e,f-fathurrahman_pwdft.jl
1996,f225a2ccda2de1c91c8fa58360789f54e6cc639c,f-fathurrahman_pwdft.jl
1997,f2393f20c3a79a50e7e9775952ad068575531acb,f-fathurrahman_pwdft.jl
1998,f24d22f680e2aa417e5234b9890d631b2fa29b00,f-fathurrahman_pwdft.jl
1999,f2b7ca22917e5535de5b03b6e7e68b6acee3a51f,f-fathurrahman_pwdft.jl
2000,f2c4c232f0e6927521e108ed3447aa1f02079d22,f-fathurrahman_pwdft.jl
2001,f2dbcabd6baa180e082313375400a90e0533452d,f-fathurrahman_pwdft.jl
2002,f3047662371601da52fc1ee012fac40f7ab83ca2,f-fathurrahman_pwdft.jl
2003,f35bc2b91890865413cdd58f0ef1f26d88be1331,f-fathurrahman_pwdft.jl
2004,f3759da92d5b9d3c8d70daee284274b66c3655cf,f-fathurrahman_pwdft.jl
2005,f389dd161397b68b2a43f120b986066895828220,f-fathurrahman_pwdft.jl
2006,f38c8bf6aeb4ba452ba63e0f2c39916db92ac2ce,f-fathurrahman_pwdft.jl
2007,f3cbb854d15524b28b8a5a0344d8441f30ff06ec,f-fathurrahman_pwdft.jl
2008,f3cf507602d6a365f33ab04e85a5a57a4d7aed63,f-fathurrahman_pwdft.jl
2009,f3f5aff454ce3b6efc7ced26d5ef909de5c3fa50,f-fathurrahman_pwdft.jl
2010,f3fcfc44b7cea9d33a0d4dd99b6b92c141511dc1,f-fathurrahman_pwdft.jl
2011,f42613a2961a46003dd731e86720e579046e159b,f-fathurrahman_pwdft.jl
2012,f458edc0bb912de6c4b62c6d1a45ab18c46786ea,f-fathurrahman_pwdft.jl
2013,f45b361013cdc0075829fc806427f6a76705efa0,f-fathurrahman_pwdft.jl
2014,f4769f4ea33f22bbaeb21cc1035981a19ae57c61,f-fathurrahman_pwdft.jl
2015,f4840fbcf974cf1ee46a70bf3ebab864444e1b7c,f-fathurrahman_pwdft.jl
2016,f4bb61f3d7e6f3b0a96c3415cfadf925ba5d77a7,f-fathurrahman_pwdft.jl
2017,f4bcb443c793ce7253dc17a1667c4fd93013d887,f-fathurrahman_pwdft.jl
2018,f4f195137d68785e7e764400e010e92f4a6fa6a5,f-fathurrahman_pwdft.jl
2019,f4ff672b6be803cd932364117e28a7c62d8ab017,f-fathurrahman_pwdft.jl
2020,f5071ce0f46089bfed78f45f74dbed99921f29a7,f-fathurrahman_pwdft.jl
2021,f539eee437e5ae209b1e7593496a51406953c14c,f-fathurrahman_pwdft.jl
2022,f53e80c50b400bc29f760c0a2ab2077a9006d574,f-fathurrahman_pwdft.jl
2023,f5749467ac8e03a52d2df62059c165ce8072d640,f-fathurrahman_pwdft.jl
2024,f5eb2fb7a98bbb14bb3d80fd5282042f9f6918a4,f-fathurrahman_pwdft.jl
2025,f62498f6cd35cd1d41f880c6c539403bca6fbd26,f-fathurrahman_pwdft.jl
2026,f62aae3be03a06838f272c1d8d2c21f026c8715e,f-fathurrahman_pwdft.jl
2027,f65dcbd9fc4a384c7aaafc6ba4b591267c9a0b9a,f-fathurrahman_pwdft.jl
2028,f671ae404cbd791f2866bc06dba42e7da70b503e,f-fathurrahman_pwdft.jl
2029,f685a7ca90b97cd2adc5d964711ac55da44fe34a,f-fathurrahman_pwdft.jl
2030,f69615ecea328fca9b867c28a71b7f3af82aecef,f-fathurrahman_pwdft.jl
2031,f6af81183055d95940ced0c5ab06067229ec993a,f-fathurrahman_pwdft.jl
2032,f6b7001e6e96134c5c5d28249de99b7ef15d6f47,f-fathurrahman_pwdft.jl
2033,f6d0f81e1079995de8a5f5370ea50cda31374335,f-fathurrahman_pwdft.jl
2034,f6df4a1debe46948b03b886ea50ea775c7e9b5e3,f-fathurrahman_pwdft.jl
2035,f73c09e9c7e21c2e626d6d68bffc69ee0c34d76e,f-fathurrahman_pwdft.jl
2036,f73e9bfa89fbaa5268d66f4f02320c0ad669dec6,f-fathurrahman_pwdft.jl
2037,f77bf91453cea5f29f31563a7bfdafe804a383ed,f-fathurrahman_pwdft.jl
2038,f780ae34061ef6793d375ca9aa6b5d275792dd78,f-fathurrahman_pwdft.jl
2039,f79b18c18119fd89fc0b223d9e5c04947ddabfbd,f-fathurrahman_pwdft.jl
2040,f7d31f6abaa8476e19447f8be5db7c78c4d9b461,f-fathurrahman_pwdft.jl
2041,f7da1d8bec3cc2907e3a7ec18e4859e4b658f05a,f-fathurrahman_pwdft.jl
2042,f7fcdec8f0c15f3f7b5eb94306aa071f2fb11b24,f-fathurrahman_pwdft.jl
2043,f812ca79e040a690880071e8319ea0fd9c0a7962,f-fathurrahman_pwdft.jl
2044,f832b784293135f7953d8638783624c7886ea634,f-fathurrahman_pwdft.jl
2045,f839926a1aa94707fd07894ee08db9e3d198678d,f-fathurrahman_pwdft.jl
2046,f8b455ac7af17428e517373961e2241ed46e1fa5,f-fathurrahman_pwdft.jl
2047,f8ef78eb9e28b4f0b07f444de95c4f5302d263f8,f-fathurrahman_pwdft.jl
2048,f8f0c53083751a5237369ec899d435be15833bfb,f-fathurrahman_pwdft.jl
2049,f901c678edc687ee0e5d52f711116cbf1ca28bc9,f-fathurrahman_pwdft.jl
2050,f91c0c0e45ea9799f2f24c1e35e4b40c03654eaf,f-fathurrahman_pwdft.jl
2051,f9673b27b53c3d8072e6ded2e5f34e7ede32be03,f-fathurrahman_pwdft.jl
2052,f97b9e14093515f522687a1a35dd227d3adc2e6e,f-fathurrahman_pwdft.jl
2053,f99767ce267491d29a14005adee540da71af9c72,f-fathurrahman_pwdft.jl
2054,f9aeb32070b5f859aba0210f114da3045f051cf3,f-fathurrahman_pwdft.jl
2055,f9b9d9359fbc1494734fd4f70e4371959596910c,f-fathurrahman_pwdft.jl
2056,f9ec97aa8eb580f8f053249778882ee600079bed,f-fathurrahman_pwdft.jl
2057,fa0a7f19af04b1cd5dbb48e7d1af9883690cc709,f-fathurrahman_pwdft.jl
2058,fa257ded45bcc7ad1b88fe9ef66e8770bd29f465,f-fathurrahman_pwdft.jl
2059,fa4063de0cf07e7b76e9320e431a8c61dca73711,f-fathurrahman_pwdft.jl
2060,fa42a92e1b6346d0d003710505ab965885356d2c,f-fathurrahman_pwdft.jl
2061,fa6116c789790497d0f597e954a920fc35603e75,f-fathurrahman_pwdft.jl
2062,fa821be35ae56abfb4c26773bdb205d8ac160bd9,f-fathurrahman_pwdft.jl
2063,fa823e3b0271dc41d9513068aeec2ef4a2618a13,f-fathurrahman_pwdft.jl
2064,fa8a7cbe59e9b676d8cac0c2e134ab6ee3cf0afa,f-fathurrahman_pwdft.jl
2065,faa9ea48b6b8dd883787c43b123bf97ff69c3bfb,f-fathurrahman_pwdft.jl
2066,fab93f2f6d350fc64c39ea4fa1804518f45a66eb,f-fathurrahman_pwdft.jl
2067,fae55348ee1528b5cabdc0f88a14c770a39888ba,f-fathurrahman_pwdft.jl
2068,faf1ef2b418f2022ef0e52314ca388dbc75644fa,f-fathurrahman_pwdft.jl
2069,faf8e0ae5a47db4d03f7c28bd145b174cd3e3806,f-fathurrahman_pwdft.jl
2070,fb0c03bb4a84d74cc463cd270010abaf6957e611,f-fathurrahman_pwdft.jl
2071,fb2c689619975a6795ea3c1f4bcb9eb035fc5324,f-fathurrahman_pwdft.jl
2072,fb49a84afb6c29b3d629e952ae0178ddcf2291a4,f-fathurrahman_pwdft.jl
2073,fb617993bf6f3b6bbfd1d22c98f4ae8536518e9d,f-fathurrahman_pwdft.jl
2074,fb80b2d6e0b0661238cce27d29ce6672c3e87b66,f-fathurrahman_pwdft.jl
2075,fbb24daacbaf09859914e9cdbbf9fc205f251333,f-fathurrahman_pwdft.jl
2076,fc1e215a2d71e4356df6d6ae82b1437d196d93c1,f-fathurrahman_pwdft.jl
2077,fc23950aba64463c4f285d0e4a42a3176e983da9,f-fathurrahman_pwdft.jl
2078,fc25d625963e0b10558f902ee6ba97fd837af418,f-fathurrahman_pwdft.jl
2079,fc2e4d41bd212015edbc74a0c5249417f21cf581,f-fathurrahman_pwdft.jl
2080,fc50f50d954e2ade364e47127616e89fc4d0ce95,f-fathurrahman_pwdft.jl
2081,fc547abc269752095ff39f336f2ad2d7fa16ae29,f-fathurrahman_pwdft.jl
2082,fc5f3636e966b854a35bc7192fc9a0fd8d270cfa,f-fathurrahman_pwdft.jl
2083,fc75a4dedabe0dc2c92a1a092d087c8019b9016b,f-fathurrahman_pwdft.jl
2084,fc81f925a526cf445b36b9d48ade6ec2cf290368,f-fathurrahman_pwdft.jl
2085,fc8a38b9ee3db50b904ab03a943f3d436b79aafb,f-fathurrahman_pwdft.jl
2086,fce0c7648b967ba68abc1ca882aeff9b46d39c4a,f-fathurrahman_pwdft.jl
2087,fce578e35f0fb20a4dffe30e93acb3a733a456a0,f-fathurrahman_pwdft.jl
2088,fce86cdfbea832a0ba8d257ed4b4bff3182003e1,f-fathurrahman_pwdft.jl
2089,fcedcb94cd5fb2f3fa95a4684a6b33744f1ab8c1,f-fathurrahman_pwdft.jl
2090,fcef08aa2801cbe3abd5bbbaf48375f7ce9c0678,f-fathurrahman_pwdft.jl
2091,fcf6e1f54d4912830a2fce6dba504f4dcb892333,f-fathurrahman_pwdft.jl
2092,fd0364800b944de87f98b9d7483d96cd049fe1fd,f-fathurrahman_pwdft.jl
2093,fd3c6632c7906c451ac0af927692ed3b845fdb43,f-fathurrahman_pwdft.jl
2094,fd52c45539dcc9e959a7c8e9a5627edb15a4f01a,f-fathurrahman_pwdft.jl
2095,fd870ff59d255f15475437536c499f7c1e48e5b6,f-fathurrahman_pwdft.jl
2096,fdbab26485f961821613c46826bd4c728f979db1,f-fathurrahman_pwdft.jl
2097,fddf25ce0d5cb8f65ada595f4409930408f6d8d1,f-fathurrahman_pwdft.jl
2098,fdef245bde18a59e6016628f52eb51f507ede6fd,f-fathurrahman_pwdft.jl
2099,fdfba6316d777ba584bb4588db353e3a40778a1c,f-fathurrahman_pwdft.jl
2100,fe447756143c286f8513355851b7dbc0f2777afe,f-fathurrahman_pwdft.jl
2101,fe598b3dd565375880a7d27e54c2c897e8d7fc74,f-fathurrahman_pwdft.jl
2102,fef690d25eb7f59e31e5b4f080544623840b2331,f-fathurrahman_pwdft.jl
2103,ff10cd140c668a1d47d851b694167d103a8e47cb,f-fathurrahman_pwdft.jl
2104,ff1dcb8d1b60d3162e08ff935af71c296b54ea4f,f-fathurrahman_pwdft.jl
2105,ff415a5e2a54a2ee0e908d81234f62ba293bbd93,f-fathurrahman_pwdft.jl
2106,ff49cc742a2e71e0e425b6fa37abd3258fd525b2,f-fathurrahman_pwdft.jl
2107,ff5909e2bfa6d20180ee171b5fc8465f6da8f657,f-fathurrahman_pwdft.jl
2108,ff5afb5a0e241847386b7341a6d0aa7218f0de56,f-fathurrahman_pwdft.jl
2109,ff65e5c6b29c16b193fafca80e1a0abad253536f,f-fathurrahman_pwdft.jl
2110,ff7d57e9c5de9f17ef0a00fb64142b7962c75222,f-fathurrahman_pwdft.jl
2111,fff5d912302aba748babc3b86301da7e582d4a21,f-fathurrahman_pwdft.jl
0,00fc3c74b2482158b5449e7ac26f298b261a7011,nenadmarkus_wlrn
1,01e40316502f8fb5f4979c8aca8b9d765360a45a,nenadmarkus_wlrn
2,0361104bb48c227d84bdf61b29d2721c9dce5a27,nenadmarkus_wlrn
3,036cfda4caf931fb58d1d3f6744d1715a2e77af8,nenadmarkus_wlrn
4,04a1516c02f24db69442674ba5beafc0756d1a41,nenadmarkus_wlrn
5,0552dbac220f677add29347f8b18aac108c2a3f7,nenadmarkus_wlrn
6,06100da671c43b0f7bef989020319268ab5f1f50,nenadmarkus_wlrn
7,068b45a6ca1864d48b5851358d47560944b512fb,nenadmarkus_wlrn
8,06a935645c5c56782c975aec7f655059911f68ba,nenadmarkus_wlrn
9,07e9ec24eb00437a10bcafa03c12ed3bcb0fca12,nenadmarkus_wlrn
10,0a0e26b877eed308f0f71efa7aca227e52511aa4,nenadmarkus_wlrn
11,0aaa4d3a5e5b73641d3b53b601466c0f7e40707c,nenadmarkus_wlrn
12,0bc0dc1c43644d836ef379ac92c26277b65d2bf8,nenadmarkus_wlrn
13,0c106330897d46a67c4ab48c65d38684c0f39c20,nenadmarkus_wlrn
14,0c95b3628e89ac4c353be47b9f6acdbbcdbb288b,nenadmarkus_wlrn
15,0ca4493d81f46af994082953a5642319dc9dd09e,nenadmarkus_wlrn
16,0cb67046b32b1ce6f8c95291a09abe715802f74a,nenadmarkus_wlrn
17,0cc686696e68b3117b9cf7dfe01632dedbd80b74,nenadmarkus_wlrn
18,0da80c33b3ead34d6f9f63ca045aa435f1f33a19,nenadmarkus_wlrn
19,11f12c589b9694c0bda161ef93d9d784fc143ddc,nenadmarkus_wlrn
20,11f7893cbaa9a02f94f3835057e2f716502764f9,nenadmarkus_wlrn
21,1230600476c6c9eea2c7c229de8669115ad07279,nenadmarkus_wlrn
22,130cbdfb1a71269dd3b95a7e8b20e492d4a9f6be,nenadmarkus_wlrn
23,13889c016d119210d1dfb293212a3518632a9379,nenadmarkus_wlrn
24,13c05501607341085a5e33b7eb770a1999877190,nenadmarkus_wlrn
25,153bc102c06b25ff20efad62ac942a25266aba30,nenadmarkus_wlrn
26,160a380153eb8ff3d2f53974b91d38e4f42236c0,nenadmarkus_wlrn
27,162df79e8d9929f040b9651953d362acb53e1c2e,nenadmarkus_wlrn
28,167a2be3fe44f8469eba78325bdcbc38816f8b30,nenadmarkus_wlrn
29,18448a0d290cd2ec98d53a425a501bcfcaada054,nenadmarkus_wlrn
30,19f98cf76cfe9329381da0e027d74a4664a74032,nenadmarkus_wlrn
31,1a6b592eeba2b9c97a22c9d8ddcbcd98dfde1bea,nenadmarkus_wlrn
32,1c2c057756fe6d0617e37fabbc75160bcde1aac0,nenadmarkus_wlrn
33,1c86d9c37a1c867b10d2bddb9cab1252719d5db5,nenadmarkus_wlrn
34,1c8804adda387440d6aad41f1b3670ff1547694c,nenadmarkus_wlrn
35,1da9b8d2454fcc258a2109e649e2811be97987f9,nenadmarkus_wlrn
36,1eb6c73e8ab94aa9d071abec1cb3a168d3264385,nenadmarkus_wlrn
37,1f427444d39cefb1d136f29a4640a5d40f911130,nenadmarkus_wlrn
38,1f6e644bbad1f169380a90e4f9df132171c068b0,nenadmarkus_wlrn
39,1faf00b6eaf7acdab2de6eadb91a1c6dd27231c5,nenadmarkus_wlrn
40,1fd1317362d21dbdf8a3e04f4c608296e3753162,nenadmarkus_wlrn
41,20962bd0d6a42f66d295afa1379522d6495af3f9,nenadmarkus_wlrn
42,20b4c9174549b10fbc0a3d6dac47099ddccc5cdb,nenadmarkus_wlrn
43,20d31d50deb2f090d70289b16b4dbd53324fbfbe,nenadmarkus_wlrn
44,213694abe90aa10977b65576352ab9b097438552,nenadmarkus_wlrn
45,243251ef067fd0bd338be2703eec06f9a53a8233,nenadmarkus_wlrn
46,24aa008546c08b8e217e133ef599611d06a28bed,nenadmarkus_wlrn
47,251d00950f34a51ca957087a0149448a4e41cf33,nenadmarkus_wlrn
48,2599706a7d30f418a998faad83024009b4ce792b,nenadmarkus_wlrn
49,25a31d102ed15b153df0f5e2b26ff46ad2506f30,nenadmarkus_wlrn
50,269a7cec179c805ce19051120b1c52bdd3d30de7,nenadmarkus_wlrn
51,26d2f04492e7621f5c27cb2d27710acff1099ffa,nenadmarkus_wlrn
52,26e5ca322517faca354c4dfcf4790bd58d1f709c,nenadmarkus_wlrn
53,2985f58673fe6c9b8a2be0f4d4aa8da8bd0cdec5,nenadmarkus_wlrn
54,2a42e03e890014a6b2d891014a435480721ccd21,nenadmarkus_wlrn
55,2a8ac26bccdbc2c0ea7dcf82a23b8aab1a290be8,nenadmarkus_wlrn
56,2b4894358802de5d6853ea1a056ee905e87ce2db,nenadmarkus_wlrn
57,2d45162f5e516f8921db17f26e7e8abeca31aaac,nenadmarkus_wlrn
58,2dfefaf4916d6a1ef76ed52ed230291da4a1e202,nenadmarkus_wlrn
59,2e0ce2f0f8b6b67ae005e8b83d60c5c313c3a2fb,nenadmarkus_wlrn
60,3007a68ac4f1ff8f6e4fb788d394706fbe8d7694,nenadmarkus_wlrn
61,305a1cb7831b36835729a1a9e333fd1098535466,nenadmarkus_wlrn
62,309998dcab6bc5cca7840905c281f4ed3735ac7d,nenadmarkus_wlrn
63,332f924586d1a5cd5ccd24a9e5e31277a9806278,nenadmarkus_wlrn
64,336a97c3c16610c1b6efa5d85c225d8d83c7b62a,nenadmarkus_wlrn
65,33e31a63d78d03b3dc845d158ab85987fa7bfd45,nenadmarkus_wlrn
66,340ff4d9748cff5f4cc1f3a5f62749de475283b1,nenadmarkus_wlrn
67,35f2d0fd82d6f827db8a28bf95349a7cb86d094e,nenadmarkus_wlrn
68,368989316ad80032f6d1ae4969733ef260730ac0,nenadmarkus_wlrn
69,36e5c1eea3606c1f1bf7f7f5b1e8380f4a2a59ac,nenadmarkus_wlrn
70,386c85853185388d165a11be4ccd43dbacf9562e,nenadmarkus_wlrn
71,387533cfb3061eee34ca3a717da99e31bbf5e988,nenadmarkus_wlrn
72,38b295f85c57b370d27b6eacc73b980955f3914a,nenadmarkus_wlrn
73,3ad6ab25b2cf8a394ecaa72030db856c4098eb96,nenadmarkus_wlrn
74,3b6554b42ac16b491de72e86869cc9e4832ca38c,nenadmarkus_wlrn
75,3bd92a45214c58a30292e1577700f55ed1f9b026,nenadmarkus_wlrn
76,3c785888754386afcbe896720bd2b9519950418b,nenadmarkus_wlrn
77,3d51b69edd8072464e8dfbdeaa0ad9fd05745e17,nenadmarkus_wlrn
78,3d9451101c3a75c299c051c305f244d2a57061da,nenadmarkus_wlrn
79,3e6690500560b7f12eb15bf3283da64ca0d5bb4d,nenadmarkus_wlrn
80,3f83b1ebdb3d9056422ec83c313012990979e041,nenadmarkus_wlrn
81,3f84e90f089cdda95730aab903971c971336d37d,nenadmarkus_wlrn
82,3fad200c2688f489b0f575d6b14a2f2a404dc43a,nenadmarkus_wlrn
83,411a024be7dce3d3bb6258195c5b1cb2980feab9,nenadmarkus_wlrn
84,4134d6b869a6ec86b310dcbac39d0a3eac013ccd,nenadmarkus_wlrn
85,414ed6cb67a218e1fb0dc10d440245a4aa8577ec,nenadmarkus_wlrn
86,43593065ccb608dae589d0d0b0da7ab99b36b0a6,nenadmarkus_wlrn
87,43d0353dc7c302ee0507bfc92c541d76e5d5c06d,nenadmarkus_wlrn
88,4517286db0f672fc9edd2d6de861168a9fea25a9,nenadmarkus_wlrn
89,46c7169372ee2c5adf4fcf30ad964a58b58f8a5b,nenadmarkus_wlrn
90,48169b454cf95a86f3f2aed9abe4f00f4f1e733e,nenadmarkus_wlrn
91,48ba72456f7a181d0f5cb4b3c5453966af13c658,nenadmarkus_wlrn
92,4a2123a00693d9169eba83fc2693434e51857a82,nenadmarkus_wlrn
93,4a7a4292c2aba5a789e46d7f1dc20b638e6a38d1,nenadmarkus_wlrn
94,4b34d912f0108d59d2d8cdd1e44658efa4a61102,nenadmarkus_wlrn
95,4c72f9c8bb968c4d067769e3b8f433f35cd04d6b,nenadmarkus_wlrn
96,4c8edb8c5d457565a02b41f6e497249714dc2025,nenadmarkus_wlrn
97,4cdbf0f7272c9cf251130acf319eceb43f6ca6bc,nenadmarkus_wlrn
98,4d9bd08c57bba4e063509593495898d5fb9b72be,nenadmarkus_wlrn
99,4edf153e84e3aff8d8a840e4823a89fb2ab0a095,nenadmarkus_wlrn
100,4f3224dbb9a236a9e36f487e181d96d68f1c8ea5,nenadmarkus_wlrn
101,505a2f0ce9d3adf7dff519b1372514c9ee7c5b89,nenadmarkus_wlrn
102,506a1933107790c962e2b32702eae7934ed57583,nenadmarkus_wlrn
103,50ae58fcc5a7b11cd7dbd8d591c532f5510a0f2e,nenadmarkus_wlrn
104,5192cee02e95cdb9f7fb7775634f07eff555c731,nenadmarkus_wlrn
105,529857822d6fa1fce26752103e113183b8df44c5,nenadmarkus_wlrn
106,532dbd6177033dcd962812cb6520c21415ec4a3c,nenadmarkus_wlrn
107,5369816f68f23ba47ed0482ea3de95b27635339b,nenadmarkus_wlrn
108,53d137987f261306ce660e0b5bc4c5cd009ee3b5,nenadmarkus_wlrn
109,53dc8ba9e0863d921f196bf47786a4b7291311c8,nenadmarkus_wlrn
110,5406e41ad34323582be734889bbba3df0cc9c98b,nenadmarkus_wlrn
111,54496748be2c4bff344aa71351bcba76d1f80c68,nenadmarkus_wlrn
112,54ec85bb8f9ca7d462c196009fd7031e95be17aa,nenadmarkus_wlrn
113,5630809ab78ccc82e1e11efacd608acd2670fc13,nenadmarkus_wlrn
114,56ef016646d542a5135b8a979d84c961852b3244,nenadmarkus_wlrn
115,5726c9b3184e955adfceaffa9e86a1eaf30f0bbc,nenadmarkus_wlrn
116,5747a3c2421fd8d624351adb58afbc60df27d7fa,nenadmarkus_wlrn
117,58e03d939dfadeafc8fcd6c220de0d18bf3cd8d5,nenadmarkus_wlrn
118,59d41e78d8be1a6ce1b43c48532c99d84846986d,nenadmarkus_wlrn
119,5a7fdbf6fbd3228783cf4bb4a358729432b1fe0f,nenadmarkus_wlrn
120,5cab82ce0734c58a0ecc38b6fc022924e9e29343,nenadmarkus_wlrn
121,60a9b1c2f25e3761d65bec8a6546938f76997b15,nenadmarkus_wlrn
122,61355c063246b50952ee67352f1ca1db435bd543,nenadmarkus_wlrn
123,63ec6f9ae08c87e949c4a916c781a1b8aee9ab62,nenadmarkus_wlrn
124,64a0f0fc45a07c9c383e61e8bd300459fa9f3dca,nenadmarkus_wlrn
125,6566b6380eaabab92bd569a9fc7bb1b1eca061e4,nenadmarkus_wlrn
126,660fa66f19f4d02cb648bc6616bdc0ca0152a764,nenadmarkus_wlrn
127,665a03c33aabbf023880af2d6722466b7f7d085d,nenadmarkus_wlrn
128,66b1685225103f344036e94ef718fce55518f247,nenadmarkus_wlrn
129,66d1ade1c89377b44eb0a718ac5512ac1cb26fa4,nenadmarkus_wlrn
130,67b84940c93a6d1d3bc569869a318d88c33e2c47,nenadmarkus_wlrn
131,6858d1a5efa5a72a1491571ba58f48ed98f0108b,nenadmarkus_wlrn
132,68cc03f3a604714c83ddc9dba27f9d0789b22f06,nenadmarkus_wlrn
133,694a1f434e4786de4a8293f37bc2fe9553a10abd,nenadmarkus_wlrn
134,6a6a2e5dfe3e456a1ae82e4c1c573faf1cc6dc5b,nenadmarkus_wlrn
135,6a7fee2e7199159e4891a81997747347c068d3f2,nenadmarkus_wlrn
136,6a98c1e29766e7af65b7550126777fb7f3d00b37,nenadmarkus_wlrn
137,6aca603d9d63a3b14ace71ea99ba6f0e28b5c5f1,nenadmarkus_wlrn
138,6ad4790edc42b3b48a95313f34c7b37e325248c6,nenadmarkus_wlrn
139,6c14c4c2f08a7310322cf4c8b0b779e6091a6f41,nenadmarkus_wlrn
140,6c22b6d18fafab02693f08465d7f1f0dd5e51d92,nenadmarkus_wlrn
141,6c5f71778b3a65c6f049c05029d88a4002369df2,nenadmarkus_wlrn
142,6cee08a40acd2080aabed0056bdbfc2addf528c4,nenadmarkus_wlrn
143,6d566ea5435cd1177fcfec71af122473e3eb9ba7,nenadmarkus_wlrn
144,6dc006bc3d73ea1b199da7b87e42a389473edce2,nenadmarkus_wlrn
145,6e1ff9d35dd9b8d64c3c9d981eed758042e80cc7,nenadmarkus_wlrn
146,6e8e13ccec0253e3d60d34afefc1d026bf7a119e,nenadmarkus_wlrn
147,6f0d6dad924d73b1d4b33f2d13939f48521eabd6,nenadmarkus_wlrn
148,6f2aa47b734fcddc2cecf2192c1730643db6a90c,nenadmarkus_wlrn
149,6f3351b1c711bb6066c7187968189b5c4b0a6ad2,nenadmarkus_wlrn
150,6f9c0929e64283202755e2f541f0cbb88ff6c227,nenadmarkus_wlrn
151,71ee23c91b3f0fabb50d3f63175c9040eb087d84,nenadmarkus_wlrn
152,72331d970af496543969b3be3b8ad08be8c9dcdf,nenadmarkus_wlrn
153,7299af43ec9041272d1e34d161a8e30c0bfb917e,nenadmarkus_wlrn
154,72b6f6ef98928c6b7a98d274dd727e68f5ccb29d,nenadmarkus_wlrn
155,72d63771a777e8fa1d4c332dc1ed561ec09a5758,nenadmarkus_wlrn
156,733f2d2c6d76bf03a399563c073ce8175db9a5df,nenadmarkus_wlrn
157,73d20e2f1aab4a563315d758da7c977cf95ffabc,nenadmarkus_wlrn
158,7837e7f712fb8d5fbfe8e1cea02e6287ba24a883,nenadmarkus_wlrn
159,7931d020c925cd0f060eab4e9aba596d114a8781,nenadmarkus_wlrn
160,794482bab654565d85caeca0e10c5a7ed0668312,nenadmarkus_wlrn
161,79875ec17a2c6533f97b3acea408007b5d5507f4,nenadmarkus_wlrn
162,79d6ab4e1bfdfb8ec06de8fd485823a45c25a14c,nenadmarkus_wlrn
163,7e29cb4bef1bc38391ab1b5b0c3b22f422a414b0,nenadmarkus_wlrn
164,7efe2de019bb98bd031fb9e9dad43038c1649837,nenadmarkus_wlrn
165,7f603d5a89d4f0fa7155577aeecf9a8b61fd61c8,nenadmarkus_wlrn
166,7fb27109ba25a34e894c1c4e3de019e71ce26d3b,nenadmarkus_wlrn
167,7fc0be29088ea94e1ede12a5b6e6fb52998572a3,nenadmarkus_wlrn
168,803a2ac82de18da71a611b877b68c352a7cea90e,nenadmarkus_wlrn
169,80617aa5a39383befce2f1a1f12c6106d2f39b50,nenadmarkus_wlrn
170,80ccaf977490637a9f4f489bf34a4adc4e9c5a6d,nenadmarkus_wlrn
171,8132ccc8361d2b49b68b6717ba2ac9a63032148d,nenadmarkus_wlrn
172,81460196164199b2050aeeee45d955ba88c0d843,nenadmarkus_wlrn
173,81e9620540783cfca723588ddda974a0d951d424,nenadmarkus_wlrn
174,826f857ed6822e3be4466fa0225193c19f4574e7,nenadmarkus_wlrn
175,8338590dc01196529806251fe546d8454b5a0f96,nenadmarkus_wlrn
176,86bd2e769fb4eb26f23c365458e355e0859fc69f,nenadmarkus_wlrn
177,881383f92e7df2bcb1f71265b5d8afd60c9a840b,nenadmarkus_wlrn
178,88379bebd6dd20732cfeb755b17b818a58dcb8ea,nenadmarkus_wlrn
179,89b92ff0ca11708271f9e29c8eca2a1b3f15696a,nenadmarkus_wlrn
180,8b5d5ab5aa874d78e836344eeca71502ecec56e1,nenadmarkus_wlrn
181,8c437d337f48e26e2150dc6330710204cb884b58,nenadmarkus_wlrn
182,8d54b3e8ceb870913dda95948b05fff57734da4e,nenadmarkus_wlrn
183,8deb8b66dc190c72ff2f72ead0394aa48e76cc8a,nenadmarkus_wlrn
184,8e0668969a9447eca18670f437ffce3e2de1773f,nenadmarkus_wlrn
185,8e673d0e3da9e7962e34413af5a423cc56b278cc,nenadmarkus_wlrn
186,8f9bb1af8a4dd7274ad5e736d68f2be50ca09111,nenadmarkus_wlrn
187,90c28a08be4e18873c23d33b34c56100f9c2b589,nenadmarkus_wlrn
188,9186ca16b6773654db2013cb35bad1767c3006b5,nenadmarkus_wlrn
189,92d6d3a74a67e1906ffca90cc20ad810cfc83212,nenadmarkus_wlrn
190,96981d4a9919516ab035e9640e97154b03b0e130,nenadmarkus_wlrn
191,97f250a14d4abb671f239a8d062b23ff43277a8f,nenadmarkus_wlrn
192,9826b3adae8c2d8dd5661f275ed850cda2ffe7de,nenadmarkus_wlrn
193,9a3779b2485ce991ae33ddca012b290d5b0a5cb1,nenadmarkus_wlrn
194,9ab515c876e74dde02d62d0cbe97295681efa675,nenadmarkus_wlrn
195,9b10856b33f0ffa1ffed1a107094debea5c83d4d,nenadmarkus_wlrn
196,9b9aee9a615e9077d2004508bc3a06825cbf326a,nenadmarkus_wlrn
197,9ce17f779f6222124f4f7898bda33d0b65cee3d8,nenadmarkus_wlrn
198,9d066ad47226c9add1d4410868b3aaa03bed2793,nenadmarkus_wlrn
199,9d0e4a743ead96f14dc26865d566d1d8d8728cb0,nenadmarkus_wlrn
200,9df399e54cd4df308f81a3e16ca2c5639ed67145,nenadmarkus_wlrn
201,9f7996850f4f536f52299344e8ea2970d7c83eaa,nenadmarkus_wlrn
202,a0ec8fb5516b9ea4be90e7445afbc6b4672ca6f1,nenadmarkus_wlrn
203,a4dc5fcc87b106ba1d140d4ffb5d941b39967a01,nenadmarkus_wlrn
204,a60db97e8653f9617b92671647c27577d3873b4a,nenadmarkus_wlrn
205,a6355e6d4161af6156c236013740a9b8f8dbfc88,nenadmarkus_wlrn
206,a6d582b4c92763cbf0dacc6c8a218f57bb1581f4,nenadmarkus_wlrn
207,a6d6808e0a704b99afe3299f8f9c664675ff3abc,nenadmarkus_wlrn
208,a6fd689d488b7772e9fadcc41d853e72fdad25a8,nenadmarkus_wlrn
209,a74cf3668c6da4f1b748c5f6739bfe72be228f6a,nenadmarkus_wlrn
210,a7508d4fe545422c52a0e9d0ec661317e99557ef,nenadmarkus_wlrn
211,a7adb3ceefa720a7c100502033381ac0c3f9afaf,nenadmarkus_wlrn
212,a895f43bf4a6f0a8aeb0c9166e5c0664aba515c5,nenadmarkus_wlrn
213,a93eff5239ace974697e5e22b51de710920645a8,nenadmarkus_wlrn
214,a946964628666417449fe443883ee2af55b9ad09,nenadmarkus_wlrn
215,a94e0e5b19a8211e2ef0765b3ed1b2b0e95b7ca8,nenadmarkus_wlrn
216,aab3789fb556930b32ee2861b701686807a5e481,nenadmarkus_wlrn
217,aabb71db5dfd8c2b0496ee620248334e4e0db481,nenadmarkus_wlrn
218,ab4392d4eb87c25c349d2d6ffb514bee2860f8f0,nenadmarkus_wlrn
219,ac2fdd70d0419e41ffecbbea94c8007eb6dc7569,nenadmarkus_wlrn
220,ac3af13ed00928fce467e8d2cd6a9163a8b4f6d5,nenadmarkus_wlrn
221,acb3fb20e59ca1d837ca2c62a2b2ae1a6a51e084,nenadmarkus_wlrn
222,ad015ae805aa1d1d27f5a519ed27ffaf574764a0,nenadmarkus_wlrn
223,ad73782fc246f7a1e6486d1d8e95a84078eb23f8,nenadmarkus_wlrn
224,aea2b34390ebc2bc18486de4e57cea677eb4f092,nenadmarkus_wlrn
225,aecbe9e36d0fdd5b9f58e6edc7adbdf9636a2646,nenadmarkus_wlrn
226,af06f7a3bd68b6814fc5da3788d3f335cc19d837,nenadmarkus_wlrn
227,af2e7ed452cf96817962019054a07d89abf3d890,nenadmarkus_wlrn
228,b100e17999042fca296e4ebc6eb23e9beee7ec7d,nenadmarkus_wlrn
229,b13d29c0a2796470c44ed8564ac629f588c6884f,nenadmarkus_wlrn
230,b186d4229cb4c68139859c8d1f3debeb4c2c1916,nenadmarkus_wlrn
231,b3be321b48dc7f0b15f6e6a892c9a86b015a0e6a,nenadmarkus_wlrn
232,b434215a62a0a40551b4a176bcfd0e4621c5ae5f,nenadmarkus_wlrn
233,b4e2e727199aef6f7d71ae62204f78000e717a42,nenadmarkus_wlrn
234,b51528d13547283f0ab572c81424d8c38643ec2d,nenadmarkus_wlrn
235,b51dac3925ba8bf564dd68e437ef569ca6101a59,nenadmarkus_wlrn
236,b51f627c4ea85c3a873dad9863952485bcf8f8ca,nenadmarkus_wlrn
237,b5b21e393aa2f13029fb62ad53e90b7cacae6575,nenadmarkus_wlrn
238,b6687a9a6f98f6c1f6bab9a0349a9d496164359e,nenadmarkus_wlrn
239,b67f10057878c3d824a4574f35d820802891c6b5,nenadmarkus_wlrn
240,b993b08b2067735cf5bfe55750ba70b5e7ec15b4,nenadmarkus_wlrn
241,bc91d5d91ea30ef3979a94a8b97f362998b8bbca,nenadmarkus_wlrn
242,bcb50b0214ebd894549ec6630d692d035596910e,nenadmarkus_wlrn
243,bf426ae66e6deb8bad48786e50da38c791ee17b3,nenadmarkus_wlrn
244,bf847812a24e402403e609c146bb1cc5d7e551aa,nenadmarkus_wlrn
245,bf94b93ed43cffdc514dc2f6dc41769bce590d49,nenadmarkus_wlrn
246,bfacea2a82f6a48892ef143d84fe582ee8cd3997,nenadmarkus_wlrn
247,c044d05b46aac68890be6e73cea721f6e1b1319f,nenadmarkus_wlrn
248,c05f3be075407636e4c58ff1d7c4d20b33ab54a4,nenadmarkus_wlrn
249,c0a2a3f9c9bd9bbd8b1cb4b0f6889c0e689c79da,nenadmarkus_wlrn
250,c0cb5c49af9596e6ad9841dd8b7ac5f78895a354,nenadmarkus_wlrn
251,c4709aab055429e8b5908150072d211cf1ad2676,nenadmarkus_wlrn
252,c494c6263f49a8b981abb25cfae36dd53af9f019,nenadmarkus_wlrn
253,c587394caaad68547f5c76ebb3d18c8185772659,nenadmarkus_wlrn
254,c5908157d9f2433c0cf4f327639eb80678ed312d,nenadmarkus_wlrn
255,c606e3e6d311453709d5ddcc3009fe185f1db08f,nenadmarkus_wlrn
256,c65d2817f70af68638ca44cc726ec1f523f21f7a,nenadmarkus_wlrn
257,c73d8d870dac3f972166622cd379ac787070937c,nenadmarkus_wlrn
258,c76a2ff400bfa174b923647033162b8724ecc28c,nenadmarkus_wlrn
259,c7809e5e18d5816fdb0051e558cac55847d04021,nenadmarkus_wlrn
260,c82372f2b6b8b8970d69d0445922ae098122d905,nenadmarkus_wlrn
261,c95dc9c22dd8bb31a662f372c1fb9a3048aadd54,nenadmarkus_wlrn
262,c97b243c4926528b3b999bb60e852f7b75ad51e4,nenadmarkus_wlrn
263,c9e62b9aa6ce141ac4993f9988d9c0e753c51e83,nenadmarkus_wlrn
264,ca57e7b68cdfa1174eba2d70338a986dcf9a11f5,nenadmarkus_wlrn
265,cc40b224ddb35a644a7950b3dc9f0be37a6476ae,nenadmarkus_wlrn
266,ccf30c8d26af9a5357115cdec2988268e785eca1,nenadmarkus_wlrn
267,cd374214fd8faaf5f8d899e712cb49c631a3c3fe,nenadmarkus_wlrn
268,cd590921e88eefe91204219c94f4e951667b7d33,nenadmarkus_wlrn
269,cdcf7af3807627987797697e86f833eb39597898,nenadmarkus_wlrn
270,ce38a8edd1e71a97f17ce4b9855a3ab0fff13506,nenadmarkus_wlrn
271,cedf3b1d9b9e852dbfadb52303e5477e8c565f6c,nenadmarkus_wlrn
272,cef1f4c51d4fb892631e43c702e10609aae855a7,nenadmarkus_wlrn
273,d110576199b7cabcdc994c70d0e717ed57b04017,nenadmarkus_wlrn
274,d3633a846b61448a099bf1341cb06276a96c01aa,nenadmarkus_wlrn
275,d3b126b39035264389a5af9881b27cdec01d47f2,nenadmarkus_wlrn
276,d4dde46e622202ca6faef49beaf9ff40b5d5e357,nenadmarkus_wlrn
277,d50f0b5230aaa2704800080293058cfbdedf2d54,nenadmarkus_wlrn
278,d5192383e2e6d461b4c423f7d696c639c6f426d2,nenadmarkus_wlrn
279,d5f8dd0b49ba1a636a4f33ba2863c4e0a20f94f8,nenadmarkus_wlrn
280,d8955f79f086e7178fdadb5ad97cece1baf35354,nenadmarkus_wlrn
281,d9afde06d7e5e9d45edda1df688fe307065ee259,nenadmarkus_wlrn
282,da90e0a29d1d963b715ba3bc7074380f65da89a0,nenadmarkus_wlrn
283,dc6da12488c32712ddcb0c3aa616fe14525654cb,nenadmarkus_wlrn
284,dd567a05e2c12ed58aa965c33ad7d2b1bd88b4c9,nenadmarkus_wlrn
285,df8ecfda9fc81269586e2deaef3cdec95f5bbdda,nenadmarkus_wlrn
286,e118615cf21d8346ced12011a54da600185ec0d2,nenadmarkus_wlrn
287,e11ee2fdb1a43abc69c13ad04b9157e9738d23dc,nenadmarkus_wlrn
288,e1960eb2f7776ae8c9815c757c6a2e9345ff8b06,nenadmarkus_wlrn
289,e1a280d726798bcca29a78ef35145c1fdebc9861,nenadmarkus_wlrn
290,e1b39f7cd4a0037af29f16d729d02df0badefe16,nenadmarkus_wlrn
291,e2647fcc3f0bca535c495a1ef2b77a21bddc0baa,nenadmarkus_wlrn
292,e2a6c35a0f4e39d0c3e14c6a3a9d31aa91e334be,nenadmarkus_wlrn
293,e2ef038c1ab6525f261182f3c278d45626a65d61,nenadmarkus_wlrn
294,e3058065d3beb9bf4b8bd530f0480042d50491d4,nenadmarkus_wlrn
295,e41d76860d7e06ac04fdc87a94045a4d58d592e3,nenadmarkus_wlrn
296,e47364c79fff2d4fec740fc290dafcdd57ff40a7,nenadmarkus_wlrn
297,e48a80ecceab7d7d946b853174c8941d39de44fd,nenadmarkus_wlrn
298,e5361b25df63eb26f7c3aaaa3ed3ea5fbaf215af,nenadmarkus_wlrn
299,e69e61f272546b609c5c4b7b3aab97228ff8a6f4,nenadmarkus_wlrn
300,e850c577ef704605331396d725fc9bc4a7d1942b,nenadmarkus_wlrn
301,e91b1752ee78db0669176ce2fef4ba618de49fca,nenadmarkus_wlrn
302,e92f03be1b29a027e7797aab2342f735cd7e2a3e,nenadmarkus_wlrn
303,eae14f185910c4b50b0521bc7c954d19024c6713,nenadmarkus_wlrn
304,ec34cbbc81ea512d23dc43a6690791f70204bde8,nenadmarkus_wlrn
305,ed01d771a5da2d60d58031e357c7366d45ff0916,nenadmarkus_wlrn
306,ed47211721064a09bd13d67d7014f3645ba6233d,nenadmarkus_wlrn
307,ed51e379749ddc61466138e40abffa728abc6b99,nenadmarkus_wlrn
308,edabf876565a6cafd77ba64c87771b7883a22a17,nenadmarkus_wlrn
309,ee059bd87f909875a8737ee21efd0d0082553c94,nenadmarkus_wlrn
310,f03e4338d8d9124b2e31065929ea21e9e6865df1,nenadmarkus_wlrn
311,f213b192a1a7ed9140e3b2017ced5503ba1d9024,nenadmarkus_wlrn
312,f6fed933f6c3809c379a72e5d1196ab50266c4f3,nenadmarkus_wlrn
313,f72413c6cb7d1c1d85fa2c1114e7761e90c9c08d,nenadmarkus_wlrn
314,f7367f9eec437f938bf1e1b6118d7f5aefffb88f,nenadmarkus_wlrn
315,f77bbba9038f131a4db8c6ba42477549b6acb701,nenadmarkus_wlrn
316,fb99e3096969b5ab1d14671b03329d50137937e8,nenadmarkus_wlrn
317,fbdc13ba894802350e247aa03bf02d0839b32611,nenadmarkus_wlrn
318,fc1012ee82ae99dc7eded031d83fb1f3a32347f2,nenadmarkus_wlrn
319,fc9e04e4470bcdad0c4444fe780341d0ac02407f,nenadmarkus_wlrn
320,fd772e46fed7497f10c98f6b3ebdaaf89c0efb4a,nenadmarkus_wlrn
321,fe274716de3bd642d3d4052dda0ecf454b89b881,nenadmarkus_wlrn
0,003efad4dbb6fdc6576e84204ed80a97410780b1,aidenlab_juicer
1,00bb6c24cffd3c15b217a181a5d229fded94442d,aidenlab_juicer
2,01547e0431a97af3290a3c4bd83508b28751aee1,aidenlab_juicer
3,0217ee98f1698ac8027d11532ab2c295f38c99d4,aidenlab_juicer
4,022a679eac30eef59a1c6fed14e885465814706f,aidenlab_juicer
5,0269bcea610fc8fe5af9e7a43450aacb31d2b577,aidenlab_juicer
6,02ef27cd3479a129dee8c189dc64ef10a6d4c4aa,aidenlab_juicer
7,0417b33fe47fad0517a848a018366a7431fdb148,aidenlab_juicer
8,046ea50016d53ccd13c85c3a031c19d9602d5d31,aidenlab_juicer
9,0474d64352eddc03d7eaed0c7d55bc67d238d234,aidenlab_juicer
10,056f3cfa010d43efbc4515f5a69d7aedaace4fbf,aidenlab_juicer
11,05a0ddfc6c6925a1cbc093fd7bfcb6719e6573a1,aidenlab_juicer
12,05af18fbb11c5a394794942b3cb7e7112744e125,aidenlab_juicer
13,063d046526b60325d94d5c75fffcd48ac6debb66,aidenlab_juicer
14,06475c3ca4e660dfb82b2b57081e974292d84953,aidenlab_juicer
15,06801e3ce90fc9d1cf29b8d1399749e7151253c7,aidenlab_juicer
16,06a814a8517ee155bc88a36a538d659cf5516fd6,aidenlab_juicer
17,07992b14b24a12b29fda3cf7abc6af1465ea5018,aidenlab_juicer
18,07cbe452cad52cf90aaeed910f1896a167efd08f,aidenlab_juicer
19,08ba135b3d874a09693367edd2b3409c28fef513,aidenlab_juicer
20,08efd03243ad97eea98f0c7247a62b6c15d3dbbb,aidenlab_juicer
21,097b6900253817ded4a0a771654582d876e68376,aidenlab_juicer
22,099b50a480923b18d3f0b71897d35a15980b7deb,aidenlab_juicer
23,09dd315f788d4c480c9ffdbd7316cc397a6c4cef,aidenlab_juicer
24,09f63c4092dbc5c942adf2e0e5b7db6ef36df0c1,aidenlab_juicer
25,0aa336e66962eee0a3321c652b55e567af041bc5,aidenlab_juicer
26,0b4474b372f634ba8de3cf65c0ba716c5177a2c2,aidenlab_juicer
27,0cbc5e4d61e1eb41e827f74202187819cb480563,aidenlab_juicer
28,0d00179d1d70edaeaa298cb8bbe0ab65a8eb3f5c,aidenlab_juicer
29,0df7ef86680cd746c9e86a1f6a25db475c8bf020,aidenlab_juicer
30,0e698963ab5c212518389444dc7b1f296258c3c0,aidenlab_juicer
31,0ecc10e1119d0ee1b00b432d5aacc75cc6bbc914,aidenlab_juicer
32,0f7a1097e68a745f942e2c4e0c55b77f9e99c4bc,aidenlab_juicer
33,0ff45931fe6351f589ee4e6f74fbfd1a1f4b532d,aidenlab_juicer
34,1075ea97d54b89642d59cc2dc9947093b0daf3ed,aidenlab_juicer
35,11f4fccd3fe96cce3a73494398c303d1d7f3b2b3,aidenlab_juicer
36,121fce351672ed2fe0e3b13c4357cae227e527e3,aidenlab_juicer
37,1229e3b03e53960a8f6e4c66ed06978de8bd80b1,aidenlab_juicer
38,124cbd562bfc4691f76a28e8718993ca860fa794,aidenlab_juicer
39,128effde376ef7b7f03cd2b168dabe69ab3c9027,aidenlab_juicer
40,12979fb05e016854e153507420ee8b4fb850c2ea,aidenlab_juicer
41,14201d48435dc5e263ec856c63a4846e2c7f7528,aidenlab_juicer
42,1593fbe578ad4c0e80fb0ad32caa093756ba8655,aidenlab_juicer
43,15ee75be10aebec6a08fed2b33bd36fceef1e6ab,aidenlab_juicer
44,1646cb4974a57df7c12a9f62bd72d3ac8f9686b1,aidenlab_juicer
45,16a06ed85bc3dad6055a87a8d5ad4317cccba4b8,aidenlab_juicer
46,171fe80098eecc2d1c9a9ab7bc059ed01f913127,aidenlab_juicer
47,176b2a53121683848d2e104e33bb7eca8d82c2f3,aidenlab_juicer
48,177eb610397e4207fc56db1df169b2d08d06d43a,aidenlab_juicer
49,17957c54042e04f3e3b6603c7efeef42a8716ecf,aidenlab_juicer
50,192ee7a70d921b0cd138f6eddd38fbd04e6e3a38,aidenlab_juicer
51,198a93b9741b2c78cf731ab1fe8fcaec93a02da0,aidenlab_juicer
52,19edb3185acab27aa1ffd6fd808517a6c9e0fcb5,aidenlab_juicer
53,1a9502363d56bcd8fa05596b358f7e1cfa878788,aidenlab_juicer
54,1aefcb9373471563d781aff9304bbde947a6c679,aidenlab_juicer
55,1c414ddebc827849f9c09fe2d2a2ea7c9a8c78df,aidenlab_juicer
56,1ca4f39de654fc88b0eb19fcc0f0d4f4edc6c1a0,aidenlab_juicer
57,1cc6c95a248030e936ffa2d1699458b6693a506b,aidenlab_juicer
58,1d278d804f212a0325e7a293441e738f241f6e81,aidenlab_juicer
59,1d27db8d0148ed7115016571120263d88a5cfdda,aidenlab_juicer
60,1da25fb7430d3c32e0ed91185f42932b041d2922,aidenlab_juicer
61,1da6d552ff20c111a67f7b75cc3f15c711d3a4e6,aidenlab_juicer
62,1ef023d11cfda07228edf0288435e3b7015225f1,aidenlab_juicer
63,1f625ecce0a23a781439df0cbf7cd7a311cad2b5,aidenlab_juicer
64,1fe336823a3cc1187b471202eece99a2aa4b385b,aidenlab_juicer
65,2011babc98d2bf9ac0f36f18a3e42ada51c3e672,aidenlab_juicer
66,204feb3ae72e6204c24382310829a6e695735f24,aidenlab_juicer
67,2084434aff7d5deda6b9f5592e98f26ac2418c08,aidenlab_juicer
68,217a5e5fd56ebe5826022f6bfbe8b95607193e45,aidenlab_juicer
69,226ac58611eea7efd1747a6618e89da697125709,aidenlab_juicer
70,22b47a862ab35bdf96e0d1b997dbe23c0baefa47,aidenlab_juicer
71,22c5badcbd7936d9968146ab130905949c81389c,aidenlab_juicer
72,22f8d8d31466dd8f8422ea8ce70fa1c1a3b80538,aidenlab_juicer
73,23f80dd063e2e8405d67b68091d19ec570b34215,aidenlab_juicer
74,246a585888c7a5489c4b25dc6d9adf19751af186,aidenlab_juicer
75,24a0c38ad8c605e6d4dcfb129737b5e024680694,aidenlab_juicer
76,25826325df547e47768205d2658a4366b5ce57ae,aidenlab_juicer
77,26f20f38c17ed0573acd712645d744a02c68d2f1,aidenlab_juicer
78,27584e27d3cb90ebdafc1bd1ebd03135219d2002,aidenlab_juicer
79,27d004c20a7ac79cbcea3c10a90b440d3c619df1,aidenlab_juicer
80,2817f1a60dadf8a3df2c0ec15af30408560fc7aa,aidenlab_juicer
81,284cb3321ad4bb8d9ded5d9dbe6fde539620d837,aidenlab_juicer
82,285c2dbd44ffcbe4e040caafd8a70c3de55d9aee,aidenlab_juicer
83,28b72803485483180fafb47fddbfaaf3d01211e7,aidenlab_juicer
84,290e443dd06f737109e5d93b4f4ae3cadd94ddef,aidenlab_juicer
85,2992f9d78e72e43eadd28ed4f6507d5b27fa885d,aidenlab_juicer
86,2afef51e156303c2c20363e93ffa9c7e01a617a6,aidenlab_juicer
87,2b40c7e14d881784295c350fc1cf40316183c290,aidenlab_juicer
88,2b8a2a335a336ddc1f3ffb9a2c97912b8772cd77,aidenlab_juicer
89,2b9a63f603ab1ba56abf6beb28ef3634b53e39d7,aidenlab_juicer
90,2bb305061e3601d8a7b05d9250deb0d11cfeb0b6,aidenlab_juicer
91,2bb48d6437cf4d57719c018a45db1b83000de35b,aidenlab_juicer
92,2c3f91c76665956c4c983826df1a1c1a376651c0,aidenlab_juicer
93,2d4355038d2af1dc9ae98456a6c32521ea6b8dcb,aidenlab_juicer
94,2d7faa089ad431831d7c3f95c3d61ed90304fbc5,aidenlab_juicer
95,2d89085ba50eac4fe7ffabeb69cbe8b0f2394e3b,aidenlab_juicer
96,2dd9eee921846074841bdc437d50f4640758179f,aidenlab_juicer
97,2e07e55b94891b74742596c5a0182cab8defcbb6,aidenlab_juicer
98,2e3e773fdea90af127f73251b8295851f5f0e69c,aidenlab_juicer
99,2ea1ae1f95f9c1faec1d317c588452d46c8b8581,aidenlab_juicer
100,2fd1bd76c7c326725c83188fd0ca49b9c3eb34b3,aidenlab_juicer
101,2fd378f3a1ac40e7cd9b36b5c2c50d3281a4a47a,aidenlab_juicer
102,2fff94b9b4e2b961d856c17a01e6751f3e042926,aidenlab_juicer
103,3041438b6c75464ad78150c72ab636a6ac4fd0ac,aidenlab_juicer
104,30a3901dad1c8a33e96ee0ef7d19f14982ff4365,aidenlab_juicer
105,32336457ef91c3f4b08d7ba1c429d1589c892ce4,aidenlab_juicer
106,32d7ffd8d9c2ca40ca560e9c65404898b4c99e8a,aidenlab_juicer
107,32f56437ba91f3975ad956475f53193994f7a8fb,aidenlab_juicer
108,33334e6e8f184859203b1029015ff028c6753dad,aidenlab_juicer
109,339420a3d953f1194a37c4bfbe71e68146d0a021,aidenlab_juicer
110,33a98e38697a346a5399a387a7ccd4b3cbb3bdd0,aidenlab_juicer
111,34c01c46b2089daba6edc52af4f331f3046095fa,aidenlab_juicer
112,34c3817a8a2e64eb115a8acf85f4ee3607cafad9,aidenlab_juicer
113,34ea05ebc08dfc49a85090bbd8cd362016270851,aidenlab_juicer
114,3526cb645e21384a24d1056e16194d892af2d865,aidenlab_juicer
115,365a28f8605fcba247887586e1550b4e8bbc5990,aidenlab_juicer
116,37895954b90d242b2ae2e220b5c745ff0a88fe3f,aidenlab_juicer
117,3826f2457c402b43ce1337f6a525f4f74997114e,aidenlab_juicer
118,38330c693f84c83dba5658d4c786bc21b77a0868,aidenlab_juicer
119,384da11fa5e53944941dcc4b2b329ff04a894f24,aidenlab_juicer
120,38b5ac5c57aec272d3322114bddb66b2cd7846e3,aidenlab_juicer
121,38c2ab4cd91eccf4f7019a6cfbfc65afbab262e0,aidenlab_juicer
122,39ceb9f026135dae6ee661893f1de18ff85cd48f,aidenlab_juicer
123,3adfd82314d802f462b08a134bc6166852e44ffe,aidenlab_juicer
124,3bc6889c9c78a328db37d5758c260a871a66bc90,aidenlab_juicer
125,3c62cd63fde268f46b63fd2d92bfd99390f8590d,aidenlab_juicer
126,3c6609e141f408edd81fa1db509e762b8bec4103,aidenlab_juicer
127,3cbd828fff8d2ae9ac675d517fa8139038167123,aidenlab_juicer
128,3ccb474241b80cb17d6a07835af248de5d27ea91,aidenlab_juicer
129,3e2ab762294f2633ecea5c6a4c90168090bdbecf,aidenlab_juicer
130,3eb7ecb17eaf032cbeba869577ce6d5feb19116d,aidenlab_juicer
131,3fb9f25f09a948dcffc314ed32175684d644628f,aidenlab_juicer
132,3fd0e512a9f9aa3dd51d7f229281f1682e172868,aidenlab_juicer
133,4012a92127506d7cd22ccccb9de5933773ad49f8,aidenlab_juicer
134,4015b190ca6832118cf8ac2a9478d5735e53512c,aidenlab_juicer
135,4096a0a7603b66bd4d6918f1d2f3b9f7130ab066,aidenlab_juicer
136,41b01f5dc008fab15d4b841e30c704e9b1efa3fc,aidenlab_juicer
137,428b55e6b64ef72c03517ff2e994fddfa96d23f2,aidenlab_juicer
138,429389f0e507d6c7e44a0238d49d7abe8ae8f319,aidenlab_juicer
139,429d6a03aeaeca3d7c0a8f16f0ac762ebe0db30a,aidenlab_juicer
140,42e23cb3de16e345af653d0ee6e187f7c60cabdc,aidenlab_juicer
141,436833c362759c41b160cc3636f2a5dc4196d5c2,aidenlab_juicer
142,43af67578ab8b03a18f654f95b015eb25a168a5b,aidenlab_juicer
143,43cc35ff546d33839b89ca3949c2e1f848077eb1,aidenlab_juicer
144,44752230566dffae0aabddb35116f5d9b72aface,aidenlab_juicer
145,44db5df1eab4f2a6bf9fbd446ee0f10175edf3ae,aidenlab_juicer
146,44f5dd5cf6f89528a30095c56f5410244ab934e6,aidenlab_juicer
147,47b06061d6075c018a6e7affb64890dc0daa0337,aidenlab_juicer
148,4851e365ace19f4911d72cac25ca12c550fd6b95,aidenlab_juicer
149,48d26a0ef0412abcc1b233c37825db13eedb0600,aidenlab_juicer
150,48df892e18892f4ac954a11904543cedebe9f856,aidenlab_juicer
151,497f26be7d3896590a27cbde0493d6092107b6a7,aidenlab_juicer
152,49c52db01137c7f7538a997c9dfb1a1113c1c00c,aidenlab_juicer
153,4ac211d488d13a1e2918e770d7a5b97b40c12ac3,aidenlab_juicer
154,4ad52f40d0ec95e943c92e4f8e9502605b9bc8bf,aidenlab_juicer
155,4b6707bad85c533c8a6d3e7e78c0bdb0398ff560,aidenlab_juicer
156,4d816a6959d34d95d81bb6901f487276dcde6b16,aidenlab_juicer
157,4de24aa7d1ce63007f350dd92c03249376203e79,aidenlab_juicer
158,4e58e70f022edb81456fe2478fb4eb6bb71cd711,aidenlab_juicer
159,4f6480accb06584bcb75049e49f61678ee6cbdbc,aidenlab_juicer
160,4ff5fc44e4ba3f73841e3129fa5c55652df14965,aidenlab_juicer
161,503d03234479af57efc17b64ed9bafd9f7fa9a81,aidenlab_juicer
162,5056fca3f669e61be20e90b64c3a09444f1c0fe7,aidenlab_juicer
163,508ff6cc02c0aa069ba681c6555b2a9b28639b4b,aidenlab_juicer
164,50d557f1d4725a475071fce5975839602bd311e5,aidenlab_juicer
165,50e7591c3c6b0830b4630c3d930ec4a5cf98a677,aidenlab_juicer
166,50ef1cec99b5b6ff1f4e4ca738c1cb5921e986f9,aidenlab_juicer
167,514a9baf2b576de3ecfd021b97f4f759a6c38131,aidenlab_juicer
168,518c0a1fb1e34a8a088c442a2ac834a9071d7487,aidenlab_juicer
169,52847a6abd28bc72f63a7799dd1811eb380d36a8,aidenlab_juicer
170,52a9c8d43fca44e070b890fbc427f7eab6dfae09,aidenlab_juicer
171,530746f50e6f005a9b1538972c65cf7c88416ce4,aidenlab_juicer
172,535a4a25a0b9c97c713606cbfa9f242976e0e0fd,aidenlab_juicer
173,53ac596537a7b9bbc1642d5c70a4de6fda684f82,aidenlab_juicer
174,53cfd427fc5ae4a43b80198c3e555a76df65b52c,aidenlab_juicer
175,53f5ee07810f4e12775b8c06560efa02adc27906,aidenlab_juicer
176,53fe7de26133f872372fd29190312ea534dfc9c9,aidenlab_juicer
177,541a62a7b17375719e8430f5cdad5055af1c538b,aidenlab_juicer
178,5459318e6ec230238d8d1a3b93eae2f1911b3c32,aidenlab_juicer
179,555e3abe312bfcad662bbf1bfa33516b9cf758c1,aidenlab_juicer
180,56a1db6181d86983c650d0a6958b0ed7a99410f7,aidenlab_juicer
181,57900218e5017fd580294a15f703a2133a3a78e5,aidenlab_juicer
182,585735c01c9d49e4f52adac5295c6a1cb6c897da,aidenlab_juicer
183,590d7d0e0de4aa22745003dae03f9422de7e71ac,aidenlab_juicer
184,59a5344fe8579ff988798e09cfed3c484befb9a0,aidenlab_juicer
185,59b3a2169f32bb531830f7b08ac0e98c17d0f7a8,aidenlab_juicer
186,59c5cf7c2cc1cc0320d4db494d29b9a12d726f77,aidenlab_juicer
187,59f69c2b27f8302b3659f81b187fd02888ec628b,aidenlab_juicer
188,59f95a4c7791a2d56153a5017713ce35e8c93e86,aidenlab_juicer
189,5a09059ef543970fa95e50951b7b61827170c7eb,aidenlab_juicer
190,5a471a43f895b6221f670db9befd7acd5d59c03d,aidenlab_juicer
191,5aa2363ca4952f3f36b3a4b3be7cf9ff8851bcd8,aidenlab_juicer
192,5b5bd5ef7ffbfbbf76e0d61c4f956e05c2fb7209,aidenlab_juicer
193,5c58558856a4e544a098ea6b75d4c6fb9801c534,aidenlab_juicer
194,5cd17d6f73164c6b798d417cd9effee9e4f44d89,aidenlab_juicer
195,5cdb1e213eddc6099f9576556a1289fca149abcd,aidenlab_juicer
196,5d2b4a14342737f8586f868e76a8dfd062fd385b,aidenlab_juicer
197,5d9f2df48b921f8e26de29de31de10f8fbe93254,aidenlab_juicer
198,5dd887ab2ab85d3d63277c753fd0a796c089023b,aidenlab_juicer
199,5e57f89d7ff8e5c21f1ff04c70bb3f4e03db9d12,aidenlab_juicer
200,5e8228686094df0138c2481e4691a811827c8797,aidenlab_juicer
201,5eff80a594e5d9092f2f8a69543e65119cc1f03f,aidenlab_juicer
202,5fca1828eeabe04e202cf182decc4a29ed280f1d,aidenlab_juicer
203,605341bdb10249ff7a8fd178e66b8eb3cb219403,aidenlab_juicer
204,60b3689dd7e61871a35c996b654028653aa3e34f,aidenlab_juicer
205,61076c114c26482dafcaa8e084c394177937fe6b,aidenlab_juicer
206,628d9711f5c35f17c30c655d01cf9f6a9cc5ab0d,aidenlab_juicer
207,6372275bd12a19859795e7760fd05688005a7fe5,aidenlab_juicer
208,63c4ae512579884eb8e7577ff005a8bbb218acba,aidenlab_juicer
209,6403a279000fb7dec23bcc7e15904b3cba61b66c,aidenlab_juicer
210,644937913b965b56afb414d838660606445084a0,aidenlab_juicer
211,644ba1a54140e523c9aab2a4949c392cb34221fa,aidenlab_juicer
212,652760d631dd5dcda912c90ad172d8c2c06fdf3d,aidenlab_juicer
213,6541ab49133e398ae6f78541b9ac3ddf3af8462a,aidenlab_juicer
214,6552e8c4fce976127e0d983c173566e6d689cdd8,aidenlab_juicer
215,65537d79eb31283b3cbf6024b868f702bd91ac3c,aidenlab_juicer
216,65e0990d4fff8b9f294dbb34442f0d913cb6f214,aidenlab_juicer
217,6612a4e25dedb852ffeb4d2a3d63fa7b831d801c,aidenlab_juicer
218,662ea00b8c4564477852f51a010e3498fc853eb2,aidenlab_juicer
219,6633ab84fc7dce3d68a44a31b2aab50f86eb8018,aidenlab_juicer
220,66e9807c614fc611af451bf111cd8b9383db9660,aidenlab_juicer
221,66f511f6c797acb665fc4ef03d9676749a63c127,aidenlab_juicer
222,675f153f2f4f588f4b0d1c64163ba9c5c724dd86,aidenlab_juicer
223,67f335256fde9474df3b881a1e8af87df6365f6f,aidenlab_juicer
224,688fc4f367bd355a9885ba77f8c43f29496d0483,aidenlab_juicer
225,6999168bb90cc264bdf8606577a478cdda894b4d,aidenlab_juicer
226,6ae9c1cd5899042b39001882b28172cd194aaf1d,aidenlab_juicer
227,6b6a07486393ac2f76056450b981dc97c8473e51,aidenlab_juicer
228,6bbcdd268b74d27a94864505e70b9f1f1356c107,aidenlab_juicer
229,6be7c0f8961cbfaa05106bb67690c35fb77a318b,aidenlab_juicer
230,6ca588e6824e63efb5de0aa4c0e450d64f27938c,aidenlab_juicer
231,6cb20e2945448dac9b450522fd72a46f3a6fc711,aidenlab_juicer
232,6d0a8eca8d7ea319ef869df54adca26868f2aae1,aidenlab_juicer
233,6d76736d9a72e923a2ebc22b18961e230b24266f,aidenlab_juicer
234,6deb1ee3ce61ca396c1a43d03ac7cb18a0c1c42e,aidenlab_juicer
235,6e3e1fbd7c06e74da4e13caf699a8022a707a58d,aidenlab_juicer
236,6e5307914a7385a33d5c3076780ee837045ed636,aidenlab_juicer
237,6ec734a083b48913714394dd6963c6956f3d625f,aidenlab_juicer
238,6f4f2c1a4630635d84698942b36bd6cbcd67a63a,aidenlab_juicer
239,6f58965e12fc89388590a53f38836a249f688fc7,aidenlab_juicer
240,6f58ca0d610062b058cc772e17bd007735406352,aidenlab_juicer
241,6fef0909bcfcdb2ded80ec3a4d21df8fad08a94f,aidenlab_juicer
242,70388c1cef178ec01d7ce72c9c5c8b44a6d27ac9,aidenlab_juicer
243,706abfa906fee6838d03faf3099363b5ee5d2912,aidenlab_juicer
244,7095d6fa9121a4c69ac682eb3edac98b1f66ba59,aidenlab_juicer
245,70e7cfb743293fdb7cd83e4e9316d054f6eb6056,aidenlab_juicer
246,7122b9cde728054b173370cb55bcf1eb4a46a6e3,aidenlab_juicer
247,71234b0f95869d7fad4f81cb521ba83787d7f48b,aidenlab_juicer
248,72de0431ab596bff7bd08dd5dcade451028c8a5e,aidenlab_juicer
249,7403a9f17c019cdfd3c9b1d9d44eb1664b72823c,aidenlab_juicer
250,74047425c37bc7e31c2d501f66690e6ca41582d7,aidenlab_juicer
251,74570dfd529765002d716b5d897b33624d463fc0,aidenlab_juicer
252,74a70ed85eeaf8ab473ee10607607e45307be541,aidenlab_juicer
253,74ae9e04d19c4c3fb38c22c52f968102c0583d37,aidenlab_juicer
254,753ff5b299080029eef4d3a5916667ddd23600da,aidenlab_juicer
255,7601ce5497baf153daceb1240f422f1d84318ca1,aidenlab_juicer
256,7656d112718818aff289627ec520258eece9b601,aidenlab_juicer
257,767defcd7600e71741081f1aae73b5d1214e7dfa,aidenlab_juicer
258,76c63a1905a8b8dd63b5fdc8360eb7665b51ddde,aidenlab_juicer
259,77e3baf7faf95381fe2cb9789232df7d1cdd8613,aidenlab_juicer
260,77f9d854db5218a3200e9ffbc2dd3ae2e7a4ea18,aidenlab_juicer
261,792c3c97509442840349a83cea901d97602acd89,aidenlab_juicer
262,797149a206abe379cf4628474d16b090f12482eb,aidenlab_juicer
263,79e2c8e75082ddfa29993e495ec4f802eb624a4d,aidenlab_juicer
264,7b21fd620ee1f07266206caa2a7992d08d51ba8e,aidenlab_juicer
265,7b8a26b19322283c0dc48e6716264a3409231754,aidenlab_juicer
266,7bba4c5ae6d72eb232d0ee82fcd2594ad3a3fafe,aidenlab_juicer
267,7bfdb99a194e01dfbe0e736ffdf7765026fb14cd,aidenlab_juicer
268,7d21d13640c1874c48540aa33d560dc464303a6a,aidenlab_juicer
269,7d482a7dfb261ac6193e653144725958d483ec40,aidenlab_juicer
270,7e2f2b681d921f90721b8b85704d80982f807885,aidenlab_juicer
271,7f41b80acce25a437b7bef7dec2f009c764b5fad,aidenlab_juicer
272,7ff22d99fb038b4f916ee11e050b1865d45c4021,aidenlab_juicer
273,7ff940ce3bbf0aad2b6855da23771d6c37bd56bd,aidenlab_juicer
274,809943d37e343aa273e76700c3a979b912b079f9,aidenlab_juicer
275,80eca072d5211203cfac95fe8589b00f8f09fad8,aidenlab_juicer
276,81226095a2e4c7b4de7b51fbc0702abb9517f848,aidenlab_juicer
277,8134bcec4d49b8701a39b4466f2b79c880409f98,aidenlab_juicer
278,81e60bde1b98515f4bc4e1d4fe5844671a3a0478,aidenlab_juicer
279,82515536b7f7aeee37cd915744adaa475f60dd02,aidenlab_juicer
280,827fe444758e5c6a8010137cfad7ae4ad6d1d760,aidenlab_juicer
281,8283baba475eda14297443e656ee53e48f7cebd7,aidenlab_juicer
282,84805c70ce52f36ab21b70b331648e312120003a,aidenlab_juicer
283,84d3c401c0ca414b1a01b5ce25a9188ac1d0389c,aidenlab_juicer
284,84f6957ae2a88fdee5a3fed51de9d52d37bc405a,aidenlab_juicer
285,8516edef5f6bf5f7b3c0ef6ca7c81d40c62eccf9,aidenlab_juicer
286,8536fa8fb1a6a03a8ad4a3de87b054fa286acefd,aidenlab_juicer
287,855e6291c6926371aeeab3d5f96b3895c0cdb171,aidenlab_juicer
288,85665e8cf993f89b6c1e641244ca55440c1c5d2d,aidenlab_juicer
289,856b11635f0c6d03359246765935d2ba170cd0db,aidenlab_juicer
290,87848f1a1a013d80b1249ead3e13c0a58ae3e3f6,aidenlab_juicer
291,88796360737ef6ed965e3a0e75fbacb824ac96bc,aidenlab_juicer
292,8891985c6b1717e0b5ed921a986177e3613bca56,aidenlab_juicer
293,89aaf8b1e90e781b38917c73f1c55f1927646642,aidenlab_juicer
294,89fbc4e659f3496069aa9d9f297145583215714d,aidenlab_juicer
295,8a0384e9a584fc1abaf915914bd10b8f2e2c9d91,aidenlab_juicer
296,8a0ae3b10c54b01b8582db8ac044303260e2a3e4,aidenlab_juicer
297,8a8ed5f127b4c892bece758bdc26b7622ae17b22,aidenlab_juicer
298,8be1a47d790b3f7d95fc88d2ec3f6e09802ded39,aidenlab_juicer
299,8c41cdc035997684728e5851bb652220fdf41ab3,aidenlab_juicer
300,8c9dd96ecfb926995ebc3762933e7bb2f80bc978,aidenlab_juicer
301,8cce08ff52a112c50457542a6b7b714e87ce5bfa,aidenlab_juicer
302,8df154d6c1c752040c519c9dc44f5ae36f41fa3c,aidenlab_juicer
303,8e48f978d9c20b4e1d1f1f535dcc894a8fc44d2c,aidenlab_juicer
304,8f56d3197c9770226e681936aafc9c4cacbc8322,aidenlab_juicer
305,8f7177a6e1d2edb4a4a94c26678c7a763cbc5726,aidenlab_juicer
306,90823b646b8e94cf6ac6a401a8a62ea3aa79330c,aidenlab_juicer
307,90e05b2729052796471ae0dfa96d0674bee2641f,aidenlab_juicer
308,91dbb878261291c7190d254ccda5b978a493be74,aidenlab_juicer
309,92de655df6ee38d50cfda69ef4291ea03a9f0ec3,aidenlab_juicer
310,93a262fce031b1d767d91c916727256c596b0337,aidenlab_juicer
311,93cf42e88ee7e848e6beb184a51b328fb9c9c632,aidenlab_juicer
312,94381132b0bb86653af7009d9598f1cfc0f58eca,aidenlab_juicer
313,94e871e81715ec1601a0e5c1a8ae306f91682359,aidenlab_juicer
314,94ec691968dd8e82d5054dfea25ca9483f9d8dfc,aidenlab_juicer
315,955f9f98f430cc568dcdea51eb71eab05973b481,aidenlab_juicer
316,957de09063c046376dafa2fdc306bbaf7471c138,aidenlab_juicer
317,95c361de01817cdaa96f93623a2f867f57aaf578,aidenlab_juicer
318,968032d4fd7435ed973c54eb0e4b4850e4d0dbc5,aidenlab_juicer
319,96a5354b996cb379cacfcec2530bcaa7a75e5753,aidenlab_juicer
320,97b3ce0d5ceb465b18e777621016975c695048c6,aidenlab_juicer
321,9af85225f5e6505b26e13282add06673c7940b06,aidenlab_juicer
322,9b10bc6c08b26c889300056ccb669c4a8b187c6d,aidenlab_juicer
323,9be90152305d695bd280efdf591156b0562491e6,aidenlab_juicer
324,9c55ecb15ddae6042f80e550b513c05bfd0de9f8,aidenlab_juicer
325,9cc44e1e771ce0fcb5e58ca0d0ddc25c1b491d48,aidenlab_juicer
326,9e2b476cce8435aab94d4276619072fb2b0b2f77,aidenlab_juicer
327,9e67e2acbe9ec6037f1250f2375271931edda607,aidenlab_juicer
328,9e6f941d3cf20c8d6e7e45e3881291c48d88d69c,aidenlab_juicer
329,9f41189f32084a2dca1329c079c5c969375ec6d3,aidenlab_juicer
330,9f609f050af6dfd84a072b5b0ce9b92c20665aca,aidenlab_juicer
331,9f79309179a2cb89cf1f1b020ac93dcff396e8aa,aidenlab_juicer
332,a09319021f734f396140a731565a89f5e154835c,aidenlab_juicer
333,a12df405a0e16eaee432f3f2980bcecab91a0240,aidenlab_juicer
334,a15e9e96be7d3e20cedcaf6348f83304a8be967d,aidenlab_juicer
335,a1d52a102258435a4cfee120a69f456ed8136c73,aidenlab_juicer
336,a1eba9246bf8b50c7f2131f8e1a4ca6e88ff8d6d,aidenlab_juicer
337,a20c28a9ea87d1f9cfc9e10b02ca93b56bdd860e,aidenlab_juicer
338,a219594d8b0b7135f96b83cc54f04d6d92397802,aidenlab_juicer
339,a21d3b37d24428c09ffee572319a6b2666742ec3,aidenlab_juicer
340,a26d7909e55f35542fa442a7cbfefaadc0b4ad2d,aidenlab_juicer
341,a3448a1f1ef3b6ae4faaf4522597325d7f36ffb0,aidenlab_juicer
342,a3a239a7197845ed6595ac5922a82ed88feedfbb,aidenlab_juicer
343,a50c79f132b5a2fc003b6407f9b2b4358cca77ae,aidenlab_juicer
344,a51a5498b0e10fc3357cfbaa9efd1af5ba09bf10,aidenlab_juicer
345,a52e1760e3634e818e92ea027910bbbca59e1c7b,aidenlab_juicer
346,a5443c94e9f2b486d9c022f3b6f742fc14cf5140,aidenlab_juicer
347,a55bfe32856449745163f8ce9e06be8b97e67897,aidenlab_juicer
348,a60561d32173961644c553af26042aee7b8ef281,aidenlab_juicer
349,a65e898007a14e3c6dcd06826badeee5a67c6425,aidenlab_juicer
350,a79d849e5c94a57bcfae589391defb543afca005,aidenlab_juicer
351,a7a01b78445e0b160a529a0446c600134bca84f2,aidenlab_juicer
352,a7f78d5c6109703e7c31908596a8f9ea2bf84f43,aidenlab_juicer
353,a89938e53227af1e27743d76db18d116d90fc218,aidenlab_juicer
354,a8fb7304fa1f2c4acc9428e33f1e65f90e5b2955,aidenlab_juicer
355,a91d70d3828e3885c868757dab2de7d823b20ce1,aidenlab_juicer
356,a963d4ac665bb43b5af5d52671fd354db709d04c,aidenlab_juicer
357,a9e29a2de326ab7e6ee7d9452880500318d353b3,aidenlab_juicer
358,aac4ecc9e7ae94f3af11603a466b2873342105a5,aidenlab_juicer
359,ab808a5af0afe459696efe47352f674d19b22e0b,aidenlab_juicer
360,abc4efb5ac0bda3e06dd275a2334754763c59d5b,aidenlab_juicer
361,abcd97abe822427462c9fdd58376e9460a2351af,aidenlab_juicer
362,acaa39e1f1c12315009e53c24dabf5babe1919e7,aidenlab_juicer
363,ada6bde891e0d7b651738ec5010759841e31bd5f,aidenlab_juicer
364,adac7b18923f94f4aaea6f52167f67ad309dd6f1,aidenlab_juicer
365,ae8abe05b2658bf11db9ac2fc3d9aefb4435174c,aidenlab_juicer
366,aea6bfaaa0f88aa3ca7ee8fada9e207dafe40cdb,aidenlab_juicer
367,aedc5807d4d41948f7f4d68c94412851a479b339,aidenlab_juicer
368,af9067cfdf90f1c3c7bacff5574c495c0a3ba09f,aidenlab_juicer
369,afbc348d0a2cb5627dd4c3b995b994dd09119894,aidenlab_juicer
370,b069976e570f4dec1d65e1900d6fa71ac76c4ee8,aidenlab_juicer
371,b0d1bb78286f82c5dbf9d2460e3c1d46ca88a37a,aidenlab_juicer
372,b18e0fb7b2ae74efd9fc4c68c778717bafe45c20,aidenlab_juicer
373,b19b7a7744ab63591c7578057e2e83094b4a9c19,aidenlab_juicer
374,b1db6a0bd198326e7dab683c744f60976107bc64,aidenlab_juicer
375,b3aaa0584e249c2f758db913318f58d12ed80d3d,aidenlab_juicer
376,b4c36542d4bd15ad1ef6718e6318ea1be2473449,aidenlab_juicer
377,b5382217ccd0b5709089cb7642e2d531085dbac3,aidenlab_juicer
378,b543bb7ab9818c01ac6eeaf2d842b7f04c6a412c,aidenlab_juicer
379,b584d8e7cddaae4e73b41ccda1a9fa45de4dcbb6,aidenlab_juicer
380,b5c093904fb49970cf1225aa604a2a176d2adc3b,aidenlab_juicer
381,b5c2023357887a3ed13d3941715b29b9efe0ff2f,aidenlab_juicer
382,b6c891c056b1dfbe8adfff4288d39e6f6e593f88,aidenlab_juicer
383,b6fe1b975386cbb9ecd6886150a144c88c581b59,aidenlab_juicer
384,b706453b433b72c34132d14ba767b59908fa8fa7,aidenlab_juicer
385,b77cef9b7c95c4359b65d882a62e5177969292aa,aidenlab_juicer
386,b78e9e0ea08bd8cd84c7afc6b86bf53ad3b8f929,aidenlab_juicer
387,b84a217b849eded7732f7c16b93850f4d40f7471,aidenlab_juicer
388,b8cecf01adcf504bf24d165461fc4c4540ecb46c,aidenlab_juicer
389,b8d3581fa15b84716e0994592d92f642e2878876,aidenlab_juicer
390,b9f42894b277a289bc8ec80cc305e53019e8d19a,aidenlab_juicer
391,ba6d69d824d60754e76248db4395b7c7068d0f13,aidenlab_juicer
392,ba982c261ac918dfea94dce95ac280dab5aaa2f2,aidenlab_juicer
393,bb2287b0ddcf64de7905adeba54936b004f19f4f,aidenlab_juicer
394,bb8570e2f30200a283e9cdb881e4f5ababe7ac0d,aidenlab_juicer
395,bbfb4e6c797967f85c7b177f5f777ffa5518445b,aidenlab_juicer
396,bc2c9117cb3257e264db48f8712295eb68f5f97c,aidenlab_juicer
397,bc45819b53bfe6db582f921d1efb7e95390b4eb9,aidenlab_juicer
398,bc49848407e7851cf52646d37373d5a0bf493ae5,aidenlab_juicer
399,bc6d001e2f5e41a82c082e328df78f954045596e,aidenlab_juicer
400,bd93d16788df0be589486341d75edddd35a1b3f1,aidenlab_juicer
401,beaa79e11e85ee92d71af684a239fa84b60fe1ee,aidenlab_juicer
402,beb31ff4fabcb8946d91b727f71d7e5ae751baa0,aidenlab_juicer
403,bed8643c0261db0af0f0f923a85cb6f633a159b1,aidenlab_juicer
404,bfaac5184c2b64c3644c5e35bd1019499ca8b66f,aidenlab_juicer
405,bfe7bf895a0a47064e91c2f285a78071afe6182b,aidenlab_juicer
406,c0e9a8d6b8f33a3e316fbcff19e5acb30d943b2f,aidenlab_juicer
407,c192ee2a6e2b4e60d754ba4fbfdcca9deb79eb99,aidenlab_juicer
408,c26366cc797a99a737374d8c22f3add5f640b16e,aidenlab_juicer
409,c350855c1f6604b7fbb2814c39bc9353e7995594,aidenlab_juicer
410,c384f7915dc93d8ed7e5a9e6405c00e9a142dccf,aidenlab_juicer
411,c3ea9159089627aefd046fdf3f5e52f7b60312ec,aidenlab_juicer
412,c4403150732ebab8d639f1ae9251cdf96106b07c,aidenlab_juicer
413,c49fa2a6fa6595b5dbed61297eb2ffa2b5fc18f0,aidenlab_juicer
414,c5617970a436b4020b079d69a13d1a41eb3a1b08,aidenlab_juicer
415,c563d663c436f1870b63901ff505977e9f261ce9,aidenlab_juicer
416,c5cc1fd12c66111230c879a966a5eb1630dd5eff,aidenlab_juicer
417,c689a3994720a862b78d4120b7e011f5ef6152e5,aidenlab_juicer
418,c6d4171b3398c46a688b04c979f41ca6df99b23e,aidenlab_juicer
419,c7bc67073a8ad38ea634f3f96f94f6926d82e7c5,aidenlab_juicer
420,c7e140c0dda578f7c35169585b44b2d0f2fafad7,aidenlab_juicer
421,c868fc2528c3f6b608f8b5f146612a99b2198ced,aidenlab_juicer
422,c88f0893e96e7ed156cebc5e231578054f132c6c,aidenlab_juicer
423,c958ebcda0070dd7e9e7116577ced11f73ac508b,aidenlab_juicer
424,c9de8924b0626e8e311169692342d6860c2c8976,aidenlab_juicer
425,c9ecb97f977ec1114aa1ca4c7fb7035d88c80966,aidenlab_juicer
426,ca2f9ad4d49f54fb614aedea880aa4131de2206c,aidenlab_juicer
427,ca33ac47c085b9ddc83114559932a202535e6a73,aidenlab_juicer
428,ca970f12a0371f8e126ca2814bd26cb771f6a1a4,aidenlab_juicer
429,cab7978b56f994abd35ad688acd544742f159a86,aidenlab_juicer
430,cabe47afe081ee0d1e83b16853f12590aac3ffbe,aidenlab_juicer
431,cae9b79ae1525e4727689491c832ff2fb0d5a410,aidenlab_juicer
432,cbc62bb92d112b62bc38ad111fb0276adfa98dee,aidenlab_juicer
433,cd63bca0b61e6585aae4f32a361fd5e6cda76284,aidenlab_juicer
434,cd73fad4656d9f2ee585b35e598609e88e484b65,aidenlab_juicer
435,ce1d731b230209241617b650b355de469b6dd780,aidenlab_juicer
436,cebaffcd2572b039f2825be04588470f9667bbc1,aidenlab_juicer
437,cf8f91e5402bbfe4a5dece53bc3c0d7cc9d3dc74,aidenlab_juicer
438,d004e710fe0e3a224a96562859bc0b7c4ddacc3d,aidenlab_juicer
439,d1c95febd06dd384106f8da7c3e4e4d7778d3fe9,aidenlab_juicer
440,d1d6da6630c4cebd68f6fc2e578e22a39839a3fc,aidenlab_juicer
441,d29cdebe9930fca0a698092278bd0705d007f718,aidenlab_juicer
442,d2d18d3e97b0d814d5187947010dacd25b181d98,aidenlab_juicer
443,d3039d469524b4e6e2a8480bcdc2364ee2e9111f,aidenlab_juicer
444,d3ee11b5e161036888e955d0fbe096d2b74d3aae,aidenlab_juicer
445,d47e7d4e5e925e6f4e577dbf4a4fb85fde9d7de5,aidenlab_juicer
446,d48dd4b61d61e3c11b8f8039b29d2db70b3b5e9d,aidenlab_juicer
447,d4906482643b347b1147a0d2ec01c7da6335fc0b,aidenlab_juicer
448,d5ab58e84fa3fe7d9255622bcb433a69c2d08a1f,aidenlab_juicer
449,d6550a324f5f1f1eb52df6625c96b6fee08d1c2b,aidenlab_juicer
450,d696dd1277817c0c170759dbffb73c9832815581,aidenlab_juicer
451,d6e92b5b60036628c1afd1db2f74dacdb97a3e3e,aidenlab_juicer
452,d824d725c6cda7698ad64a5ddfa20338cd90e7be,aidenlab_juicer
453,d9116ffc79620ef92bd2c8bbeeb8b1971b944872,aidenlab_juicer
454,d940e9e012a75822ff3f5a9ed7b3ecf08999df01,aidenlab_juicer
455,d95bf1dc1fb829e35628bf3949df029116e89316,aidenlab_juicer
456,d96e8a19c566048f232312874894e872d01e9e25,aidenlab_juicer
457,d9c19d50182f65e9867c575bf80495b2c8ed9fa7,aidenlab_juicer
458,d9c6c9c1d438e659f6c57b3a0a86792f6344515c,aidenlab_juicer
459,d9e6c7bf47403e563e0c3e646ece8ef096d721d4,aidenlab_juicer
460,da4bfd051a6b70d3d7bb270f10bf4b68a9bbad1a,aidenlab_juicer
461,da5002cfdad0837810c0c8303a2d555d0190ef61,aidenlab_juicer
462,da9b33227756f8b00d831fc52f951baa984a68aa,aidenlab_juicer
463,dbd5117972b324b8512ee2b12246e65f3c17d5d5,aidenlab_juicer
464,dcb014d3594065ba393efd923cb1eb5056aa584b,aidenlab_juicer
465,de2f31a65b233bb5b288485d3d18cce13606b6f6,aidenlab_juicer
466,de60111d4a28cb0f789ce6d6b4a51b7188961d32,aidenlab_juicer
467,dee3bf6c007cf115a746aecf73c98386ef3a05e9,aidenlab_juicer
468,df12164b411ff4f14cd154be09e489a9aeb3829f,aidenlab_juicer
469,df1b25f42326a16c57f01db8eed807f63ba10db9,aidenlab_juicer
470,df9c862ed0ba2a6b070db1ad9c489892935f7974,aidenlab_juicer
471,e04776c01f4810f90aca59fe0c915c5de0eab0d3,aidenlab_juicer
472,e0d1bb7439a343ed92a5cdb14800a4bdc9712a1e,aidenlab_juicer
473,e142fbae5a21b152851f65bab11ed051500e3e4b,aidenlab_juicer
474,e2306072521edff9d96b0ba340dcb196d19b0b95,aidenlab_juicer
475,e27517462f65c18de4aa880e4e2ee67ef2d973db,aidenlab_juicer
476,e3a0483b526e8ac970846509ef8079a41df57b4f,aidenlab_juicer
477,e44aeb349cbb7822c41236c91e0dabc6a54bb484,aidenlab_juicer
478,e471e8b16769c050774d9fa47afbd469e269c355,aidenlab_juicer
479,e56289bd05d68ff1a87d1038b087f2a50d95c9f6,aidenlab_juicer
480,e786b038e4485338873616769fcef432a5bdd497,aidenlab_juicer
481,e845be9b282fd8bc896d9825753b0d82500c7cf1,aidenlab_juicer
482,e8b29eb9ddc76cf8638b700d5936911224f6f246,aidenlab_juicer
483,e8b877124bfa8032f0a44ebf14843846802bfc11,aidenlab_juicer
484,ea215f8ee09cfe1a7b75d900edbb582bf2dde9e3,aidenlab_juicer
485,eb6d1f7ce154d0a00e2775a31db399cb8e57e701,aidenlab_juicer
486,ebf453667b26cb804405a0bb3d06f958c838583f,aidenlab_juicer
487,ec0a6fe1703610c7d127cf61638d04fe19533d26,aidenlab_juicer
488,ec4ee61b987ae3b0e59615c6d8e1000ccc7cb304,aidenlab_juicer
489,edbe00daa7f7e10a77677339f9a2431a63a4a627,aidenlab_juicer
490,ee611926768b7cdd61daaf4aee75ef20fb2fda0e,aidenlab_juicer
491,ee86244b1aa2753ae28239d8eb75bb085b5b1bbf,aidenlab_juicer
492,eefe29692719657ac4d65ca9f032019c76ed5f26,aidenlab_juicer
493,f0317a2f3005f57f941ce1c2902fe0238cedea83,aidenlab_juicer
494,f07fb584c0b32dad5fee4d38450351322cbc15db,aidenlab_juicer
495,f1ca8661013d03f83ec78878aa7e2732fc01cfbb,aidenlab_juicer
496,f283405442037032cf774d4b875b64ea1ed310c8,aidenlab_juicer
497,f32c4ab202a67c1bcb5ba452bc14c46418198951,aidenlab_juicer
498,f34dcc4eece4c6d458dbe3a8e4c8cce4846446a0,aidenlab_juicer
499,f41ded0cf498f375c97da3025abd61ad81d30823,aidenlab_juicer
500,f44753e7a70d7fcd7cbfd1ab1dccc1ff94866d10,aidenlab_juicer
501,f45ac0646df3c87eff66c143d71fd0f730f1d397,aidenlab_juicer
502,f4cc8e4684fb55934581b5efe9827dce5e7267ae,aidenlab_juicer
503,f69ad69a5805b42f50925d30ff99b5ee0ff472f9,aidenlab_juicer
504,f866383d66f780d98de2c1267703b4d3473f6250,aidenlab_juicer
505,f881e8d7b84da730c21852521dc38ac1249e8549,aidenlab_juicer
506,f8c584a0e643d59c4bf314f4efcdc4631ca6233c,aidenlab_juicer
507,f9e9bd88da26c283ae9e8274c068ac84480dbaf9,aidenlab_juicer
508,fa7d8a0df3bd15041e08e6fcf4e91610ddf6ea14,aidenlab_juicer
509,fb774abbe6d42bbc9e6ced7e03c32b521498cc54,aidenlab_juicer
510,fbd8c6f08e8ce95774db05daebb5ef507afa6af4,aidenlab_juicer
511,fce5b1f3c1a847f3ff62c2502bd1442cb49375b6,aidenlab_juicer
512,fd760622ca8ca2c827b161708c159d38d1009c09,aidenlab_juicer
513,fe3ccafdfe6b2d6a17037eee0d2e06dc4dc9842c,aidenlab_juicer
514,fe452bdf1dfe5f577d71903e144982582e986ff5,aidenlab_juicer
515,ff481e8c29aba67f69040ff3658199b7d9715096,aidenlab_juicer
0,0050f9952a64239015a0b9f889c8a3ad087e5fe5,qiboteam_qibojit
1,00510cddc671b015c2b9f81877dedb3dc35b15a2,qiboteam_qibojit
2,007c348556069cee20daa01bccefa259c23d265b,qiboteam_qibojit
3,00daf2697d0cfc01039831b2523166efad4cf9b8,qiboteam_qibojit
4,01602b5260a2daabfbcd683589baf06bfd06d032,qiboteam_qibojit
5,01bb1121930466cb16fc76a4f256f6112d0e586b,qiboteam_qibojit
6,0208ee5b68bce2f4e56eb367271fc0af0b0ed636,qiboteam_qibojit
7,021c55d253a32c780dff549b77027c8bfc244866,qiboteam_qibojit
8,02756b139be136d7d3231ba4c26646b8d7b23d57,qiboteam_qibojit
9,027e83a370b9e3d94acbe1b253633d1a1d6b86ab,qiboteam_qibojit
10,02b137bdf50b83717ed039518012a727148ec399,qiboteam_qibojit
11,02c89970604094919b6348d380bfa5d8e87a9fcf,qiboteam_qibojit
12,03013124b7f7b7ace80be0ba0c79160d567a2e56,qiboteam_qibojit
13,030967743bc7dbe40ea498aca75d1fc3a626cf18,qiboteam_qibojit
14,032c4b0f85bb4f21260bbe69196da99698cf9933,qiboteam_qibojit
15,033201e7a1f9ce27556ddd870f8d6ee1a63f99f5,qiboteam_qibojit
16,035c9afb1359646e8f422cbbf4329808b0a7f8e7,qiboteam_qibojit
17,0370ca49a37897073fef07614286cafbe23fc401,qiboteam_qibojit
18,037227d82101dde322b61ae5ec88696b567dac82,qiboteam_qibojit
19,038ca86dbd1a9726442bbd04d4cd69b2cc78c67a,qiboteam_qibojit
20,0413a0722217428a9de45c6d56e0347b6ec669d0,qiboteam_qibojit
21,0421be8e2280c47f0a0a3321a5fcb9dd61d0883c,qiboteam_qibojit
22,043717b60506a2b3d7dc71b2929aadcdf5f2098a,qiboteam_qibojit
23,04eb9422ce24e2794d0572465882e528259ce1f1,qiboteam_qibojit
24,0519c0e2273563d6439583fdca8d3010acb5dd19,qiboteam_qibojit
25,0541148ee8f9b539911245621ab630d2abec575e,qiboteam_qibojit
26,0555d0a8e40c7a6787de537972a65f34f30110f1,qiboteam_qibojit
27,0598e4784acadf1522b3f0af44a889587fff9fa1,qiboteam_qibojit
28,05b07209c62b9ff7ea91eb0555f07a451d057ce9,qiboteam_qibojit
29,05bcf7ef31fd8187888ac1f0b9e5029dbc528444,qiboteam_qibojit
30,063da6e341cc0286a096d6248f24756c8c48d395,qiboteam_qibojit
31,069039f01c1ba2a6c74baaf1e3b5529506eb1e08,qiboteam_qibojit
32,06b2f6a4e23ed5ee2b82bbf1eecad5ca9d3331c6,qiboteam_qibojit
33,06c237d1d4fcc31a25b1c1d71b76b31c0eb16ddc,qiboteam_qibojit
34,06dd01261c9fbaf23bed5ddd4b4f3e10440d9487,qiboteam_qibojit
35,06e12b65682b1a01650976ad22fefbf0535ce4df,qiboteam_qibojit
36,07296caec4fbc51cb9876a1b984bda6236a860da,qiboteam_qibojit
37,073325203624f1fa969c8d09d05c2b91523c7d57,qiboteam_qibojit
38,0736be16a5edf95b8cdabe9f8dd580fc5bcca74f,qiboteam_qibojit
39,0785ff13c2675b70b8c6d0837dc0e966a495d30f,qiboteam_qibojit
40,07cbb007c6f490938ffbecd4092bbbf4eb7c5b0b,qiboteam_qibojit
41,07d0bdd09517b8f0ee4c4bebc75f272ddae7d62d,qiboteam_qibojit
42,07f3895dfbc50e6aeca4cc1d2f93ad648bed6b0d,qiboteam_qibojit
43,085f1470ff09d1752e4492857a2377a4ceaf513b,qiboteam_qibojit
44,088fa645c10240caf5d670e244713bde1b65b50d,qiboteam_qibojit
45,08a4125e0a8666f766ae661b17fef99ceea88faa,qiboteam_qibojit
46,08c65d5ca4c89f19d86be46a9cb7fa23e9a1340f,qiboteam_qibojit
47,090169c853242b6468ceeddf0d87a7b6e78120aa,qiboteam_qibojit
48,09448ce0b00a6d9fab6fe91afb90544f017d0ec3,qiboteam_qibojit
49,09460f4be0e096212c69650c7722f9a6d9248cc1,qiboteam_qibojit
50,096b93bbe7be3acb56ba7b96c95fdb16aa93f18f,qiboteam_qibojit
51,09b377d842fa4d0c60414f3ab079a67cbbcb14a4,qiboteam_qibojit
52,09dba30efab77efdb1e2af113ea2cab6a775cde8,qiboteam_qibojit
53,0a1979b8731c9817e1cf60259f5a100d794951f9,qiboteam_qibojit
54,0a267ed172cf5172f0eeaf5a101bc14c138159b1,qiboteam_qibojit
55,0ab85e762e767c6c42596c1bbab1d942afe98bf0,qiboteam_qibojit
56,0acba32c03e78e1c5492ac70b5a2214e78b7fe6a,qiboteam_qibojit
57,0b441fa7457e46fe74e60471061294cf356839d5,qiboteam_qibojit
58,0b8464822f844488c4ae9bc806b4d6d13b49b49d,qiboteam_qibojit
59,0b8e399b8b277493ad9bfd8dfc9ee0b6c5cc1b64,qiboteam_qibojit
60,0b9d531a87fe76d14ef58d2852ecf6b1b5327c62,qiboteam_qibojit
61,0bb6d731d947fad96fc9d1317225d7490ded3d96,qiboteam_qibojit
62,0bcc49bdcdc8b4a6925910b01179479e1a262d9c,qiboteam_qibojit
63,0bdb6b340f2cd54fb6bbe5b157e097716e6f423d,qiboteam_qibojit
64,0bf4650bc72b3b6a7a25b9195045fd9fe4fc65be,qiboteam_qibojit
65,0c453c8fd8537a09c0b1c1e0c921e8938ef13f97,qiboteam_qibojit
66,0c89c28db14ddc3c2c4917eb5cd45eb4ca968361,qiboteam_qibojit
67,0caae854f09383a84242056d0a19bde6e0519baf,qiboteam_qibojit
68,0cac397880b750477ab00b43cec797f23292141a,qiboteam_qibojit
69,0cb942daf03080510a7f0d79b6f35473fbbd217f,qiboteam_qibojit
70,0d44a799bc862cbfb3e9efbe9c9b211b6a966c1b,qiboteam_qibojit
71,0d666b0ceccc6140eae9c5e3e908ffe5db462a9c,qiboteam_qibojit
72,0d9bbd2f0f3545293cdb2ac039680b8dbceaf55e,qiboteam_qibojit
73,0dd730a7245d05be67895745fc9f26bf5dd165bc,qiboteam_qibojit
74,0dd782101b5ea6ef10227795be1a75e72aeb5ff3,qiboteam_qibojit
75,0de449d304be3de773a268392ed5a839cc348dc7,qiboteam_qibojit
76,0e7744f0bb5b86b889397ef1e9a4691f166b383f,qiboteam_qibojit
77,0e776dd1976aaaaf7228ef317fab9ed69bb387f4,qiboteam_qibojit
78,0eb7f485a774562295b310c73a500a41e617bd9d,qiboteam_qibojit
79,0f05c55d4681b9117eef699e48262ca62c78eb3c,qiboteam_qibojit
80,0f1cb6712e7035b0acea8a5f47b8b10620494fbe,qiboteam_qibojit
81,0f42842b2b416ad5e7d3d7d228acc058747c3adf,qiboteam_qibojit
82,0f7be24f64079e03dd3634506b2f83b364f2b4a2,qiboteam_qibojit
83,0f92865ee884b93b8d0a7e0a56a471d83cce96ba,qiboteam_qibojit
84,0f95cecdb9571f7ede9c02b2415e3a6675690743,qiboteam_qibojit
85,0fab07d7af46a0ff9c196ff2b52e1c7ea53bd991,qiboteam_qibojit
86,0ff0e505e9422217ff2a4d8327d845fa47d18928,qiboteam_qibojit
87,10050f4c98efe9b44bb8a830fb1c1d1a0d65bea7,qiboteam_qibojit
88,1047d13bfb6aebeaa6774bd5f929716830f4c5b3,qiboteam_qibojit
89,10aeb6469d34cb5438f8cc5d3ac076b6c607bd03,qiboteam_qibojit
90,10bf05c696f8292058adb5ff017806779354c739,qiboteam_qibojit
91,10f6d8cf3da9971cddc8f41282c0b6e04c96e6c0,qiboteam_qibojit
92,11079fbdb018f235beeb1f560b21f6d23f19932a,qiboteam_qibojit
93,111c71a9ae27b8429a6f729e67c4251b0b231046,qiboteam_qibojit
94,1141fb7d4a9a567aef0a7afe22453be4a3695771,qiboteam_qibojit
95,11441dd31d686823b9c753ca8886bef03753e5cb,qiboteam_qibojit
96,11df2c8f89eafe1fe673cef81ef5e936cc6f180e,qiboteam_qibojit
97,11f85f34edfdd66e04693c33ae40b4e9fd384dd0,qiboteam_qibojit
98,12382754f0880b6c836c8960bceebf3d42ea3a82,qiboteam_qibojit
99,123b44be3c50100ba5b206bb8d38dedaf3a400a4,qiboteam_qibojit
100,12bcecd18cfba12601f812f2e7703a92295245a5,qiboteam_qibojit
101,12e5293e9861a064df00b8b1c65e1bac630752dd,qiboteam_qibojit
102,13097f568d4fa7255af119af1361a30aad45f394,qiboteam_qibojit
103,132ae8c060b70888bcacc4faa59aa9bbcc3bb3e1,qiboteam_qibojit
104,1385591f2fcc401fd50a6af5680fe5bd8755d59c,qiboteam_qibojit
105,14e60ef8df642f36e5f1560ac0d1684e4f335922,qiboteam_qibojit
106,15222c75f8ae85a19fcf398ceaf2771ae2f35656,qiboteam_qibojit
107,153bda5766e753d7bd99b41dab45438d67b1cbb8,qiboteam_qibojit
108,1562fea065ae079c09cbaa56e5c69fa8b393c576,qiboteam_qibojit
109,157c13e3d40546b345e107448685bfa427601458,qiboteam_qibojit
110,1660df7985e9b6d37508c2d7c09f93e397c3e6c1,qiboteam_qibojit
111,166dde19272ff30af106b6d0813280d910be7340,qiboteam_qibojit
112,16bfd94a2ffaf7f35506491ab94a722b1ad7f20b,qiboteam_qibojit
113,17198d97faeaad622a54d4bad431f99571cb6424,qiboteam_qibojit
114,1743ec4572a43ed0256a7106f64d1934c5925831,qiboteam_qibojit
115,17504d606ee4cdbe838a0ac0189b566f8434b698,qiboteam_qibojit
116,175155d27e20563ae66d324a92f573a2eec55b19,qiboteam_qibojit
117,17886f9685208f09e5f4a64d58f05ca099c03e64,qiboteam_qibojit
118,17e3d24352b00c2d503ac7db0470ca626f54e04a,qiboteam_qibojit
119,17e7b4a96878006da95421a1b6b08e029874fc2c,qiboteam_qibojit
120,186e8307b8c5c68e2a46d7f0effb94a639216e17,qiboteam_qibojit
121,1879ed92dc2e7716aaee29e517704b599ac1f3a0,qiboteam_qibojit
122,193b5694068a06466a0f1702cbd66905d0bd5724,qiboteam_qibojit
123,198b91f94be0fb21c032b9220c14264f7af5c891,qiboteam_qibojit
124,19a9ffad1d03f8583f97d8ed6f6f2427cfc1fabb,qiboteam_qibojit
125,19cee52f8a8430926b8245898fb58e08fa0cd96e,qiboteam_qibojit
126,19ee60ed3c87d9063e7048bc1a791b8f2403f738,qiboteam_qibojit
127,1a1598d039baca20d2c05a026926b8d7543a04f6,qiboteam_qibojit
128,1a1e8d8087e2b93fd11b52138a41ddc683dbfc1b,qiboteam_qibojit
129,1a453863b89ed601663aed6393fb722a7fd4014e,qiboteam_qibojit
130,1a52d7eda2c76c739d425917d42b1270c5fdc118,qiboteam_qibojit
131,1a7da192b2948c34fc630cea73a89348d5b36468,qiboteam_qibojit
132,1aa19de068cef22429be659372e4f9208a0efde1,qiboteam_qibojit
133,1ae0778dfdfb09104926afb6652cce5c7fd259d5,qiboteam_qibojit
134,1b427ad16f31b5d73ea9ca4ed9d2d42396705f68,qiboteam_qibojit
135,1b4e25f9b04eec1ab74bb3962e58442d07a5cd78,qiboteam_qibojit
136,1b4e36378c1f3b71fdd2d2f04211df7a89cf69ee,qiboteam_qibojit
137,1b6933759ff67ff80835b10736b328876c069347,qiboteam_qibojit
138,1b8f974692a1813bcdd604051d7c8c59238a24e1,qiboteam_qibojit
139,1bf30c5df5a93ab7860de06708cc66cc7279b48a,qiboteam_qibojit
140,1c3afdc3c006aed9855b4b6372660aca026aa3a5,qiboteam_qibojit
141,1c49fc4ac49f9216e0a5762d6105543db7b659d2,qiboteam_qibojit
142,1c6635841ce0f8f8b480d9c86fc6c9aafc428bf2,qiboteam_qibojit
143,1d335f312bea3d1a522289332f53a2649c69d300,qiboteam_qibojit
144,1d38f920ab5e2838b541c5ddc4ab7dba64a978ca,qiboteam_qibojit
145,1d469073b9d1999e8223d361e17df8c31b30eaff,qiboteam_qibojit
146,1d8acc2d708def4466c2c4ae33a2ac125ab5687c,qiboteam_qibojit
147,1d8e6212519ac5c68bfed96ae0a95da4789e642c,qiboteam_qibojit
148,1da9d1976a6398e8b95d7063d2ce8f5f5b9665f3,qiboteam_qibojit
149,1e11fd2411798f577e3b694890af1b0a5a032d1e,qiboteam_qibojit
150,1e1c62397794ffd59641f36eb1972256925189f2,qiboteam_qibojit
151,1e4b90c8953e7cdbb860da8d29abce6a99e5fe2b,qiboteam_qibojit
152,1e708cfff410d02aaf3d6c84963102ca310bf1c3,qiboteam_qibojit
153,1e88beb7b6897409f22ee093ef4cad8facbe820c,qiboteam_qibojit
154,1eaf1198e3e11ada9ed1505fe23a84d8b7a34ea4,qiboteam_qibojit
155,1f42c1a5ca135d30f24a9da599ab099fa1ba2a79,qiboteam_qibojit
156,1f44e1cef315f5e0f7141b3936e1377d16a22d6a,qiboteam_qibojit
157,1f5940c1ed7e11f1041f742785536d1628a5ba0c,qiboteam_qibojit
158,201d767635967ed233ac284175f0d933ac139f47,qiboteam_qibojit
159,2076a989e2c226f65d7261141ef3356d6679b05b,qiboteam_qibojit
160,207c6b583f169176e0bb181f6c65e48477c1f210,qiboteam_qibojit
161,20aa7c90dd3fa0c9c06a8d943c38962fb1703d5a,qiboteam_qibojit
162,20ac7610f66a52822676fbb6ac208890e594e5c9,qiboteam_qibojit
163,20ec976ac971b1e795594ffcd28eab49d663698b,qiboteam_qibojit
164,21ce8813ae641a022807e8c6eadf70ccab918982,qiboteam_qibojit
165,227006557d90e4bc13c8af3665cbbd6e14314c5e,qiboteam_qibojit
166,229b41e6e7468393eb4c971e781fe5ac73ba23fe,qiboteam_qibojit
167,22b505adca0bf9506a2ff46dafedb55159b56e78,qiboteam_qibojit
168,2315118aacda18572f06011a827308722ddabb06,qiboteam_qibojit
169,233b4cac426927d275dabaddad9334e19c9a3614,qiboteam_qibojit
170,23e288205351199fa1eaf301f42f54f33f943a53,qiboteam_qibojit
171,242d624263b4873f78aeb5eaca1254f2329ec952,qiboteam_qibojit
172,244a46be3668019e9de34d54d8ce5836220da144,qiboteam_qibojit
173,245996ab618b02dc01dfa54bd1bac2f8b1fd3915,qiboteam_qibojit
174,246f01c81ea120f15dbc181f59632c2ff0275c87,qiboteam_qibojit
175,24732ec6c5c9377bf23fc74b2cbc8409a11004d1,qiboteam_qibojit
176,249c0f9eae9dcce43dcd53c17c05c98765dd860f,qiboteam_qibojit
177,2503564b80d4fc90d15c920414764e950c48cbf8,qiboteam_qibojit
178,2515ca6c682133bffa3491781aecf0f26461c639,qiboteam_qibojit
179,25251be45d9e9a4bf7f811e8cdee90d8407855a0,qiboteam_qibojit
180,257ee03f2cb2e6c47497fe6caeadc4c3dd537c5d,qiboteam_qibojit
181,25999f1d2520f751d3a04ab12f4baa6de9b21261,qiboteam_qibojit
182,25b6e489d08e5d1dce00c8c551ed3cbd2e0586ce,qiboteam_qibojit
183,25e8c98888b64373785d5d7c77a1a984ddab8471,qiboteam_qibojit
184,261395342161c8da76711c316fc4081257cdbf33,qiboteam_qibojit
185,26cdf88d382b5da6b9132114aa7a8dd322ee2adb,qiboteam_qibojit
186,26e54e442cb258696b00295c470e0d78775741e9,qiboteam_qibojit
187,27934dd5eafec02789a22354a507506488d4d54a,qiboteam_qibojit
188,282639115dee3c9550800186c16d4de3ee36f78d,qiboteam_qibojit
189,28972869fbf3377052b8e42176eb18c2ef8dc66d,qiboteam_qibojit
190,28c89fc142f904e5fae6a2b6797b392ec12dcc7a,qiboteam_qibojit
191,28c9204391d79f0ba7ab0b260abdf0d029e06bf8,qiboteam_qibojit
192,290b1776c2ba272f1c9eb59cba1d31964a239f2a,qiboteam_qibojit
193,2963f92a670361b1fead7eb116e0ee67d434af23,qiboteam_qibojit
194,29ac3dd0b2066c1cf4a011fe95ce9259e1d8025a,qiboteam_qibojit
195,29da7d338fddb524dc47fa81e37d0de6dbbdc9da,qiboteam_qibojit
196,29dc52c747efa87a6d93b2ae8959f003e8c878e2,qiboteam_qibojit
197,2aa0f156e66e249ab58c7cf16c7171dfac4284f5,qiboteam_qibojit
198,2ad81a2e1a2beb5f04762ecc67b2d32901471a9d,qiboteam_qibojit
199,2aef6930ed208f99b4d64315b1f7f5bf647cdf72,qiboteam_qibojit
200,2af07aac0884c755bb69e2a78e7824dfe200bf4e,qiboteam_qibojit
201,2b051abc6e2969c54b6dddc4188c2879d3356910,qiboteam_qibojit
202,2be8dfacf37f39ace97201f04888e51cbaea7e2d,qiboteam_qibojit
203,2be96c357197d1e457edad043f5856d5ee9da330,qiboteam_qibojit
204,2c2ec68f2d00bd72bd32f67ce1bd0866f7d2dba7,qiboteam_qibojit
205,2c750d23f8f10d4bc30bac363e70eace007df3f5,qiboteam_qibojit
206,2ccf0fd27d08f9bf86a6331d2bdc9435a67360af,qiboteam_qibojit
207,2d049141016ca62269f508fc7c6dcb58bf9818c7,qiboteam_qibojit
208,2d316d7f15e74404f9f5a6c8973bfee2319f0906,qiboteam_qibojit
209,2d47e4e5f232094e9e8fffec938391a91a489f32,qiboteam_qibojit
210,2dac9a5fcd15806c063e3d2846eccbbc91db5d71,qiboteam_qibojit
211,2dba2002666e0c0438b16afb351e8fb926dc0bfc,qiboteam_qibojit
212,2dfa337f4f287aafaee555e6052334a0837f15b0,qiboteam_qibojit
213,2e292d4df7c57597986ef821061e5fdce5d49097,qiboteam_qibojit
214,2e9bdc1268b76b97edd3cb3d354c4a184a591fbb,qiboteam_qibojit
215,2ec43ab9a1c55fed9373542644186e44e3755962,qiboteam_qibojit
216,2eda0b32782570c9de7b8904e2592679d6f54a84,qiboteam_qibojit
217,2ef8cc776e5284bf18ad59f48ffce4d5ea70ffa4,qiboteam_qibojit
218,2f03295f2e3950a532a0eac7bb1b632ddb2523e3,qiboteam_qibojit
219,2f3f83b3f4a91f798caeb64925fa15f21addb2ce,qiboteam_qibojit
220,2f59cd9167dc7f529a72bfcc4021a4b577fa25fd,qiboteam_qibojit
221,2fb1be5ff6367e592c1a00610dd6cbc5efa176ae,qiboteam_qibojit
222,2fbdd1b336c6acb8d4dbd90f2ba400bb603c4cb9,qiboteam_qibojit
223,2fdb40f7127416c830e523daa4a0acd57f53fae9,qiboteam_qibojit
224,30266da09be8eaaf7dc4fa49e7db7cd4dc7d1b2a,qiboteam_qibojit
225,3029acbb204cb56dd9d46068c047fd88e63afdea,qiboteam_qibojit
226,304c5437667d6748a855aaac9c0d2b2914917345,qiboteam_qibojit
227,3075a100ed55412a989436ff9051041503a5c816,qiboteam_qibojit
228,30b4c6350d87f4d7e3d66ba3c7cb973d08a17266,qiboteam_qibojit
229,30c5012899e4b279f61f3cb6b3f9e47c7814737c,qiboteam_qibojit
230,30c719370f2e1b2bf116fa0298a22641f3f88328,qiboteam_qibojit
231,30d43cc333aa8bbfd340da9af0a7479a6b3eb20d,qiboteam_qibojit
232,30eb337eb280d0ac0bdb1fe09820d5aa0727a20d,qiboteam_qibojit
233,310cc6e2d6494f1dafdff53ee6b1810787c84352,qiboteam_qibojit
234,311e1f8dd31c10fa1fadc9bb69e0ebc5dcf0ab24,qiboteam_qibojit
235,31670590601779d7eaf760835cbba42b5957a225,qiboteam_qibojit
236,31776925f718f988db81aeb6c4e78defaf82de8b,qiboteam_qibojit
237,3183df2c28c38235749f692e0b8025119f9ad8de,qiboteam_qibojit
238,318d69cd318112cd912d46045cd12465eb0134de,qiboteam_qibojit
239,31ac8bc5d4532321883f2175d2a60b8e1f773f44,qiboteam_qibojit
240,31f843d9c40dbf3231bd5be7e2daf2b2e329c818,qiboteam_qibojit
241,32e86e7aa02261a3ca5c00a83f9e5dd5c8f4eead,qiboteam_qibojit
242,33010cd5601f19e15970e7b0c70e818fc2bb79f7,qiboteam_qibojit
243,333bd456be5a9f4e2ec131c73119b04eb8298136,qiboteam_qibojit
244,3368164869ce85a5c075d60e7b679e74bc304811,qiboteam_qibojit
245,339857920f84ac2a17900b708a1173471e353698,qiboteam_qibojit
246,33a924a359ce8a764d14d6475b8585f12672a154,qiboteam_qibojit
247,33ad8e6a81c3fa194766689b3ae2c8a3834e9a62,qiboteam_qibojit
248,33be8ce89b81504bc21660bcf72eeab473514abf,qiboteam_qibojit
249,33c729352c6ffad7355a05a5d2e5fada9de82ca8,qiboteam_qibojit
250,33d173427bfacee4a17c2bf291df84a7d802bc25,qiboteam_qibojit
251,341cf7b4f3a818af7e3683699da0795a8588dac9,qiboteam_qibojit
252,342437a5a5027f369a35ee2b4dfc7cd83011acf5,qiboteam_qibojit
253,34457c1dfba0f9c632c2a7eb6090867def0af422,qiboteam_qibojit
254,349b72563db4c554f05eb7f3ae73cfc08816e964,qiboteam_qibojit
255,34a3dceb8675810ff624802bf51e252a5ff2e487,qiboteam_qibojit
256,34be133409006dcf83af68bdb6f1e20093cce650,qiboteam_qibojit
257,34c0b64a98ba217fadea80d1112b31602f07aaa5,qiboteam_qibojit
258,350751c1d3c5791a2f622bd9e46611501de758a2,qiboteam_qibojit
259,35481c8c84379820f4adf5eee9f4ceac113a09d4,qiboteam_qibojit
260,35556397ff5d8c78fb1116b638866099eb43a4c6,qiboteam_qibojit
261,35d3f746e18d973938f3f3ddf44e89548477697d,qiboteam_qibojit
262,35e2387702e58c8edf6ab61a8a33a6ed63a10b03,qiboteam_qibojit
263,362207fe6540d0ab9dcc7047c03d29d6836c9a19,qiboteam_qibojit
264,36844fa194940890b377c384a1e44370fedffa85,qiboteam_qibojit
265,3692177fe9acfd3d2b3cd62b69c57f2579e93f43,qiboteam_qibojit
266,369668e7f3aedbfd75b8832a955d84ee3672bb44,qiboteam_qibojit
267,376c86a6747337528f62c28b0ee1509de1a5d923,qiboteam_qibojit
268,37f496ae2bd2e261a02eb25b2013978ff870b97b,qiboteam_qibojit
269,38192f711b9dba53899065e3830776140fbbdfc2,qiboteam_qibojit
270,3825f8e3483d438593969a7816053c228dd0a9da,qiboteam_qibojit
271,387bcbdbaaa24c0c7027c33083245620800d912d,qiboteam_qibojit
272,38845ec7db8f3adbff3e81083fe27da308bc3ff1,qiboteam_qibojit
273,38bf13311571217cdfca0ec8b9e2ec4e70b2e8f2,qiboteam_qibojit
274,38cff9364a095c6af91d0b807348047372d41e45,qiboteam_qibojit
275,38fb97cad373e06f8e4260aa784f5b69ff3be238,qiboteam_qibojit
276,391a7adf3dffb07b12f6078844e6d393002f2641,qiboteam_qibojit
277,393160fb5aa3c269294346d51d965e54606a742c,qiboteam_qibojit
278,394ee49442a0311386310d23950350f19fcd9e50,qiboteam_qibojit
279,396325de392755d6ea400c986b5c9c29c5788d75,qiboteam_qibojit
280,39777410301f1570101d06540a471658207dff1f,qiboteam_qibojit
281,39cf83c2662a2d59619540b6ab49cd8ee1d1d24e,qiboteam_qibojit
282,39d40cf5604c9b4110eca183f4769f1b462ec1e3,qiboteam_qibojit
283,3a24c8574edfe4a0564e49e4af9191851c0ad7e3,qiboteam_qibojit
284,3a29e737e9b0d8ff67670716caf80afdc8ba39d5,qiboteam_qibojit
285,3a4d799938f1ea470636aefb8640e9403ab96e88,qiboteam_qibojit
286,3ad615789b101257f22af034b550544a886f7c34,qiboteam_qibojit
287,3b12a31b201aa0a3cc0cf5793c41b5c1e05765ce,qiboteam_qibojit
288,3b28b4a3149bcb404090df5674de8407fe10068f,qiboteam_qibojit
289,3b42ad82c2822209a52d7f85a632db314c0f4e7f,qiboteam_qibojit
290,3be539fd222115aba5c9758be813cc6e59af82ce,qiboteam_qibojit
291,3c21f8e3ca7cf54e3b2ba80ddfa4dd4cd211003e,qiboteam_qibojit
292,3c84a52c46a9dfee24640b76bb8b8ba25cf596c9,qiboteam_qibojit
293,3cadff80c7c770e1ca6c7427609f9a5062ffd92d,qiboteam_qibojit
294,3cc3e1b39f1268f2c458e67e5567ac0e0122f191,qiboteam_qibojit
295,3ce3acaea8ab98d6ca0014786c2dfdf8304f849e,qiboteam_qibojit
296,3d05b3709bd834b19b6095f2e306dd7703f2e28a,qiboteam_qibojit
297,3d1d542c4071f2d3981e81b0827e7c00a1a85d21,qiboteam_qibojit
298,3d357bdf14672796cd0d40f8ceb935eb6158169b,qiboteam_qibojit
299,3daf44262e94567bf5d368ab5ddd4462fa72f0fc,qiboteam_qibojit
300,3dca96037bf3d3532e4a3084a591df1df80cda88,qiboteam_qibojit
301,3df43be31e9e61dca62fb2e183bb26a0536a0218,qiboteam_qibojit
302,3e0505d52b0890a484ca57cae3b5ff8deb7e9949,qiboteam_qibojit
303,3e5d8a2bb545c06d89d6b1396dea54e410913f77,qiboteam_qibojit
304,3e78d074c1694819153e1720002c42bcc7726687,qiboteam_qibojit
305,3e8a5d9e40d82c99fe85b5e2bc85b7de761fb537,qiboteam_qibojit
306,3e92e28ffc3f7689feae73c994f2096a5cf12578,qiboteam_qibojit
307,3f12291f7f67416ad36c0ac1c10e79ef962d6917,qiboteam_qibojit
308,3f8261b67274c46e70227fb4ae04faf745eb9eb4,qiboteam_qibojit
309,3f9e5231d57e3be656f1dd66d5b8cb8c8d582089,qiboteam_qibojit
310,3f9fc684c19fa684d82c25cd29d76441d81d9ec6,qiboteam_qibojit
311,3fac93041d74e988da5cf4960842c011cc2e978c,qiboteam_qibojit
312,3ff1d7319ed027e4dee32923b959aaf547209e1e,qiboteam_qibojit
313,40073ea183797f5c49a8ca319397338d50a50206,qiboteam_qibojit
314,402fd9c57e9566d1b8a18bfbbe7c6a86f9de3e6e,qiboteam_qibojit
315,4045ed5c3bc928f96a27aabe5911a463308c9b83,qiboteam_qibojit
316,405cb6823f09d54f64c12b21a87d306a76616fc3,qiboteam_qibojit
317,4107b722d9cc1efc3ed5e0b5b9cfba783e4008ea,qiboteam_qibojit
318,415d90cff523f3f254932675ea020a676d75e8e9,qiboteam_qibojit
319,4179b2acc1e57b29cb7a04e19978ca0a431a35d2,qiboteam_qibojit
320,41c1ee90615436f13967591ace2fcbff59aee5a2,qiboteam_qibojit
321,41e824a54fe4da83a35060e9ed8133133e45f982,qiboteam_qibojit
322,41f55bb06ee7399a16023dc5459c714576c70a3b,qiboteam_qibojit
323,421892acaef18086571052bb13d3b877a6c5b6d9,qiboteam_qibojit
324,4244f11fdbcdd42c63122828039023dc927446fa,qiboteam_qibojit
325,427279320158bb9148ab8c72615eef08a88f0a24,qiboteam_qibojit
326,42bc61adf168131604f9c1da0c441268c860432e,qiboteam_qibojit
327,4308b038f8ff34f62dd82808b0368c75dd4d3a51,qiboteam_qibojit
328,431bdb0c4b94140ff11bc159a757860214c1349b,qiboteam_qibojit
329,43bcb927da6a7f569bbbc7784f3561b263239416,qiboteam_qibojit
330,43e3f11bb3a2c6c53bcd5f171d330d1dac46b7f5,qiboteam_qibojit
331,4404c3c62e3c2dbd90a3bc29b21b7955e5743568,qiboteam_qibojit
332,443c36e879bd7d5bed46c65c2bca7580cb5ba9a3,qiboteam_qibojit
333,443d7b0430010ef8d6a67b1a14456b67d26349b9,qiboteam_qibojit
334,4539ab719358efce75e215b42759d49891a160c3,qiboteam_qibojit
335,45633471e7d6f55d90f0203c280183c349469983,qiboteam_qibojit
336,45930cbba94e7b11b05c8f8bfc3966afdfae9409,qiboteam_qibojit
337,45dd39a58fe8757a7a21a13d5d6fb80f546f8994,qiboteam_qibojit
338,45f9c9cff66c556058acc9847a6200616444a303,qiboteam_qibojit
339,45fa4d4b8ef684e29f96ddc302a61fc3c3db7a77,qiboteam_qibojit
340,46530a475df56f287add443b60ab7f2e08d9032e,qiboteam_qibojit
341,466a453b05b4d5193a75307171a645640117127a,qiboteam_qibojit
342,469c19404aeb5406c38a75b77e37ac89f61b4949,qiboteam_qibojit
343,46d6a88e478c4f120f5db38a3606897094a91333,qiboteam_qibojit
344,472b1fd5716f93d2f2ce0b47c867b24e4fba2e9b,qiboteam_qibojit
345,476caf00482b210a18e1cfabb5080a1a99d1d14f,qiboteam_qibojit
346,481440ac204963c3cce669d94e4876f7674bb268,qiboteam_qibojit
347,48b51665775a70dfd4ab577864f57623f15e0073,qiboteam_qibojit
348,48cfd85eb1fa2cb4e6281d3b8113143a865f9805,qiboteam_qibojit
349,48d07ee5090b52f9507f3b0e176f30bffb0c34df,qiboteam_qibojit
350,48e8b6b520df854c0b717acdd73f800f591da47b,qiboteam_qibojit
351,4918341c2a215a15a101d17aa9cfed273898280f,qiboteam_qibojit
352,492a44ac14bd2490a88bf2edffa5eec6199f1743,qiboteam_qibojit
353,494096a5737eeebbc2f4a1be7b18d47e239c4252,qiboteam_qibojit
354,494bf1789b0fe423eabc6f00e8577fcaca8b6cd6,qiboteam_qibojit
355,4971d62fd8ea1287a92ab47a448faedecff2df9b,qiboteam_qibojit
356,4982840ad95e4638f9debeb2bdeb52c5e73445c8,qiboteam_qibojit
357,499cee296b251d9e021be3e0d662e636db19b764,qiboteam_qibojit
358,49dfe22245e43eda6b5a9d8ae52873a97e9dd742,qiboteam_qibojit
359,4a1ce01e8e97b4209a0ff85279eaa4216a153ef7,qiboteam_qibojit
360,4a81d929b5069932154c655aabfd6b599225e154,qiboteam_qibojit
361,4a986965ef8b280d95e53b64205eda710d8a326f,qiboteam_qibojit
362,4a9c8d40438e4045f0d05ba6d3d973a7c8aa1af3,qiboteam_qibojit
363,4aaa1ace48731f7a6474c59fc2da9548969692a7,qiboteam_qibojit
364,4ab4c26f45e1bf3e2fa746077bf2e1b13435cff3,qiboteam_qibojit
365,4ac884d621e7b8490ff47e98f3fef7e78657e0e0,qiboteam_qibojit
366,4b664649a9bab7343965c68118734475e433765f,qiboteam_qibojit
367,4b7479bebdb7b85f685efe222ef6033d6cba921d,qiboteam_qibojit
368,4b963b31fbc3b9cc2ec3ee0b3aa5baa8996466f8,qiboteam_qibojit
369,4bccd65b97b095c8b7a081feeb0259b70733db06,qiboteam_qibojit
370,4bd7c34479ce865efda7daae77fa00d8f1ad5200,qiboteam_qibojit
371,4bf7d39f430d5db4788819050f0aeced76655aa4,qiboteam_qibojit
372,4c41a1d8b540c4d7f7c15bff8dfa053a08d52eca,qiboteam_qibojit
373,4c56355705ee1a878817df11ea32ef7f8e8c8f53,qiboteam_qibojit
374,4cba4074157740080b409fe5415e10d079f3f482,qiboteam_qibojit
375,4d08a8979c8f1924f5fd21a620228cd817cc582d,qiboteam_qibojit
376,4d0c96c3aa549a2a4e6aaae011170e560bc2f490,qiboteam_qibojit
377,4d22405e9bd158cfe290c2004cbb9f620927067b,qiboteam_qibojit
378,4d85e71660dda7941806d8206916997da9863f0e,qiboteam_qibojit
379,4ddadefd926157982589b7b4a33665ce510fd03d,qiboteam_qibojit
380,4dee171c7462a572437c650be5d4762388af0de3,qiboteam_qibojit
381,4e096b9751e9d8b8ce3bc10c464f1deb8d38bed9,qiboteam_qibojit
382,4e153cdaec32c340370a3b3969d8c27333aae193,qiboteam_qibojit
383,4e4e611810b99db0dcf96e208cd86ef61b7ac349,qiboteam_qibojit
384,4e6e48135c3fb20004c2ffa67b777ea530745bcb,qiboteam_qibojit
385,4ea2b790039da7332df047d2cf8f51d84aaac8f5,qiboteam_qibojit
386,4f0e76dc61882236f7ef79700af8b4ebc2d0e92d,qiboteam_qibojit
387,4f2cc9d4ae9d5fcde6ac780a55fc604948b61cfa,qiboteam_qibojit
388,4f75d83c1d5a7c64b7ef304df8d92630a22129c4,qiboteam_qibojit
389,4f915f69b56b6cc84e294e0184f2032c22de97f2,qiboteam_qibojit
390,4faeae1fb2f7b083c283d8e16d382303210dd69a,qiboteam_qibojit
391,4fb49e5d87ff1c8f48b238d54261320ba7e7762b,qiboteam_qibojit
392,4fe1cbd5becf01bae3349449cd51efb9bc22a9ef,qiboteam_qibojit
393,4fe78b114dcdcd83e22146be7adf188ae6594b46,qiboteam_qibojit
394,4ff7885d713b1688b31d4e9fa74708b8cd3e3bbe,qiboteam_qibojit
395,5021253178b356970002929a303dfb3078a446bc,qiboteam_qibojit
396,5059c8ffa0798876284ea66c00aa974c66d4e48e,qiboteam_qibojit
397,5080bb75f855a84c6049261e9e9d8af023fb3c93,qiboteam_qibojit
398,50910f577df2768ccce77c81deff0e0b564f29d7,qiboteam_qibojit
399,50a53cf4ec9488e4c05cc1bc3119cbc3054ea62b,qiboteam_qibojit
400,50d16d50619557f343192b5ce2c71d054163c3d4,qiboteam_qibojit
401,50e1cfeca66c3521072c79a103d009208bf9b59e,qiboteam_qibojit
402,512e90048c24e1df7c651d1e721e5b9ca226fa92,qiboteam_qibojit
403,519fedf76aa6dcf1eb336bd6de9adfb2260568b6,qiboteam_qibojit
404,51b51af97114f2c350bfe960e8f644b13525f6b9,qiboteam_qibojit
405,51b54c299e2c5f21158022a3fd8119fffb5e6b67,qiboteam_qibojit
406,52461e9441a707ab0fc5b740eb52171656f4633f,qiboteam_qibojit
407,524aea0aa06f5dccf8d5ee9d8db84899b7f3ac45,qiboteam_qibojit
408,52708e0ec7f7c43e4e9e909b6c4359a93f9988ca,qiboteam_qibojit
409,5286e7735ed9d8feca477353053eab9d2a083739,qiboteam_qibojit
410,529f741d67645aef2857356c744f3bfe0474e0dd,qiboteam_qibojit
411,53782f190e336836c575e95ed3b4a04f6f6e21ef,qiboteam_qibojit
412,537efdb4d811bf1e5da2c103b693b3ee3e0a7e8f,qiboteam_qibojit
413,53aecc63470f601152356d5e9042d2a0e04eeac4,qiboteam_qibojit
414,53d33e854a6032fa49bab9b7373f239f6b6a0d5e,qiboteam_qibojit
415,540304d6e9c654ff550a617ef3b090a72cd2c332,qiboteam_qibojit
416,546eb3547c1ba01f1f36b15b899538789bbf699b,qiboteam_qibojit
417,5474bff90c596bdb4c190059e9c6381171d97eb3,qiboteam_qibojit
418,54b1d521092d9253c9311522823b7661435380db,qiboteam_qibojit
419,54eced25b0d1f4def5c050b069fc036f339a3059,qiboteam_qibojit
420,54fde281592c3a6953dad2f64ac08defcfa04812,qiboteam_qibojit
421,5502d46e499237386d35e5c380f03c51daed1dd1,qiboteam_qibojit
422,552a18ab8f61fb5cfb33b3384e35ba8b496f03c8,qiboteam_qibojit
423,55714c78c67c7d42df965b199fd82d3997048a9c,qiboteam_qibojit
424,558d26d103b92b716ec965ee02d9f1b5b03f4967,qiboteam_qibojit
425,55973e55e9d5c6cb7f01deff5188b4171f03fa2b,qiboteam_qibojit
426,55f62e8e7a16ded05b1cce53649de8a76840cf35,qiboteam_qibojit
427,561fbabbec814715cfc07291b38f06f32536262b,qiboteam_qibojit
428,56eb9ddeba4b8f434d48c52a93e5f46ec761bbfe,qiboteam_qibojit
429,56ebfd0525c48b31999d1365dc4fde0875df99fc,qiboteam_qibojit
430,57399ab50b7d931756472da2c39fadb462729efc,qiboteam_qibojit
431,576f2f014d33d773bf28525305dffaf074afd13a,qiboteam_qibojit
432,58016b15f3ebecfffc7a476d695ca62751076e59,qiboteam_qibojit
433,5818b232181f4db1957ee5d1f988612048bb8fa6,qiboteam_qibojit
434,5818b6dbde5b269b59ef62ec855a6e9540113a86,qiboteam_qibojit
435,58487c3118acc2b3193323f18dde05b52b75c8a4,qiboteam_qibojit
436,58504de4f8a6e07cd89b85cee25b086381eb00f0,qiboteam_qibojit
437,58962f7fa83b086eaa96338f6146cffbb858e17a,qiboteam_qibojit
438,589a918483ae3307ad570e5fd5a5b197ea735973,qiboteam_qibojit
439,58e1dfe98e8bdccbc5a0a054480cb72b9d722800,qiboteam_qibojit
440,5905f77d110e03d55c7bf41c5d70d3be79584c8b,qiboteam_qibojit
441,590e80cfc63d380b64839f0e59e2253aa134809c,qiboteam_qibojit
442,591ae373ba80d77bafe2c88745134f3b172d7a54,qiboteam_qibojit
443,597cdbd1b56379c5e391b50f9736c060e691135e,qiboteam_qibojit
444,599bb891cd3521001a55a3d75c420dd6b0f089a1,qiboteam_qibojit
445,5a4125a8b1cc7373228e4967f2276c81cc5d00da,qiboteam_qibojit
446,5a61743299fdb933b952a8ae187a4f71c66a87ab,qiboteam_qibojit
447,5a89649c4383900109f4f5c78088d02e186a1973,qiboteam_qibojit
448,5aa8eb0ed940454fde3508fa08d3723df3e6edd4,qiboteam_qibojit
449,5ade420715a49e3d5202456925b7ba6c49e4fa5e,qiboteam_qibojit
450,5af642977fd66a4268608fbe2986e55160a88fe4,qiboteam_qibojit
451,5b2277a3425f66c6398725e333268c27d955e99a,qiboteam_qibojit
452,5b2cc230dfb600a7b953ef25d75e9261f94eeee8,qiboteam_qibojit
453,5b34d15d15db6c5074bf4c5221969322b726acb6,qiboteam_qibojit
454,5b3651286bfd9951169e41b2825f9286d5c900b4,qiboteam_qibojit
455,5baec706dc7ba2d1ff46ca1c73fa20bc842fe749,qiboteam_qibojit
456,5bdf8a9f6c66d7a64deb58f7e9660c59ee42e9da,qiboteam_qibojit
457,5beaba3dc768791636ba54e21e41bf05899a8501,qiboteam_qibojit
458,5c08575cd227b452e22d5b5bd008427f6e36f1a4,qiboteam_qibojit
459,5c227bd73e34c155a062ddee8b80e3601ab993ce,qiboteam_qibojit
460,5c67517eb7da223115f93e009e5fee6c11e57de5,qiboteam_qibojit
461,5c83397b31a75312382e5fd7dae0f3152a162193,qiboteam_qibojit
462,5cc007bd05b2971ddf7eb4449519724710095a78,qiboteam_qibojit
463,5cc1c0458582c65d122a5b964b21aa1b2dfc4621,qiboteam_qibojit
464,5cde29cc68fba1d38822a2101a62c4027ccb6fc6,qiboteam_qibojit
465,5d0b6933036c086acdd669fbe2d3ca8ea56e01b6,qiboteam_qibojit
466,5d0ee57c47082766f67461c6bc13a7abaf505af7,qiboteam_qibojit
467,5d1787f9300ec10e06d11cc63abebf87c1128462,qiboteam_qibojit
468,5d2a1500f5deb553e891064088846a63b4ade293,qiboteam_qibojit
469,5d55240cb3604cb4d1d2a885b226df0e864e1b1a,qiboteam_qibojit
470,5d569897bae52833506839a7b585b2ed1dd05286,qiboteam_qibojit
471,5d6b18e6dde74c4d0112f3ab10c141512c953734,qiboteam_qibojit
472,5dd522f84bdd2a66d67b41df990beb3135b3a9f5,qiboteam_qibojit
473,5de17946381c514a73808275c969e01601021d2a,qiboteam_qibojit
474,5df666463a852aa27b6bbb5c87f93d1d980cf343,qiboteam_qibojit
475,5e2285206875226fb1b959f7d4a8167212a4db54,qiboteam_qibojit
476,5e7ede5168bf6951c02ba81219f6e0e398ecb8cb,qiboteam_qibojit
477,5e809583ad9dd1a815b5164c941d85470a945ca3,qiboteam_qibojit
478,5ed093327471fc1c83633a2bfc6a5402073651b3,qiboteam_qibojit
479,5ee55adb59207bfd585fe16e7d72bb5c83758950,qiboteam_qibojit
480,5f90c87b38ed086525bff35d3ad5a909468031cb,qiboteam_qibojit
481,5fc2264baba1cd13fe840079218b7a2c4624cb8c,qiboteam_qibojit
482,5fc751a5c3cf756ab74f8fe1e7f7709ae778df72,qiboteam_qibojit
483,5fdbdbfce76bf27b74bcf6908af39aedabd8cf9e,qiboteam_qibojit
484,60144cb0c583f00b3ea3b712e82c0677ade5a124,qiboteam_qibojit
485,60619c43942d305568afb97f428974541319251f,qiboteam_qibojit
486,60a268dae7e1a515fe41eea5140476277ea1cb03,qiboteam_qibojit
487,60a2d2bc080310a3b0d5312fc40ca31471b37fce,qiboteam_qibojit
488,611d6e966b2ce34c794093e063f5b943781c94ca,qiboteam_qibojit
489,612e05a6e1654e9f44daca9496ac305833d7f9f6,qiboteam_qibojit
490,61b5ef18cf76b21cd5f693d1710aa47d18891c8d,qiboteam_qibojit
491,6217e93ff8740758fe6e6e45833875bfc32ee177,qiboteam_qibojit
492,6343cd9475ea774cbf11deec741a593640cd6269,qiboteam_qibojit
493,637ec965f61b0975b6b3667d8cba399549ee2cdb,qiboteam_qibojit
494,63a2202e7609148b3f37dd1c4da31bdf891021a7,qiboteam_qibojit
495,63c700d1732030c7647f653a9c76f0f52f871a91,qiboteam_qibojit
496,63e34652b6e0258d2a56371c6054c73133cc0b8b,qiboteam_qibojit
497,6416d3bb89e1bdb1fa61a944c9b614ebad0e493c,qiboteam_qibojit
498,6431d5a0e24df9e3ae0d846c744a1f9ecdb06fa3,qiboteam_qibojit
499,64338d1ef600d02283bc0c660535a6a8338669a2,qiboteam_qibojit
500,6446308f9fca057a055c256687b02e5ffeb68c86,qiboteam_qibojit
501,64a5b583ba10f4d72c0adbf8f6468f0d95ae5a29,qiboteam_qibojit
502,651f7b1ad1b2c480410fd3e919ab061a084aa271,qiboteam_qibojit
503,65b3eb6677e443eac5e3658b22792b333f657930,qiboteam_qibojit
504,65d7c672288db0677e97ee0bb9f7ca2f00198785,qiboteam_qibojit
505,65e60c5e1fece9759e86b8a6284721fa88d2fb2e,qiboteam_qibojit
506,6608043b44a65f303f33f4bcd25dcac47f06a5d5,qiboteam_qibojit
507,661ec5a1a6d5c2759a1b315a10d1ff735b3d6871,qiboteam_qibojit
508,663aa8b2b24b095259417f77c57404ba4516c83b,qiboteam_qibojit
509,664c9002aa7212f13ce22d87ab0f7a8f7f6738c5,qiboteam_qibojit
510,666c63dcdf0f05fd1d32c58e8c549057559229fd,qiboteam_qibojit
511,667bcb15da1a203ff86c5045784436354769f926,qiboteam_qibojit
512,66b3855ce4e2bfc6ea8fdf85fff2d5397d07a9b2,qiboteam_qibojit
513,66f1b4791d8a87f0d8f4e2fff4e6fdc299eaa92a,qiboteam_qibojit
514,671403e1e8fbf83c4cda4a8cf5922a70a19ac1fa,qiboteam_qibojit
515,677af1e226f55252de07155551dffd241867253f,qiboteam_qibojit
516,678f102d904010dbd73dcf602a08eab78adc4ab8,qiboteam_qibojit
517,6799c5d95add76036e4fd65f0761289a50cd374c,qiboteam_qibojit
518,67bd2433fa4d3249da1c8b42f51eb879e8ecd776,qiboteam_qibojit
519,6829c7257cd77e43fb5117370c0ff81bb4e3e3b3,qiboteam_qibojit
520,6834afd7bfddb535d01048f26a4e9b5c3f31c90c,qiboteam_qibojit
521,683a19467797c8a4d7deaf1a3a1f10a1baca66ca,qiboteam_qibojit
522,684d51bbf6cb32ec88f0d889df9bc31e2cf6d003,qiboteam_qibojit
523,68ad898f60888c3836a0bdbe8c7ec4968d9e071e,qiboteam_qibojit
524,68c8567c6ff8af299b6a40b19cc135253263771f,qiboteam_qibojit
525,69626adb51ef2df700cd01b3e92de20277c63f93,qiboteam_qibojit
526,6967cfbd755b32b8d88edfb2e75d9a209203d1e7,qiboteam_qibojit
527,6971051a6d27527c71459b489743bab348d2f3bf,qiboteam_qibojit
528,697fb4b706db2a718b08968860351a8841bf9231,qiboteam_qibojit
529,69c8b365f30e532f4a6704d0578cee836e9d0658,qiboteam_qibojit
530,69fe9dd9c21a4783923ac9d3fe00c4ee7b9b994f,qiboteam_qibojit
531,6a25ce12ec45cc113a6b26d846843ca22115ee46,qiboteam_qibojit
532,6ac242d61c323953e143798421ae79b0b5c09a41,qiboteam_qibojit
533,6aeafe6b258f92b8d8e06df683436cc7c2f03098,qiboteam_qibojit
534,6af2f37029f5512b236d93b4febd77a4bcbf9a0c,qiboteam_qibojit
535,6b5887033c50b7c2b7f1540f038acb122d6bed8b,qiboteam_qibojit
536,6b644f8dee97c10381364a1c5c19f876dd36999b,qiboteam_qibojit
537,6b7dd42b2af92c0788063172c668ba3b01b5e1a2,qiboteam_qibojit
538,6bba2c2d251af9bdd8d9328c29d7858fbb841111,qiboteam_qibojit
539,6bc066c8c2264c57b223ee05d0c17f9968feebeb,qiboteam_qibojit
540,6c051a12c20c49773c679ce0bd0bc34017da513d,qiboteam_qibojit
541,6c09e54d019c070f211954ea6992ac87c8fdf394,qiboteam_qibojit
542,6c0e59e52f577186a459954ec5c7e9e5e8b35953,qiboteam_qibojit
543,6c574f84f5bbfbaf57773986f4063e2ddc926a02,qiboteam_qibojit
544,6c7843f788e44e79704b6e654bd71eb7b92a7283,qiboteam_qibojit
545,6c7fa89a11b4adf98d993877f6c1bc73773f93c4,qiboteam_qibojit
546,6c7fecc0bc6fb7e5ce938d761dfd23283531f5c4,qiboteam_qibojit
547,6c94ab28c0c87a0f89ebc8a538f49a66db1cc705,qiboteam_qibojit
548,6c9c5e74e27977569a45ce6ef1834e6c6c3a2157,qiboteam_qibojit
549,6cc064b786f8df578e382f78e5798a5909e94a54,qiboteam_qibojit
550,6d7ed94fb77c4dc4ed7cbe6d8dcee76efa940a18,qiboteam_qibojit
551,6d9be8257e08ac9a3a4b40f7dfbe8398c42cc1e8,qiboteam_qibojit
552,6dcad2acee444dadb01b911b15be28ae527bb807,qiboteam_qibojit
553,6e0044b9b4ac7657fcffa11290d0bcb3cbb37ce3,qiboteam_qibojit
554,6e45b30b85c3f56d3e58b5c2a0c141c7b15420ac,qiboteam_qibojit
555,6e880fa59fbf81c3453b6713b011ea4635e74c3c,qiboteam_qibojit
556,6e8ea0abced49a8e3db338acc953d6d23c3ea900,qiboteam_qibojit
557,6e8f1cc5507151beda4608ac6c17e13d961b9c6c,qiboteam_qibojit
558,6e974baf253ec3467fe989038ca85256cc117172,qiboteam_qibojit
559,6ec08ecc4c5304bc247dba17922a10af0a2281fe,qiboteam_qibojit
560,6eff56c03e61576ac26115c92dab8302427879ce,qiboteam_qibojit
561,6f40cd6deb26c190431a17b1bd09a3bd4f863149,qiboteam_qibojit
562,6f9f63ad8259d7bddc14d280deb61a463d618b25,qiboteam_qibojit
563,7000f63fb0721767ef6ad5d0890f14aa5397ff1e,qiboteam_qibojit
564,701428b2b8a1b953a9fc553c63e5f5cf8c725e6c,qiboteam_qibojit
565,704d5798f3c194b39f3d28aec5970866aac502ae,qiboteam_qibojit
566,714b283377c70f9bb47630e7c7ba21041f685106,qiboteam_qibojit
567,71e9e048ce50c530415248e7ea2b6084d01763ff,qiboteam_qibojit
568,72143da866b3a1dd6fc7917bcd72bd9453d1c77c,qiboteam_qibojit
569,721a4b4eee26817401a5c85bff960c66bba5590a,qiboteam_qibojit
570,7242783fdfa61e499e42d59971dd75c8d34866a1,qiboteam_qibojit
571,726444be139f1034a6540e0657e8affb198cf794,qiboteam_qibojit
572,727aeed97995844747938d1708449e1b3f8f4b37,qiboteam_qibojit
573,72a5bdde1230fef086266163742521bf67f07025,qiboteam_qibojit
574,72b82a17de9b38481f398c14c2539b97eb43a083,qiboteam_qibojit
575,72e951d0dbc2669f385962d875075eeef672d206,qiboteam_qibojit
576,730129a50b24cd79f79e8b99e2e03bd3c893b398,qiboteam_qibojit
577,735291a621f868ba685fcb0a557778442db8dfa7,qiboteam_qibojit
578,73680875f33298086339ac67aa2447c33e638fe0,qiboteam_qibojit
579,7396108e94a607a2095a39db5cd0a7e2597f37fb,qiboteam_qibojit
580,73c11b22daab6fc531eeba312a64f72fad9e7099,qiboteam_qibojit
581,740d784569b38201da32e4f554565c0495fda8ef,qiboteam_qibojit
582,743804f86dbf42be0017ca7f9533554dd7ff66b2,qiboteam_qibojit
583,7464403115d25f0b9012a2ca92dd2bf9a6514adf,qiboteam_qibojit
584,74733be84dcaa8753863df2efa1773ad6cf27110,qiboteam_qibojit
585,748870521fd2fde00d2b5a84777a80f31647d2fb,qiboteam_qibojit
586,74e2cdcc3f08358306e78f7e25e8f6ebe62d63d4,qiboteam_qibojit
587,750303d64ddfb7a9933f932990a556b3ba192a6d,qiboteam_qibojit
588,7548b3b12854e7e77e77c56cd75e5b8f715fb989,qiboteam_qibojit
589,7555cc1e28960af46a9e3dc1a75e04b2554474a0,qiboteam_qibojit
590,757904e60ab9052fd0df605dd3e431e73ae9d0c7,qiboteam_qibojit
591,758e357b2e6ad62da0e1e504ab6bbec099bbe27a,qiboteam_qibojit
592,75d4a3ed4e10a94841f56e0be4a7a1871b28fa78,qiboteam_qibojit
593,76411ba644b30d90810d920ad27bb12be32107d8,qiboteam_qibojit
594,7660dc91e1885356669216e06c33b028fca4c2d3,qiboteam_qibojit
595,766a0cd2a18720c3c2108818dc9aa9db02d0f062,qiboteam_qibojit
596,766ddcc4603a2703893802b8ede8c0863e430cc3,qiboteam_qibojit
597,767ba17557a68c11177d42d5ac97685311c5d13a,qiboteam_qibojit
598,76eb0ba848124bdbdcf431f8b65362138ea25189,qiboteam_qibojit
599,772579e9ed09b3c462a6881786c74645bcef99b8,qiboteam_qibojit
600,777fab2a6fdc68f2de323de6ccaef3460bff32d5,qiboteam_qibojit
601,77aeed6e2e4c2ee699c662742465daf13d924082,qiboteam_qibojit
602,77b54228f89877749a063a547f89b3f56e1c0008,qiboteam_qibojit
603,7875f58a0d898a0cda48d9b340949d2597477975,qiboteam_qibojit
604,788c48fb84b5786ca213c5e751a44a79bb6d06d1,qiboteam_qibojit
605,789556c8849d0cb567ffdb3b41cec1cc89e68fd3,qiboteam_qibojit
606,7913b09dd3f013230b49e099dbfc101e9a0004f4,qiboteam_qibojit
607,795a2c54a0ce55ba628f2e0b1314f34c0d0ea356,qiboteam_qibojit
608,79926a5cb6c81f26f76723f9b2af35d45e57c6a1,qiboteam_qibojit
609,79ad7f70088b47fec6efcd2560681d1b747c0cb4,qiboteam_qibojit
610,79d263324215fb018125f40313ba9e0db751725a,qiboteam_qibojit
611,7a6518f2dc9c5ac81856c43dd90039f4bdd0ea11,qiboteam_qibojit
612,7a6c2757f3068deece90aac70f1ca4bc819949a3,qiboteam_qibojit
613,7a9e1ed936869335a4906580e84854ec985ef03c,qiboteam_qibojit
614,7ad1b4c92d7c0468ddbc97cff7599072ce26e185,qiboteam_qibojit
615,7b13ea386f5efd641a230b26abd7d35bf12fec45,qiboteam_qibojit
616,7b4814c86c596461857392e3a583c95817c0997a,qiboteam_qibojit
617,7b819b9224b2793ff1d3786aef0e9023c1cccb6d,qiboteam_qibojit
618,7baefd1fbcd717d636eb401172c5a775369cd51a,qiboteam_qibojit
619,7bfd0ff132fc9dfc1a8721997a4c98feb8cc3821,qiboteam_qibojit
620,7c128019d69e708a8b591d5d9532323ac7cf39f6,qiboteam_qibojit
621,7c1bbe0232c9ce0414b173a79b5dd4cf72d139ce,qiboteam_qibojit
622,7c2a4228a096f39fd96f3ecdca3d1447a2e8b700,qiboteam_qibojit
623,7c4f22b796b59470ba4c4d175b5ba42f19786105,qiboteam_qibojit
624,7c56c49ed3fba04f2430e49a4ce9e61961f07764,qiboteam_qibojit
625,7c570236d079b8fb457930b96a307410b0ece7c9,qiboteam_qibojit
626,7c61b9ee2c28d54a4b472517303d43e754df96a8,qiboteam_qibojit
627,7c6420326dc35c9b2d2b3e81cc06d2c988b20d17,qiboteam_qibojit
628,7d00ef5a7f412a1107d7d245202c2bcfdfbee10b,qiboteam_qibojit
629,7d08f2f42dad88c4d7fcb32c8062b26f6eae6592,qiboteam_qibojit
630,7d46da4c1a8b0b28362b842769ded7183ede25da,qiboteam_qibojit
631,7d6a4a2edee56e71ee3057c6880e95fcd8d11024,qiboteam_qibojit
632,7d77f5c4cc354772347caafb8c8d0354cb7ac385,qiboteam_qibojit
633,7d8fe920c9d05f7e0e11805b2f215e3e54954985,qiboteam_qibojit
634,7db4aad37cabbaa0506f705943065a4fa52d5d65,qiboteam_qibojit
635,7e17a7a0a1197b10710fad93b02a1573df39ff13,qiboteam_qibojit
636,7e48d50f707f7b61eb663225e6d435a00daafbb4,qiboteam_qibojit
637,7e4c79fd7cbc19415374d32d37c334428848addf,qiboteam_qibojit
638,7e4d827d5c78a3d26cafc900727765d610c08056,qiboteam_qibojit
639,7eb9a18b97427cfc2b189a2eafab3a742ecf584e,qiboteam_qibojit
640,7ed26e0561bcaba150f2f98fb351859aa59f81c8,qiboteam_qibojit
641,7f3cd2a4ca0e3da614c751137cd11e0bce0c3a1e,qiboteam_qibojit
642,7f789851392be69c3e074274f81e3f16694cc0a1,qiboteam_qibojit
643,7f936b7198b6f7da81eec39b4969a405b980031b,qiboteam_qibojit
644,801087b96091d076a600d2a817b62d34892f83b3,qiboteam_qibojit
645,809eb1ec4c77c19f334557a5ca2c8973d1750998,qiboteam_qibojit
646,80e3bf516e0b4b1225a6f8121e6a530af22de7f3,qiboteam_qibojit
647,8113c44c0a1091621b61c7ae51684247ca8b4f14,qiboteam_qibojit
648,8131ec1c18a60268e3ffae0e9c7c470c85c06a87,qiboteam_qibojit
649,814ee43ad2df9a9662947917e1fc7e44444a29b8,qiboteam_qibojit
650,81684baf4235155783d27abe66eba54284c44c30,qiboteam_qibojit
651,8184f81a4de2e7e618a776377b6911895a7d7073,qiboteam_qibojit
652,81af266411acd5baebe170fba9176080c86c3d4a,qiboteam_qibojit
653,81b504620169349f3cda2af375efacf5bac66d6f,qiboteam_qibojit
654,8219f35caa78adc11f23346d092c5335b04ce151,qiboteam_qibojit
655,821d056c174f141ebf76bd50887448ee0d02567f,qiboteam_qibojit
656,822c7d7a7c374538b3a94d2ddc735fc0aab7ba68,qiboteam_qibojit
657,823674f13caaeef77a842a3b61ff7ffbddb38688,qiboteam_qibojit
658,8279125a87f2582c796690b8b8f851d6a2ecbcd2,qiboteam_qibojit
659,829e1f3276baadd3e7602b0865a2a81e3c3c8f4a,qiboteam_qibojit
660,82a0bf0976a44ec54d1d46b82b716aabdf9c5d25,qiboteam_qibojit
661,82a2b8e86866e412142026d0427a0c3038b62e5b,qiboteam_qibojit
662,82b78c933dc857d99a6e6c9e60d8aa717b72b672,qiboteam_qibojit
663,82fe064c2a17eb1d40cfc4fbb3761f4ace61ae62,qiboteam_qibojit
664,8302937820f9e20ee8659a1ab07d916fce606b71,qiboteam_qibojit
665,830a8a27c0921321b31e8139833238ea100fc2fa,qiboteam_qibojit
666,832f08b66c59e915fed78c5ae7a8adc5adf04042,qiboteam_qibojit
667,835bcd661286647f790f3cd3e8ddd2330147c1e8,qiboteam_qibojit
668,83e976e4d018c4e1b7e7fdbabc2450e9566c296c,qiboteam_qibojit
669,8444c3e519a0024d23920f90078af9abb3b15602,qiboteam_qibojit
670,84d5b85f2f6ad6c244cb325c64726c418c07e8a3,qiboteam_qibojit
671,85494c2847151ee225875cf5129465bda22b1524,qiboteam_qibojit
672,854cc2dac17efa9375f1911ef4554ce6c4127905,qiboteam_qibojit
673,85bf90afc633301e58206331d66a057376d8f84e,qiboteam_qibojit
674,864897d2c28fd989c8ef3967aa4810868c85ff37,qiboteam_qibojit
675,866af56b37fd132de61e32d41367ff8168b3fba3,qiboteam_qibojit
676,868651c12875c0066feeb3f7efcce0c570fc0ebc,qiboteam_qibojit
677,86a7c326084e4397ca5a1a337e5c1c5f688d649f,qiboteam_qibojit
678,86bc3620646a45e370a945ee3d9ddd0be9c72ce8,qiboteam_qibojit
679,86eff85de0370fc20e063178074094397103cda5,qiboteam_qibojit
680,87555088fed88e2b946bf08d5ea23ab36a0b47cc,qiboteam_qibojit
681,87a6fdc0d341b0fd7c52a95579cf28fec446d665,qiboteam_qibojit
682,87affb5499d50d97c048020dc137c5d00a141070,qiboteam_qibojit
683,87b84f304326956a108fba3e1fb3b2e75cd62698,qiboteam_qibojit
684,87f4341a662d711cecb2c77068d3f482a8614dc9,qiboteam_qibojit
685,8832fcb9ea4defe69eb109920a9b772ade87142f,qiboteam_qibojit
686,8862e71c3e8cffaf590986ce515f2937225444d9,qiboteam_qibojit
687,8884f1cea77d457c8c39d7dc148e52145a76d2e1,qiboteam_qibojit
688,88ac8ed26bbe0a65b42e70bde8e6f1f15f645db0,qiboteam_qibojit
689,88bcffae533941c099e17af2c28a83d8664f1620,qiboteam_qibojit
690,88dcac2c7c0bc67e1a75690dfef10a3419b30d14,qiboteam_qibojit
691,88fc5cf146ab839e40d54acf2ac5c1b674313561,qiboteam_qibojit
692,8911fca8a59ec137d348e416093d2724a0f83d69,qiboteam_qibojit
693,896bafb3c814fd93ada913df72980c981f8e2d5a,qiboteam_qibojit
694,8970b546ce13e098fabfff674b0d9ca789db9739,qiboteam_qibojit
695,8993e639e18520197d429825657cb76e7796029f,qiboteam_qibojit
696,8993e927c10098f33722059e3c98987e811eabe6,qiboteam_qibojit
697,89a1aa796c32e003add9b6e3c0a983ab8ba6548e,qiboteam_qibojit
698,89c6338fce240696d201d281aa591339a23c05b8,qiboteam_qibojit
699,8a1444c210a8140808881ba28386796bd71c0281,qiboteam_qibojit
700,8a8d49310d7a6f901e30372e09cabdc8c71359e4,qiboteam_qibojit
701,8ad2a87b67e4192c3ff058e9afc53c6336666a68,qiboteam_qibojit
702,8ad58e8fcd50c4c0903fa78aecd316496b87f3d9,qiboteam_qibojit
703,8af7ad2d76e9428bf5b53536a467134859c7a1ec,qiboteam_qibojit
704,8b007aa845b8880933df85285587375a94942f19,qiboteam_qibojit
705,8b5fe364eeec402a6ec9cf020604960790ee8e13,qiboteam_qibojit
706,8b7d26f617caa1f3ee6af1f525745561d65a9e99,qiboteam_qibojit
707,8b80bed50df9295d68338b764aa361936e2eb843,qiboteam_qibojit
708,8b8d031b410f5b636cf4c8af02bb48bfafceb22c,qiboteam_qibojit
709,8ba3a56284aa7e4cbc8d6ba58bb945e6317bff1e,qiboteam_qibojit
710,8bde4f9c77d7031b25018368f0397827a349afef,qiboteam_qibojit
711,8bfb628dcbf50a4e73ce85196ff3845d91c0c189,qiboteam_qibojit
712,8c1749abf62c145a1aad13617810adaf32a85851,qiboteam_qibojit
713,8c46f4aa5c5593c021cb43de30ac5eb10487d0bf,qiboteam_qibojit
714,8c78ac8a5dec8b4e3b46e90f457b936d227066ec,qiboteam_qibojit
715,8ca13a718f3b38ab0f8be95d0976483520d4e4e5,qiboteam_qibojit
716,8cc4350be29ef0c4b05db5ff5d25cbde446b79ba,qiboteam_qibojit
717,8d1b61cc96f949b8d95c9ff1c51e49b939bf28f2,qiboteam_qibojit
718,8d1c780f3c7a871166928abe11f8a2a0c7e4d495,qiboteam_qibojit
719,8d4352d891ad9d37ab83535066d7e5bfdd92e520,qiboteam_qibojit
720,8d88895e1cac975026dcede3f71c09c5a3430089,qiboteam_qibojit
721,8daa3750116ac090f9bd226c83fd08c12f8217b0,qiboteam_qibojit
722,8dd153ae98d55eca39f055761c089588a4fe4662,qiboteam_qibojit
723,8dd73f0463d37439dd3dd8125ede3d0767bac676,qiboteam_qibojit
724,8e29f4b823e978f6e340c970e17b7fe131f5100e,qiboteam_qibojit
725,8e3f6403c7011221f5f3848dd5d7a2a2e270c1f6,qiboteam_qibojit
726,8e5706f1c0a0f325ea4862d6b473a397ceed870d,qiboteam_qibojit
727,8e871a022d7a55367c235ef37ae5e435028e58ca,qiboteam_qibojit
728,8ed1481d21107d493c6c0b98dc421365e039ad83,qiboteam_qibojit
729,8ed3e044cf97437ffcac2ce6a0d4b7a955a3f7b9,qiboteam_qibojit
730,8eed73758d2bd7c1275d191e6ac0c34fa60ed211,qiboteam_qibojit
731,8f10ffdfb16426f464c0795715aadabcb0d3e93f,qiboteam_qibojit
732,9080a4afa139d9cc68874f077818298c6f1bc9b3,qiboteam_qibojit
733,908380103702f89b77be4847bf968f5b31b1a5ac,qiboteam_qibojit
734,908a8e1c250eaed68aa1ad6a198a4458f2f2503c,qiboteam_qibojit
735,90a6a0e1165ef29d0d2012b2aa1210e77ccc67ac,qiboteam_qibojit
736,90bd944255f4b63468d5270ac641bc8bbcdb771a,qiboteam_qibojit
737,90fbb5572d3ba7b1363b579f06313608d42e9b04,qiboteam_qibojit
738,9109021a117d294f8b8e61de3772e5d41dafc540,qiboteam_qibojit
739,912a54ad8b43a09cd91fb4060d541d7e7f3a2eb0,qiboteam_qibojit
740,912b985b7118d7ae283bf86da74e04e4a2da5917,qiboteam_qibojit
741,91c702332d74eb3b3f9121726fdc5f039489b036,qiboteam_qibojit
742,920119a4f3209414b90654b33f8d5fb770cbb7ee,qiboteam_qibojit
743,920ac559a797b4ab53bad707d7a11b281c81583e,qiboteam_qibojit
744,920d977b99cd8d6b27d5f385f518d01cdd300e96,qiboteam_qibojit
745,920e8eeff53c04c0f6263e664a56de3e19052f8d,qiboteam_qibojit
746,9233195272b1316cdce4ec61821bfd88cb2e7d71,qiboteam_qibojit
747,927e7f072966d8657e0de8c03b94482e485e3420,qiboteam_qibojit
748,933a0af72aa8762cf17255c1b718a208bf4ee3ef,qiboteam_qibojit
749,940ecb4f38947f98bd2922102c31f000a4b4ff0d,qiboteam_qibojit
750,945a7aa66ed5b53c39666a8ac881a3810aee8b27,qiboteam_qibojit
751,9467ff907226813522ae3d6d4acf53d7e26d2bb1,qiboteam_qibojit
752,94bf5058a665a58989fe3136b2bbf493aa73abc9,qiboteam_qibojit
753,9512a82b1f0ecce38c0f3c71063c3fa52b68108f,qiboteam_qibojit
754,95353c32b057e0f1419df1cfdc2f5b21657f3726,qiboteam_qibojit
755,954d5e0cfbd299557ad5fb2b7dcad8479e35ca75,qiboteam_qibojit
756,958e46ab37ae678e0f54de5e6d6bec952d3492b9,qiboteam_qibojit
757,95c47e8a30ed0004c5aa77f251b94fd5c0d0dfdb,qiboteam_qibojit
758,95d26e7da1565a5abc1fc4ee2e669ab566265099,qiboteam_qibojit
759,966c189d616a7c0fefdbcf420f0b6a402f224591,qiboteam_qibojit
760,967f891a818a9b82ef16b32e2f0d503886e0ea05,qiboteam_qibojit
761,969604858379bdc8558504468ea3942a7c8ab487,qiboteam_qibojit
762,96a929c31720cb574b09e20245315df19a5b0f5f,qiboteam_qibojit
763,96c2083d36e2cff2c05810f94d0e09b2ef770354,qiboteam_qibojit
764,96ff762ff93473efad017a5f2955b4b95813bec1,qiboteam_qibojit
765,974632f312f83fc4735b445125dbae5afb3ca9c5,qiboteam_qibojit
766,975bdfb1a3bb9f6cd1b32e735b0e6ad2e6bc271c,qiboteam_qibojit
767,979f8b520378b0254c49ff2c2ee384562d049365,qiboteam_qibojit
768,984a06aa7caababe773d4a7ff57e1909bb29eb0b,qiboteam_qibojit
769,98ab92b3b590be2a7d7b125de6f0b4c1a2b21de8,qiboteam_qibojit
770,991eed8d084536f89f843680f526d6711c10c453,qiboteam_qibojit
771,9949f529db3f86cc976d46993b92aba99f52d6cc,qiboteam_qibojit
772,998345a31c610147767c5a91aba12fa7b53e9042,qiboteam_qibojit
773,9a2cfc19b245992dbd52fdc00db9934fb351cd43,qiboteam_qibojit
774,9a781573fd49ffb98a107642f88e879993e04973,qiboteam_qibojit
775,9ac1d6165de6255df8119a142cf7d96037b2fded,qiboteam_qibojit
776,9acd8861fa3f8c053c7709931efd7035137a61ad,qiboteam_qibojit
777,9bd4c3605c09f1c4716baaf1b1481016428866fd,qiboteam_qibojit
778,9becb97460a15e2839ce8113ced183b5f288d242,qiboteam_qibojit
779,9bf32ba2d99df3cbe604ad77c5e8d1a441c5a9b5,qiboteam_qibojit
780,9c4d8cb1dd6e432595b2e5c706724a5e1583a477,qiboteam_qibojit
781,9c6beda850443d018bd2ee49b19bfec0bc4123cb,qiboteam_qibojit
782,9cd5d44d13c27b36352811e857eb4ea229bddd0e,qiboteam_qibojit
783,9cd69ec78fbe46983fc4befc3d3024fbbe55c427,qiboteam_qibojit
784,9d1a7fea7f3ee455c0715df341a8549e95286502,qiboteam_qibojit
785,9d2540736bb74c317061bbdd906166035e07cf15,qiboteam_qibojit
786,9d2d7de3e40c343005964c166ce70dbf5724ce8c,qiboteam_qibojit
787,9dccdcbc91471e0d1714f7d86ba50e8b8486e7ff,qiboteam_qibojit
788,9dde1c62b086104812308ad9b2067b50a71b43f3,qiboteam_qibojit
789,9de637541c250df7e843df20685ba0fab4806223,qiboteam_qibojit
790,9df2cb9a00a4580946fb36ecf460fbce582cd9a5,qiboteam_qibojit
791,9e7dcf7e97767ad653514314a7149535743428d5,qiboteam_qibojit
792,9ed5cd678af60eff08301be613fa24378bcf3e49,qiboteam_qibojit
793,9f17092f78293ca2a7e70489c1cef35674efeca3,qiboteam_qibojit
794,9f412efe2ca8783cd5a852d87eb56d5cf052b7c6,qiboteam_qibojit
795,9f4c0598c4bdcf12db8fdf90199653dec8a0d9c7,qiboteam_qibojit
796,9f55bf97a74cff47a68bc8f4aed1302449aaff05,qiboteam_qibojit
797,9fd8ec178b1b9561144ea6cfc8ce9a18dd5752df,qiboteam_qibojit
798,a06982f4cc45eb027d5e4a880255706494e0b9a6,qiboteam_qibojit
799,a070fbc10f462285ca7be76e01309f2dcf3ff3a4,qiboteam_qibojit
800,a09b5de0248f9c702e1bdbb6717ae694ec247654,qiboteam_qibojit
801,a0c4047d55c4a9b29c9d253259cb9e0e9632bf84,qiboteam_qibojit
802,a0d61f01029fc254ad4232d3dcd93233eeb86188,qiboteam_qibojit
803,a0d72855e0545a3edb4dad75733c6d0e4f86f384,qiboteam_qibojit
804,a13fb2d59edb2aa2373aab5b70fd772b8ca40e85,qiboteam_qibojit
805,a1405fe6f1b1b250a4c5ee6af8dc896028efd16a,qiboteam_qibojit
806,a15e26486d6ec54fa5e32a29e8bae24699d7b889,qiboteam_qibojit
807,a177c45168cf5737650e97ea62613fab9a3e57af,qiboteam_qibojit
808,a1c95cf6888c2de9e22a484ed20b9d80bab2fe15,qiboteam_qibojit
809,a214ca46e88f435afc66425ff3c3e1af436899b3,qiboteam_qibojit
810,a221f8398da65fc4e022da7af1b804c32bbb484a,qiboteam_qibojit
811,a234f6772817fa09990d8246dda2677d9aaf63a0,qiboteam_qibojit
812,a26656b245a382126dc8735ae0cd44422893d75f,qiboteam_qibojit
813,a29b0a31704fd78e7f3a3c2d5ad99ddd41850d23,qiboteam_qibojit
814,a2bb23dbd8683d8a2d71a01f42f4397dfa764880,qiboteam_qibojit
815,a2fc0851764a19a2b079188018d262ac61070777,qiboteam_qibojit
816,a301158f923bda5f9874f468fe08829b649a14e6,qiboteam_qibojit
817,a33a8b407546b6ff0ed3dc0d0c0a8d0edbf4151a,qiboteam_qibojit
818,a38dcdad9c67c8a9741646889c4eeb5a16893383,qiboteam_qibojit
819,a3979faf9316622c5021acb1c44e6daf90207095,qiboteam_qibojit
820,a3b363fd2ea22fb291739714a9fcc5dd4804236d,qiboteam_qibojit
821,a3ecc360985c05732351126e0aaf93b00b5ae9b3,qiboteam_qibojit
822,a41034d87be26876feccec383908f1ef3582804a,qiboteam_qibojit
823,a425c65912367d4b223c19741e676181c027ec7a,qiboteam_qibojit
824,a4730a04db23aa56892a18c775bbc1df69d773c7,qiboteam_qibojit
825,a4777ee0d3ba3ea479cc2e047f8f6ed03336eba9,qiboteam_qibojit
826,a47b0e8cf05ecae8f7cdc23b40f550756000ac0b,qiboteam_qibojit
827,a4f097d269026b95f12faf971eee64f048ab6ba5,qiboteam_qibojit
828,a4f1cf49fbd5c1156766213e35871b571bfe03dd,qiboteam_qibojit
829,a51cda23022f9caf38b8ba841888387cf6d233e4,qiboteam_qibojit
830,a5215938e6eaf38d0e9a3428ee63fdc443af7987,qiboteam_qibojit
831,a5c92e1abaf154ced0543674e6a7b85750121373,qiboteam_qibojit
832,a5ec0b54bf84b72ce11ee820e916f6f403e5a676,qiboteam_qibojit
833,a622b02f24d5c8e03cec81ff594105a2099798d6,qiboteam_qibojit
834,a6287ebf097e31108b19d2c207b1bd64ce79c771,qiboteam_qibojit
835,a62a372de7d51afd9849ad7a684575954c1af61e,qiboteam_qibojit
836,a6443b9105c7c38460b9fe2f83f7115038c97761,qiboteam_qibojit
837,a671c5eb16487349eff5f9c27f464f7d955661f0,qiboteam_qibojit
838,a680a245b0442597b328dfdd23e1c2e8ed98ce43,qiboteam_qibojit
839,a68b3b6190d1d05b6e390b88ee340d6e275f2867,qiboteam_qibojit
840,a6b0e26514c58c2315161e54604182f9d114749d,qiboteam_qibojit
841,a6d1add0512c645fcfc93627e8e632a365982381,qiboteam_qibojit
842,a6fd625bcd456be2832811ccf685fa71da2b31f8,qiboteam_qibojit
843,a703c0b65ec59ea16c98f411e4575df3948a0122,qiboteam_qibojit
844,a7371cc5e67651ddc9b7b6357df70fe86b1e0d3b,qiboteam_qibojit
845,a7b6d22d511e3863f801e0fa211db594471815ed,qiboteam_qibojit
846,a7d2b8fe786c0df4a22e5694333c16fd36aea707,qiboteam_qibojit
847,a7fe87bcbf69ba183446761ba4b3a8466b0a4357,qiboteam_qibojit
848,a82859cbb2e175dbca11d63c294333a8199ec46a,qiboteam_qibojit
849,a85b3bb89a4decc19cd7a00977b8914457c0f0b3,qiboteam_qibojit
850,a887f9b47f0259e3adf62a1ea7983389715c240c,qiboteam_qibojit
851,a88b8d24dfdf10853dceac52e42bc564120ab9f9,qiboteam_qibojit
852,a8a5395fcbd5dbac1a8fa65af369e0514819a038,qiboteam_qibojit
853,a8b9c6f0e26d60795a9cdab43639e59d1e0ab010,qiboteam_qibojit
854,a8de068e5f30eddf31bcfe8834051a32a494956d,qiboteam_qibojit
855,a8e6eac69a8b36d59aed0266043538addb61feee,qiboteam_qibojit
856,a92806f8335b16350d38a09a71ada37c5ae3c132,qiboteam_qibojit
857,a93a9b1aeb245dbf1fa6ae3f1f30ffbe3a14847e,qiboteam_qibojit
858,a95d8c7057378dbd19410e7ba2dac688a639f179,qiboteam_qibojit
859,a97fcfc3b384bdba157f94e94af8037fb144496c,qiboteam_qibojit
860,a9e1b9450286763a2da65ced59f0359ad857a306,qiboteam_qibojit
861,aa3a150cb0750122703b0c1b43d485aa01c4193f,qiboteam_qibojit
862,aa5d381f2720d83962c09fa1028e81d0d0554d80,qiboteam_qibojit
863,aaec6564fe30b1ea11d55eea33741d1a7cde7f9d,qiboteam_qibojit
864,aaf19ff7798f6e22c81da86edcbcefa3f38cd932,qiboteam_qibojit
865,aafd7824d2c80e79c9bc55780bfe25d0b24dc28a,qiboteam_qibojit
866,ab07e2f5656993d076e18bfc317eec4416d2b97c,qiboteam_qibojit
867,ab0c130cd173beca0baf43f396a06095b1df8757,qiboteam_qibojit
868,ab62619c2533aef643f9301720d9e2f3b2f27425,qiboteam_qibojit
869,ab63efc7ef280c586dbed008c2243ddf31589198,qiboteam_qibojit
870,ab97d59e3a86dd978bc5c9a40145e57ec15976af,qiboteam_qibojit
871,ac616bd266090675187bca3a982795d8c2afecda,qiboteam_qibojit
872,ac97528163ff52ce18d8880a36e57d040f8052f3,qiboteam_qibojit
873,acaeab7cbfc1f63de6ace5fd49a12a0dd15c1b02,qiboteam_qibojit
874,acb192144ae14be0f51856d8e18e7cc1ae70b860,qiboteam_qibojit
875,acc08a06de24af6bc6138da8f5ff615160fd3299,qiboteam_qibojit
876,acfdeb2db1fde85e56f708877c81051ead162a60,qiboteam_qibojit
877,ad1e0d46ba02d68169d31a96a58a3e9f63de7d17,qiboteam_qibojit
878,ad203f6b87795dfd9a73bc64e634bdd6b62f87f5,qiboteam_qibojit
879,ad2d3b7469226859f5b99e181cea129dbbc8bd9f,qiboteam_qibojit
880,ad362dde42edcbc59e90097a0435fa1207088246,qiboteam_qibojit
881,ad5f0b8f04951df4ce94a8c371dc8a452d31f2c8,qiboteam_qibojit
882,ae2c6483e9d690fbb849297fc7de9e9aaf6179d4,qiboteam_qibojit
883,ae546ef2c5972b78f23517c02d9d91eb14b67796,qiboteam_qibojit
884,aeb190ad08edbbd95cc6b64cfb3f87f13c7b1bf8,qiboteam_qibojit
885,aed927a9b95e1dcb3af475fd34187cae658ebeb2,qiboteam_qibojit
886,af000f3e3db7e098852e70168c372d0026382aab,qiboteam_qibojit
887,af0ed0cd6f143ad341cc00716993cf5fef1bac55,qiboteam_qibojit
888,af427e8b94feed72cf172c0ad75535725bae72fe,qiboteam_qibojit
889,af6c82827e4b5c31ab65388009dd69ef907bd16b,qiboteam_qibojit
890,afb2797a0c5965292a7a97eb9429f16c8b148a25,qiboteam_qibojit
891,afc5b4d5aecdce6ec059d3ae3ae3f3ebc5f1e11c,qiboteam_qibojit
892,afd70b735be67a5da00ae1a1971564c2ec0004c3,qiboteam_qibojit
893,afda1a8fa2142c423e643e0df84e69799ce2b8fe,qiboteam_qibojit
894,aff616e0cb85e01bc0a91d783704b24049aaaeb7,qiboteam_qibojit
895,b098d7880bd932dc74236e615e6fdaa9b612245a,qiboteam_qibojit
896,b0a2a6a9db31f53810d6f1ae6a61518fb629bd88,qiboteam_qibojit
897,b0bde8bdc0f09fc48df5a405f5bc30e232dbcfa4,qiboteam_qibojit
898,b0d4a66c39e7261648cfae152478ec467d3b7330,qiboteam_qibojit
899,b0f31695e5642f283370f0e4a54d92fc3cf79869,qiboteam_qibojit
900,b0fe60ef48f003113736c530a366d38b7cceeb84,qiboteam_qibojit
901,b13a6c570ede4cddd4d8602fab47ee935be269cb,qiboteam_qibojit
902,b163db6dc91260f8c2592254f2af261dbbccdf05,qiboteam_qibojit
903,b1d24b7fb69d2667f13b89b7b61cf81c363d500d,qiboteam_qibojit
904,b1dbc6e3f0ebe60538c5718659f4fb3d54c5d562,qiboteam_qibojit
905,b1fae1105f0f1f8952d71aba1decee1f681efc97,qiboteam_qibojit
906,b246086ac0f4d8dcece856d6f87cc3bc018a5613,qiboteam_qibojit
907,b2658ea2e3ba535427684c06c3a2ad7e8a5273b0,qiboteam_qibojit
908,b28772f1fe1ec1ab139014deaf0ca9a35516cedc,qiboteam_qibojit
909,b294978a0229091e8530a4cc2efc8cc34e3184c3,qiboteam_qibojit
910,b2f73bc52d1202bca9885e7fcfe16f973e4b7c2c,qiboteam_qibojit
911,b2f8a95e93f603bb46e6cc907ca7941074405d05,qiboteam_qibojit
912,b3020fab5145eed928b05731c597ce6f98b05f7e,qiboteam_qibojit
913,b32f503452127ac915b20af773e29694b5b64dd4,qiboteam_qibojit
914,b372430c96e595332b7b078638558844257bd1c3,qiboteam_qibojit
915,b377d7131184fe4b3269a02bb7efb1662d5a6420,qiboteam_qibojit
916,b38492a88d9bb6c8bb875d712a9c9403a1b3923b,qiboteam_qibojit
917,b3c495609f562b742b448fb81e91c46472187f0b,qiboteam_qibojit
918,b4385282ca3357028b05ea96f340edcfd6eb3ec5,qiboteam_qibojit
919,b45145567c4074ceebb7f976eaf56ce44e57298f,qiboteam_qibojit
920,b4514ad804f5a36091674f762a4394f2b12f7000,qiboteam_qibojit
921,b4771e135df707c489120bdfe961c958be97946f,qiboteam_qibojit
922,b4fc849cdd23c554787206a9dea84413cd7684e4,qiboteam_qibojit
923,b50bf2b6136d6f6cbbd4141c985cee03ed31279d,qiboteam_qibojit
924,b5605e2d569047e2c26e2a6f6144c27634d50215,qiboteam_qibojit
925,b58583faa855cdc03dac877c3dffb857b6fc3bce,qiboteam_qibojit
926,b5b66dad9c13dd65d2ca7a45a1a473ace8582130,qiboteam_qibojit
927,b5c043f7f361e24c3c5237a92f69a0896bf04c04,qiboteam_qibojit
928,b64015d75888334e5d095fce888cfb2aa2516387,qiboteam_qibojit
929,b6748146ec65db513c2bd81c86f3885362bcf542,qiboteam_qibojit
930,b6ebf4facf3e99dbf57472248d61ec61ed7f767f,qiboteam_qibojit
931,b7352c7c68c7f62acb936b4fe64a578bea0f20e6,qiboteam_qibojit
932,b75ed744e9fe7c02f258ed93df6108a18112cd7e,qiboteam_qibojit
933,b764f54b400d505c29606e5057b937fe3f040126,qiboteam_qibojit
934,b77022c4d850cc39ae34e7cb4af6772c661a5f29,qiboteam_qibojit
935,b7828052c4cc847d44af6159b01508ceb8f6c17b,qiboteam_qibojit
936,b7dac2f790dfd93199dcaeaf8fae4d63e6365d63,qiboteam_qibojit
937,b7e4cd4ac648326740b07f33439213acbcefc75f,qiboteam_qibojit
938,b7f1e73a12578f8c9b6f500b79c8f03ad399b253,qiboteam_qibojit
939,b8b0622e669d0b1a6badfa4580b7bfdc402fcdf9,qiboteam_qibojit
940,b8d0fc022e11ee813662228465ce8e4f33ad973f,qiboteam_qibojit
941,b8d6a420d1fcb0d2469f9d8e3e2b644ae0c68662,qiboteam_qibojit
942,b9a1de9c9183249951896cbcb4b53b7ddad4cf86,qiboteam_qibojit
943,b9a6d7c1f84b604c4c89ebd70aa3fd58294572ad,qiboteam_qibojit
944,ba566b4e6d58bc2de31cc79932d6311c3b2997a6,qiboteam_qibojit
945,ba7e09ce6308c1bd875aba4351e81e619edeea53,qiboteam_qibojit
946,bab04c70a9d87f42098745fb9fb475d90913196f,qiboteam_qibojit
947,babd4d3748f40fcfecb3eb9616d24e00f0749996,qiboteam_qibojit
948,bacf88efd7b9cca98fae22fcac57bb7d6a9397a0,qiboteam_qibojit
949,bb251ab47e1bc04295ce0a7d0ec5acce3e518535,qiboteam_qibojit
950,bb662a6d730e7a3b30b6bd5c3659987c4a1e19e2,qiboteam_qibojit
951,bb7cc10e02b2f362cb10627bf417b58421ee643a,qiboteam_qibojit
952,bb812feb1ecee8525658c1088ab752ba9e7bd231,qiboteam_qibojit
953,bbacae8b780e32059d2a984e65a9f9afaf1ec858,qiboteam_qibojit
954,bbcf57bbf14b2c2e64e1c32c709ac0570ab8cee4,qiboteam_qibojit
955,bc1c06ce7a2803588b5949e0fd080c8d1e2537aa,qiboteam_qibojit
956,bc644737f67df044541aaafd71301e653b9ee5c8,qiboteam_qibojit
957,bc6caa4187bbddd07f7f95e65c2d6b200e4f88e1,qiboteam_qibojit
958,bcdd7c07ec1ff183d2a3d00d6aefb56b66da569b,qiboteam_qibojit
959,bd1755c3736eba5c45a2ec89c81a3ed1eb632260,qiboteam_qibojit
960,bd3a0576a51792452a45f9892c874a9db93967f7,qiboteam_qibojit
961,bd4bd63a504fbef573a56a67464b0a94dc2a191b,qiboteam_qibojit
962,bd6757219f726e59d37bb37ad8e65ac78dfc510c,qiboteam_qibojit
963,bd7c9b240a45606bc15561932bbc8803c33ee978,qiboteam_qibojit
964,bd9e7e7381f5e0adb48b0cc7a26c7d161769ce1a,qiboteam_qibojit
965,be555088458ed556180edb13e1a0d9d258e9ee9a,qiboteam_qibojit
966,be879fd168544af8e16dedded79ed6ad3eda835c,qiboteam_qibojit
967,be9f05ef7a3cecce20fdb3280f87fe828cfa6e80,qiboteam_qibojit
968,beabe9e427ec798415546d456cc1750fe819b080,qiboteam_qibojit
969,bef13079b16a8dccb4423a2e0225534abefa0fd0,qiboteam_qibojit
970,bf29376b26abec3774c8cf51ebec3bf3ed913848,qiboteam_qibojit
971,bf33c667a849925bc94337583382012ae34de807,qiboteam_qibojit
972,bf3659b850634203c5f2a3e3b3d191ed550869f9,qiboteam_qibojit
973,bf90fc71a38cc3481ace399216a1c92221becd1e,qiboteam_qibojit
974,bfb8b94043c58e400982ef9a4cae21a4874b57a7,qiboteam_qibojit
975,bfc729651cd3d7a7d1e068cf22d40797f04e824c,qiboteam_qibojit
976,bfe91d6a340285c7968776b029b16910b4a5a732,qiboteam_qibojit
977,bfeae083f60ac64b54066c0b2aa97f7f07d4a36b,qiboteam_qibojit
978,c013976cc3375af87925169a523119d36f385067,qiboteam_qibojit
979,c02e38ef2ae13eb36fd9b9d40c084931dd2b0c3e,qiboteam_qibojit
980,c04291a22903b18b35bdddec56d429d07f48b802,qiboteam_qibojit
981,c054240399b4fd5c52e9cdf43e83fa4744b64069,qiboteam_qibojit
982,c07bb4a21e35d750927659509de9b53095594efa,qiboteam_qibojit
983,c0bca8ac5a17bc73105da31da46bea09543c5441,qiboteam_qibojit
984,c0bf1d93b0205793582226c8c679ac124553e7ac,qiboteam_qibojit
985,c0d7d9a9f7475f6b3396b1257156a5b225f09ad6,qiboteam_qibojit
986,c134639a4a2c441316777c987ce769b2342f2c62,qiboteam_qibojit
987,c1447662649535ce7a8ac7aef1b1ac946c730e34,qiboteam_qibojit
988,c145667f16b91fca96f327d6ca7276b0d2315fed,qiboteam_qibojit
989,c1753e7d1710c835d64809179ff3c78ac31ad7d8,qiboteam_qibojit
990,c1aca16f28c79e51eddf5eca54204aeab5016e03,qiboteam_qibojit
991,c1adb7f163814794b1bc2c1996cdc8ff92b39015,qiboteam_qibojit
992,c1dbea859383d5b027d48c9dab90ebd26c51ec97,qiboteam_qibojit
993,c2029a4916e2f8d999a771492a24d74c6e315a8c,qiboteam_qibojit
994,c208953702a1925260af5ad6291d4a3e38dd226f,qiboteam_qibojit
995,c234f3af620c1afffa9d077724653fc61bdb6784,qiboteam_qibojit
996,c25f503eb47f0aca0539ede4547f011a7eefd24d,qiboteam_qibojit
997,c2b8bda53e7468c38a693cc955f6003a20fc3bd0,qiboteam_qibojit
998,c2f82683c06a4516ee8e40fdfcca316e74533991,qiboteam_qibojit
999,c34ba49a5b0e4efd0ca3b28add8d9d1da97f78b8,qiboteam_qibojit
1000,c34dfe120ac1a6cf50d6c7ac147e5938ac3659a9,qiboteam_qibojit
1001,c35c3da85f5c75b7fd690d657dae58e914fa299a,qiboteam_qibojit
1002,c3c00877127a0ccaefe45610f822a8664bf93e4f,qiboteam_qibojit
1003,c3c55484c9fbf7a793de8e6b2938e4b3b12aceef,qiboteam_qibojit
1004,c4009f613875929f117b4098348627d66bbd6b65,qiboteam_qibojit
1005,c40f22b6fbf0a7b2a67aeb68c9fbe6f24fa561b1,qiboteam_qibojit
1006,c44838076bf847bd77f61af423ff6aa2a138e521,qiboteam_qibojit
1007,c49c426c99cffc8981a860cdca838e2c9591fe3c,qiboteam_qibojit
1008,c4a99700ba125c2c49bbe83d6cde22605cce5474,qiboteam_qibojit
1009,c4ac5057e5579c4257a5c7fc89cfe54af03e6f86,qiboteam_qibojit
1010,c54f60d17341b352eb369e8b773f1fb10c07f172,qiboteam_qibojit
1011,c57659d852cf848b66a9dd2c7f49d66ef18b5c84,qiboteam_qibojit
1012,c59a9ea6493ed0d5718fc553f3064dcbaa78fd9a,qiboteam_qibojit
1013,c621acf3c8b8ffaaa67f76114b5ab9a086aea6d8,qiboteam_qibojit
1014,c6f0b09560914808b1c3ebf66a8fe464d946d2ef,qiboteam_qibojit
1015,c7108744caefb3feb948a1de96ef6b2df1194c01,qiboteam_qibojit
1016,c733723b3e1e873ccd3d47a60ec2833844f82b40,qiboteam_qibojit
1017,c780003865ad156f981c1a6632c11967eca06919,qiboteam_qibojit
1018,c7869a9230c2fc74582dee4536d34a1aa09b3ddc,qiboteam_qibojit
1019,c88f4af15f9fbb9f0d7cdea0e16611f569cc990d,qiboteam_qibojit
1020,c89a625d93bff07d858aaf59efd2f5b02ca26034,qiboteam_qibojit
1021,c8f587466e633a8a18e47413d321c866c69f6ecf,qiboteam_qibojit
1022,c907246d79ff0d71dbc31e79068900efaaa1b7ab,qiboteam_qibojit
1023,c94d5a03c7a08f529975733eedf0144882f214a5,qiboteam_qibojit
1024,c9589abebc389ba8ebfeccd4d94b732803eaeac5,qiboteam_qibojit
1025,c968e1415a8d673ca0c223137d2b3a01cf6fe2b4,qiboteam_qibojit
1026,ca457c1adf5fe83490027b149137373d50ee0748,qiboteam_qibojit
1027,ca5e6e9e65b9a4f805556787b42b46710e9394ae,qiboteam_qibojit
1028,ca6d5cc2b83012089b5145465774c97ef752be73,qiboteam_qibojit
1029,cac8109180157db3b4529ed2b30398b333feb5f2,qiboteam_qibojit
1030,cad4398c679c932b1c939b77e345070fd7351742,qiboteam_qibojit
1031,cb365fb7e46203340b09638d5e98890888bf5031,qiboteam_qibojit
1032,cb3dc89e7936298dea79ba88b778e77e7555f408,qiboteam_qibojit
1033,cb3dfce1cc4263d3fe3feb267ba851fc01a5ad6b,qiboteam_qibojit
1034,cb89902d0378cf2d75861a5c9998d395411f598b,qiboteam_qibojit
1035,cb95de695e92b89c2e495bd9b35d901731fcf51b,qiboteam_qibojit
1036,cba23999c3c678b9fb5f5aed101e44c52ff6baab,qiboteam_qibojit
1037,cbe5f27ce54f7460a6029398ef6d0738b3aa73c5,qiboteam_qibojit
1038,cbfefa8db30bd900007582451f1f062ef71a5b3a,qiboteam_qibojit
1039,cc53e68df7e38a986654a7e49069a4f778f044f6,qiboteam_qibojit
1040,ccc8ad17e72c85395814cb5f70f2b0729c050a50,qiboteam_qibojit
1041,ccf498b9593217d450b0afd6c3a5ee42df7044f6,qiboteam_qibojit
1042,cd8b7e7ad2314fe5ce2ce9b08622c1ba44b30ca1,qiboteam_qibojit
1043,cdc08b89217f77c43b5addb42e7e49a2d2f57066,qiboteam_qibojit
1044,ce2d33c1e63d5b13d3923c3fff7bd0ba655581b4,qiboteam_qibojit
1045,ce4f083cd9d92e7b11484f8465269fb926e5bf0d,qiboteam_qibojit
1046,ce537c898e7d1a98329eaaaf359db01ccb60499d,qiboteam_qibojit
1047,ce82a33249f9a4d5b1935d88bea4b2f1307828ea,qiboteam_qibojit
1048,ce95025357ed6263532aa2bd9994063cf0dfda09,qiboteam_qibojit
1049,cebea30722b42fd3a36fc4bc4ff28e98836f2e59,qiboteam_qibojit
1050,ced4288613a9447f2f308f583796a0cc1cceb510,qiboteam_qibojit
1051,ced720ed4f82ab9fa4c55183b57a12cba48229a2,qiboteam_qibojit
1052,cef392b939766bf02725863c7837d8a738e59756,qiboteam_qibojit
1053,cf0acda7bda4b3f701c0473f4028ebcafc537369,qiboteam_qibojit
1054,cf351fb34b2b85a89ccde6569ef38045be07e019,qiboteam_qibojit
1055,cfc43f039e1df0038453ccf80506ed60e41a4f58,qiboteam_qibojit
1056,d027805637b0048a5a47439c27a96f62f92d1bce,qiboteam_qibojit
1057,d03c49be87500ae0932ec69234f75edb06036d25,qiboteam_qibojit
1058,d053b84721bd940fc37ee2de322969121e339222,qiboteam_qibojit
1059,d06c76c8c04bebd070a7ddcba738284ee0f3bc5a,qiboteam_qibojit
1060,d0e807632c6847a4fcbaafa4bb841ad738fbd709,qiboteam_qibojit
1061,d0f9549491d4c4fbb8cc5b4e430090691a136162,qiboteam_qibojit
1062,d16c4731e4f7d3aa19ee2ead749fd29e46d236a6,qiboteam_qibojit
1063,d1bacb0007eee118ee2358673bd9b9eafa3b54f0,qiboteam_qibojit
1064,d1c47fa6d51de1fe08be7e77077561864801bc7d,qiboteam_qibojit
1065,d1c72a34634cf5317343da2a62ddae5274e4add0,qiboteam_qibojit
1066,d1d5d2e70b54b9e06adc2ce5c8f7ef84dabed5a4,qiboteam_qibojit
1067,d1f81fb25c1062c060656d1847e32f6c7c39cf2f,qiboteam_qibojit
1068,d22904820c7dac9557f290522d7c98fced012483,qiboteam_qibojit
1069,d24ac3b7f92230319fbd593d7a7dfb1dc15ef03e,qiboteam_qibojit
1070,d266b0d13eacbc70b7457070b8beae9ca8194ca4,qiboteam_qibojit
1071,d2c376eb360df03aa68b59374bbe3fd57f8e34a2,qiboteam_qibojit
1072,d30f6ad0045d4f5ca296f87c1bc7c8ca1ceabc14,qiboteam_qibojit
1073,d38ce910420a427d21876f3e222d0efe8d1f6e95,qiboteam_qibojit
1074,d3f399c1a0412a05472b7dde4d8518c515dfacf4,qiboteam_qibojit
1075,d3fdcdc57a43808ddb4fc93fbec0dafd885ee8ab,qiboteam_qibojit
1076,d3ff74eae6f18dfc7f68a4c3bcead31f6665c5b6,qiboteam_qibojit
1077,d45da90f4cc4b70d90bd5d21c1b9224cfcfe5ba0,qiboteam_qibojit
1078,d46aea54aceca83760e007e282dd9f31504bed29,qiboteam_qibojit
1079,d4ce78c873f48da8faaa09a712662a3e82f858cf,qiboteam_qibojit
1080,d4d8816d7fc4549dafdeaa1361ecd6e27550f4f5,qiboteam_qibojit
1081,d525abc199652fb6340a26ac25a9d6cb03334379,qiboteam_qibojit
1082,d589890f1dd5bf3135ead064e9ca4dde5e3f8665,qiboteam_qibojit
1083,d58baa342d0cf1342b8fee8fdf6764fe70155b1b,qiboteam_qibojit
1084,d59f565e144a6f1eca88ea71ba4be373ff57042e,qiboteam_qibojit
1085,d5a726862c36fb4508702d2e5fb7f214197c9e70,qiboteam_qibojit
1086,d62738fddbdd7f0c7c8b6463e24c18e548045ee7,qiboteam_qibojit
1087,d650a8b61b394fcbfd369be4d887ee4e2bf07d79,qiboteam_qibojit
1088,d66fb7a92b35b7f78db05e0489ce82323db72188,qiboteam_qibojit
1089,d6b90bef527e8b290551a9e7cd3b5bcd14049a60,qiboteam_qibojit
1090,d6cce8c04fad80e244cf1857e9602467e060d402,qiboteam_qibojit
1091,d6f28b07708378fc1d8c5090a163ac7b921a9f03,qiboteam_qibojit
1092,d7422f88643adb9cacd5130b42d32688c4615f9f,qiboteam_qibojit
1093,d74e1fa8ae737b96faa29d025b0ff0aa5f286d98,qiboteam_qibojit
1094,d754811205e229424bc5c869837a5939bd8f2ae2,qiboteam_qibojit
1095,d78c07f588eda5371ae83d119176e0157a1b69d8,qiboteam_qibojit
1096,d7f3a36f74e205e8b3a1c9118fb6881224618cc1,qiboteam_qibojit
1097,d7fe0623661e11f2556b834c0949c956bea47963,qiboteam_qibojit
1098,d7fff5832bb71106e56fe839cb44e4327efc78a1,qiboteam_qibojit
1099,d84f465f2c7b0a6e154a38b1fd5a8998c159e403,qiboteam_qibojit
1100,d8c62825e95c540089d77280011e3deb53646acd,qiboteam_qibojit
1101,d8fc3b5c0fb4937768c1157d1183b5e3737af217,qiboteam_qibojit
1102,d905a656b7275d4a69a4c3eafc1b726a562317be,qiboteam_qibojit
1103,d91a8f10d1e252fff4938c13f959ba10e0bbbf90,qiboteam_qibojit
1104,d92214ea0fc8cdc425275a9f462693e08dcd7c86,qiboteam_qibojit
1105,d92276a01f67c84a099009e6c37240cda7b25991,qiboteam_qibojit
1106,d951e0e476ac8db6dc058efe42556aa5f2ff3b71,qiboteam_qibojit
1107,d9599f36f852d503abe54fc215b3fce5ad19354b,qiboteam_qibojit
1108,da2ce52613b7012e00150a91e73c809bfec156ad,qiboteam_qibojit
1109,da329e77bf230b3cec517998dc51df704c8ed147,qiboteam_qibojit
1110,da39537ec0ddee176db7cbc7d1c27c1fa77fb5d7,qiboteam_qibojit
1111,da549b6e2fb8da19c33336d46953bc7e977097a7,qiboteam_qibojit
1112,dadf2ece85c560f261193352621e7b4324b6ac4a,qiboteam_qibojit
1113,db0bf468dbe1e8bf95eda400fe3bf51bfc0bdeb3,qiboteam_qibojit
1114,db430c7aa93383a4d7918fb000423b6a919c47bf,qiboteam_qibojit
1115,db605a560d7422147ef759a6b6fe2c3baaadd684,qiboteam_qibojit
1116,db92fdb3f19e78390d509f4041b9305e2ff61e01,qiboteam_qibojit
1117,dbedda95be9c0297fcd131d420ae76ae323ba6b9,qiboteam_qibojit
1118,dc19a3ec304f7d3c8e93782bb222429788061e34,qiboteam_qibojit
1119,dc23b690bb831f27cae1661bb6a872a1e02aed6f,qiboteam_qibojit
1120,dc2d2c92ca3c19549a2edb0bd7a271da6d715c62,qiboteam_qibojit
1121,dc4598ba9d1af692e500beecf2f479c6505fc040,qiboteam_qibojit
1122,dc5f8079cecaff9f943181d9830f255c775fdd7f,qiboteam_qibojit
1123,dc6278451bed4577283f023941ab376684f3253a,qiboteam_qibojit
1124,dc687a8ce953cfdac4406c61d7e470a73b06944b,qiboteam_qibojit
1125,dc793b21a5d074dfa0d482bc16bb3232acc714ac,qiboteam_qibojit
1126,dcd2034fc4b8d90acf9fb782346109aecaacb0ca,qiboteam_qibojit
1127,dd5bfc0280c2efc4fb9134dfecf1ff29bfc3406e,qiboteam_qibojit
1128,dd789306d6db8b2cebf0705fe9386b2e39e5dc76,qiboteam_qibojit
1129,dd98c1b3315b3f5246ca07c64821b06399a9ee1d,qiboteam_qibojit
1130,de19313b989cd05777bddb4d0fb71c7ece1702d6,qiboteam_qibojit
1131,de2753aaf98e21b762f4882f1f70a4c781d49aee,qiboteam_qibojit
1132,de4f440ec95565346b54e6fe3672d025f58e83bc,qiboteam_qibojit
1133,de78b0d879ee2d64b0fe28a5d7aaeb4b7f6e84d7,qiboteam_qibojit
1134,de924a40586d940079a572473dcd318315d9e743,qiboteam_qibojit
1135,decc9e739e2ec294530b33e258d2aee6c6bcb962,qiboteam_qibojit
1136,df23518a094c357c44598ab01530f4534be555ab,qiboteam_qibojit
1137,df3bdccb06b5409fe3d9d49123dbdab43ee295fa,qiboteam_qibojit
1138,df4d463bcb5e3bc7cf98eac21b278de1de5365e9,qiboteam_qibojit
1139,df5f2360bf89dace3bf6833cde7f0d68999da94f,qiboteam_qibojit
1140,df8b958c3703001722af531a063279aecefa99e7,qiboteam_qibojit
1141,df977b6b57cdebbf9e40b92a27f2f1d26a8354cd,qiboteam_qibojit
1142,dff6ad997c94d73e90251c235cb2c8c817f6322f,qiboteam_qibojit
1143,dff9aa5e3ba5a67f28536533b89630b747719bad,qiboteam_qibojit
1144,e0552de7d039f40c49fa4a4b685d0410683d22c2,qiboteam_qibojit
1145,e05624398cd53e91082f4a08aef7690872cdf1c0,qiboteam_qibojit
1146,e0a4edba39c1b5c1c87c51af00562de1a018a3e0,qiboteam_qibojit
1147,e0b23f62dbe31d344665bf165d4b75082009640b,qiboteam_qibojit
1148,e0cff64b8ae25250bbb36dd22a05b2ae969af891,qiboteam_qibojit
1149,e0f61efd0de5871a5cdcecc1b97d3098b86fa723,qiboteam_qibojit
1150,e1099e14aea322396068e5c1167935c26ca9fa55,qiboteam_qibojit
1151,e110ba1afbb18645be0a50fa712600e29713d549,qiboteam_qibojit
1152,e112917ba83e0466223e609a79dbc81db5e1ac5f,qiboteam_qibojit
1153,e1616be1fc9c173ffd06c6282a6631670d59d1b7,qiboteam_qibojit
1154,e1676ca91156ecc869dcd0a275b957eac0768262,qiboteam_qibojit
1155,e17206361f9bc6669e1e3944c64c1fe0fbe575de,qiboteam_qibojit
1156,e196781e7231db877a8da724e677e1f8dea61213,qiboteam_qibojit
1157,e212e31e34889c7b74a627702eb5ee1838be4523,qiboteam_qibojit
1158,e21e431a319d3ecd88d906b378e471f5987e1e86,qiboteam_qibojit
1159,e236bb0a47082593e55bf805372e053174f51395,qiboteam_qibojit
1160,e2a83eb762c622753cd419924b9231626b39a64a,qiboteam_qibojit
1161,e31bdee6cb7445aa910271dee2aacc73a0bd20c9,qiboteam_qibojit
1162,e34604a4942638ddb708b8af6f44751327b92959,qiboteam_qibojit
1163,e34889a83aee01bdd0a3ef981657cc642f5e5ecc,qiboteam_qibojit
1164,e3766d9e40d5e2de46e1044c5b43feb7759ba4ad,qiboteam_qibojit
1165,e39e89e314c099a469ca67e18b92e443dbeb50bd,qiboteam_qibojit
1166,e3a53d80662e07130b7581022ee2183113b08e43,qiboteam_qibojit
1167,e3a7ebb0bf7711e0df015fabf46238e13da1c847,qiboteam_qibojit
1168,e3c89da967efb706a996578449ef905de18a1035,qiboteam_qibojit
1169,e3e50854e17593278a9906fc970455a36a2daa46,qiboteam_qibojit
1170,e426a43cec61400b3b0c8b9f77057304db8fbb4b,qiboteam_qibojit
1171,e44c3751e8dcfafce4a9380b606e128e209f3dd9,qiboteam_qibojit
1172,e457c6e826b9256338b93e189846887c5f9f735d,qiboteam_qibojit
1173,e468a64a6cce16b342d81355b656ae66a6dc9815,qiboteam_qibojit
1174,e4a319986feeaeb5f755a17e9478eab8adb141d3,qiboteam_qibojit
1175,e4b87ef9cd3586b2e6c338afffae0b972fd6f5af,qiboteam_qibojit
1176,e4cd1d93b2d3bec8fea1b18c6c05ebbbe0158509,qiboteam_qibojit
1177,e4f0de213e42f659a0fe8234a9d5b9ddf7085cc4,qiboteam_qibojit
1178,e5049da38dcc136fbeadec72ed4fcc067d05de39,qiboteam_qibojit
1179,e5060af13ac36f6e9b5f3c42f2866206a98ab714,qiboteam_qibojit
1180,e56a0439c74e931e6767c4c9bb0bcee23219b9fd,qiboteam_qibojit
1181,e56d84ee69c4ae953dcb607d4be5f2ed06537ac2,qiboteam_qibojit
1182,e58737b2c4d3b4f0101e7d0121115b4e8d4b55b0,qiboteam_qibojit
1183,e5cae26e7af999e377cf948be55e093d85d54814,qiboteam_qibojit
1184,e5ede373431d853f31e29fa653d7af3d7f7f47fa,qiboteam_qibojit
1185,e5f572308ebad43efa4378107c0c1d1f9f237e5d,qiboteam_qibojit
1186,e6582749279ea09148bb529a4d25c9f46dc455ff,qiboteam_qibojit
1187,e65ab8684d35e3f73a2c0f621c715e521a0819ca,qiboteam_qibojit
1188,e66d4612e6d35377c771d51699bc644157aff5e7,qiboteam_qibojit
1189,e70672c1408da86feec18edd3014932284b2ec2b,qiboteam_qibojit
1190,e722545fc7762f3d0c16f3521a7c31773dbc8ef8,qiboteam_qibojit
1191,e72ef2be4282e060242a36b2d2f4baaf7fa703b8,qiboteam_qibojit
1192,e7769e05e60b3817b5e11330cfbf287ce6778750,qiboteam_qibojit
1193,e7eaa313c987a7e61ba4025821fee30eaa45d8fa,qiboteam_qibojit
1194,e7fff24ccf30d1c5a4a7360608c1ee52a2a31062,qiboteam_qibojit
1195,e813666b038cf5e5b54f827d0efbe5ff0f5f90d7,qiboteam_qibojit
1196,e850563c760b1f2829cdf20fa2155138ac04a5aa,qiboteam_qibojit
1197,e87f61d9536b69ae5b78e55969efe15f311fbcba,qiboteam_qibojit
1198,e8b37404087071b17e7686cb05df0e608130db57,qiboteam_qibojit
1199,e8b3a39d8985be20ed1da7c705153f5c643a874d,qiboteam_qibojit
1200,e90cac713a00de43d3f2995108ed86c0eae37c63,qiboteam_qibojit
1201,e90fdf887633aa6d91210a5a6e784a160cf0aa61,qiboteam_qibojit
1202,e9496baaf2f774a5f72cca2f8896d51415f161ad,qiboteam_qibojit
1203,ea071206f5d59b32d7df22c2108c282a0af87703,qiboteam_qibojit
1204,ea1987da9d54040266a564b4e7494f335a323426,qiboteam_qibojit
1205,ea4dab17906d00d5506c30a20676ab4d4b82c8f3,qiboteam_qibojit
1206,ea567f111e34aa87ebc26f33911b510e9ae53d13,qiboteam_qibojit
1207,ea587eb02ee68d0129392af40bb3193024dda088,qiboteam_qibojit
1208,ea5954966c47080b97d3b563d97707e16e9027e9,qiboteam_qibojit
1209,eac2ed741774efd9e4127886e427ac849b51ed85,qiboteam_qibojit
1210,eaf343e9813bdeea95b5d5db4879f4c0fcb8695f,qiboteam_qibojit
1211,eb050d61ca2f04f50e36cc6e620edb385cbcc3f9,qiboteam_qibojit
1212,eb1544aa19a5c72cee38093ca3132c84145249e5,qiboteam_qibojit
1213,eb3373e43c42acec1e0725487685dfd88d78b3cd,qiboteam_qibojit
1214,eb74454c2252bb8533e6ddeea5feb7bc400b34e4,qiboteam_qibojit
1215,ec2da28b3590ec68d4c2cdc74c49dfb9103a17e2,qiboteam_qibojit
1216,ec739ed1021cc10661328d6c55273b415b075ff6,qiboteam_qibojit
1217,ec7d4b81521189ed11c6379ad5c366cc192a43a1,qiboteam_qibojit
1218,eca912d4a405ee4bf8a2bca0c0ee35d4833eb3b4,qiboteam_qibojit
1219,ecbe1e2b0be661753b7e51323bc1123b620723d9,qiboteam_qibojit
1220,ecf73121b69c886e695eac1a49ac6748d66667c2,qiboteam_qibojit
1221,ed37930c0f7cc97d8d0d6c7fe844f46e5ad935cf,qiboteam_qibojit
1222,ed39c4979155fc3f0367663f8e66d7016b99685c,qiboteam_qibojit
1223,ed4d618d49b5010f552dde27358c12f97badd15d,qiboteam_qibojit
1224,ed9b0290316a3ad9b528ca55c71ac18fc631aef8,qiboteam_qibojit
1225,ee1b0ad9dfdd06624e1f0225436399909e74709f,qiboteam_qibojit
1226,ee45e6b4c32d75c239703aeca47ced9fa652333c,qiboteam_qibojit
1227,ee596f5beae87d1cbe350bf3e9ae99eff2532565,qiboteam_qibojit
1228,ee9a81645f7ab7a732e0c44d1e8d73dfc78de617,qiboteam_qibojit
1229,eeb34879d24ab9161c3dec3f5bf689058ad814a7,qiboteam_qibojit
1230,f00f66ca54e40491e9f4c6cb4d406b3fc436b40e,qiboteam_qibojit
1231,f0362e3076458c9d0a699f090f8250540e0f631f,qiboteam_qibojit
1232,f04fe8656993191415f95dafe13af56dc80a5b47,qiboteam_qibojit
1233,f062f8733b039c12442eb7570c17740d274d568d,qiboteam_qibojit
1234,f0778c311239ee34230fab44d1bd739b3305b1b5,qiboteam_qibojit
1235,f097a6ce5c96cbafc904bd4c48b815108354516d,qiboteam_qibojit
1236,f0c8cbaf19a854703f9cd9f5eb2d58ac8c4223f8,qiboteam_qibojit
1237,f0ef1fe6d6e5ef11a730350579fda56a1904415a,qiboteam_qibojit
1238,f13284a85bf5bed01aebb5ae65e9d558458c4745,qiboteam_qibojit
1239,f16af9cc941426262faea4761718945985a46e3c,qiboteam_qibojit
1240,f2266258626d6ecefbeca48a4ea972a479fb65a4,qiboteam_qibojit
1241,f246ade076628a57d7e0f6607c9fcc2bf45c040f,qiboteam_qibojit
1242,f28c183731078086b5062d660c22a3d0bbaaf5db,qiboteam_qibojit
1243,f30855e7cd0c9acd2293e109d8be9609e680197f,qiboteam_qibojit
1244,f42b222fbd50380e867be20c4b7c8b57fec28211,qiboteam_qibojit
1245,f45b8edee47cfb6f278ecbbfc90bdf9efc43af38,qiboteam_qibojit
1246,f48642e877433368b1158d71dc3c1a4d3d575e37,qiboteam_qibojit
1247,f48ea3b4ac7c84f816ad88eb7321b32e88912590,qiboteam_qibojit
1248,f48eff6566fd16c2bcd601657a37d5f66406acc4,qiboteam_qibojit
1249,f4a8169a88b7e2e6d7af61ed932a9bbe0f7cab4d,qiboteam_qibojit
1250,f4f404d18673f19da6e8588d8dfca6a899a4eedd,qiboteam_qibojit
1251,f50126d86f248279843bb71af0a7810be8f9c508,qiboteam_qibojit
1252,f594f9499e0a9e1e7c5b3605bf5fae95218898fc,qiboteam_qibojit
1253,f5c73ca47e21195834f561d5e025d05c1afc6e01,qiboteam_qibojit
1254,f61196af4e1cc234fbba94d7496c82002ba87ad6,qiboteam_qibojit
1255,f634aa1976977d225b7247e1ea9f6f24847ae1e0,qiboteam_qibojit
1256,f63c15616cf83abd88693811497fd5026277de7e,qiboteam_qibojit
1257,f66bd1282aff24f6966d812bf69b0812df47f557,qiboteam_qibojit
1258,f68f92ad106a5a6dc80f4b1bbbd7321fc5ee86c9,qiboteam_qibojit
1259,f6c89fa6a9aa94291a1655d4b9228bb4d41c568e,qiboteam_qibojit
1260,f6d0dc3998b750d0a907e240bc457534f1df28f6,qiboteam_qibojit
1261,f71b1d706a5398e694fd6709169df9ae04e46d87,qiboteam_qibojit
1262,f7afbec5fe857e3584b9357fba9cf4a46cde8891,qiboteam_qibojit
1263,f7ca1e06ebd3e3e380d9b5ba4329da8ca9bd35f1,qiboteam_qibojit
1264,f7d1534fe4951f115d7d0cc6343e45e933d7a6c6,qiboteam_qibojit
1265,f7e02e62eb78b65edf35e4d0b7564fd5912ed9dd,qiboteam_qibojit
1266,f82bbeab9d5c836499c69e86e2d0406ba45be4fb,qiboteam_qibojit
1267,f82dcd4dd7766228c0c4ef55e360a01e5d05f7f5,qiboteam_qibojit
1268,f85f41969515f3db8b1b2330d5716a031eb1d632,qiboteam_qibojit
1269,f8634fb6bb477740d38721111b79455807e7031b,qiboteam_qibojit
1270,f8955fcbf68b6079337cdef4c8ebae08b6e54bdc,qiboteam_qibojit
1271,f8a42f70a7cdd075616e0de52e7eb34ee2e3e086,qiboteam_qibojit
1272,f94116a2897536b371fa6eb8fb07fe0ceddcf16a,qiboteam_qibojit
1273,f97905cd661f252c959bb3a7508e863ae46eb9af,qiboteam_qibojit
1274,f99cb0b773c1760b68d3f2108f62afce969f04d0,qiboteam_qibojit
1275,f9ea2ed9347e3131845e7eb7b9f9eda740e16ace,qiboteam_qibojit
1276,fa0fddd09e5e71dc8fd9a8d969d2d0c954b862b0,qiboteam_qibojit
1277,fa372f14b0f12fb7000d28ae6dafab34d429238d,qiboteam_qibojit
1278,fb143469746c4a9a3453a89c0bc3d556c240a58a,qiboteam_qibojit
1279,fb1bad3f09ba29782a6268a1870f31cb16006644,qiboteam_qibojit
1280,fb9177edb2e744923ed4f74e3ac3571b80639c21,qiboteam_qibojit
1281,fbb85843c34b1eda85c61b414265db8026d6d9c8,qiboteam_qibojit
1282,fbb8c6b9674cfae1a36b91013d8e2d22c402aaa0,qiboteam_qibojit
1283,fbde394e7b5cadeb055b3c4203c208cdae558ffb,qiboteam_qibojit
1284,fc13cf0cb2a9693a6b4d967e3b6180e0dc69c2f5,qiboteam_qibojit
1285,fc1493febf8d9fb49750c27b4b0ebc7bee56b92b,qiboteam_qibojit
1286,fc28c9f80e837a1a3651a7be2c63be1448726d93,qiboteam_qibojit
1287,fc2bf2c154367ed7da1f95fcfca17a8a96e6354b,qiboteam_qibojit
1288,fcdab7a392d0eaa2baeb744dafcc70c7fa64d57b,qiboteam_qibojit
1289,fd0c557fa91864847569fd73b70414faa0fdf9f7,qiboteam_qibojit
1290,fd0cad8e8702f5f6d227912ac81095d29b452048,qiboteam_qibojit
1291,fda1ad47866e2f2a747209b7d537601b30438628,qiboteam_qibojit
1292,fdab09e28d812d0083e2f839f888f2f54881b7d7,qiboteam_qibojit
1293,fde8cdfad2134640849cc268e0001e580cefbdc6,qiboteam_qibojit
1294,fe46100303e98b943f64dd42b7dff2231430f426,qiboteam_qibojit
1295,fe707ce2f78f7102c07509ce6f1f854fe6d8bd17,qiboteam_qibojit
1296,fea58e07b92af1a853769585a39e4d8c25394d55,qiboteam_qibojit
1297,ff36c9a1fd24a45b452c034183c5d534745fc7e0,qiboteam_qibojit
1298,ff3cd02dccaaccedbc1054d2714ac1502131bd3b,qiboteam_qibojit
1299,ff705b156c22c075b45c2d4927ddec5eb6f93486,qiboteam_qibojit
1300,ff9d767de699d1ce36b92eabf888e2ee1a39f90f,qiboteam_qibojit
1301,ffb8c1b2b3e0b29f8553323520327636ad9f47d7,qiboteam_qibojit
1302,ffccbc63af643a7aa052085504fa51e9f517a7a3,qiboteam_qibojit
1303,ffd31074570622272573037387d4e6564a216b84,qiboteam_qibojit
0,007c1fa4c260b62f37e33a052761b39e1321e7be,nuest_o2r-project.github.io
1,0103001f86035a8bd0a48c12e506fac054f944e0,nuest_o2r-project.github.io
2,015f4776a5cc8db7539d4f789c973a3ac790afa2,nuest_o2r-project.github.io
3,01cb122b66c3f250bc3f20785a74866f5d5bdb6c,nuest_o2r-project.github.io
4,0202651573925e34a3bb4758cda2f364e4713759,nuest_o2r-project.github.io
5,026a70a1b6cfc255ee79eda8f75ec87661cf2a09,nuest_o2r-project.github.io
6,02e4c84392c1047414923b12609161ccbf019b9e,nuest_o2r-project.github.io
7,034589980628c562b1140e089afe95d7b0694a56,nuest_o2r-project.github.io
8,03768fad53cbcdb735e31ac9516a77c06086c4a7,nuest_o2r-project.github.io
9,03e79607e3880a4791955a105cbc9389b854b61c,nuest_o2r-project.github.io
10,041fc40b61b82779843acaa27480a57c2e14c05a,nuest_o2r-project.github.io
11,04406d689e3e25f5d82158657aa59c156be5bc32,nuest_o2r-project.github.io
12,0552f23252135d07f63f5fbe61a2d0e33251d677,nuest_o2r-project.github.io
13,059789e8ded847081aeef3d1904bc194a27b669e,nuest_o2r-project.github.io
14,05bd8ddfbc78b86003d63d3182e38aaeea38a9c7,nuest_o2r-project.github.io
15,062e32c64a48ee73c15319dd58343f2dcbba17a8,nuest_o2r-project.github.io
16,067691023c43fc024c03e6b743b397a03ddeff83,nuest_o2r-project.github.io
17,0682726e79624afe4721d665bd5f11f21f187176,nuest_o2r-project.github.io
18,06ea73b27fdf148b4f1d96577095569422920a2e,nuest_o2r-project.github.io
19,0743d391a0f7811ccea742587804486b0a120a9f,nuest_o2r-project.github.io
20,081bcb04da54dd1abb1a95006639cf0f0dac4160,nuest_o2r-project.github.io
21,0844f08510565977e11d0be913bff3ef895e70ce,nuest_o2r-project.github.io
22,0866748a70994ce0d9ac89e309680b64e77af315,nuest_o2r-project.github.io
23,088d6d65a65f54f27b442315958995b332506c99,nuest_o2r-project.github.io
24,09342cb372383a6e1eef0079124c47620be36d75,nuest_o2r-project.github.io
25,09441701b6f8937d98a5c870e15c30ce4a031c0c,nuest_o2r-project.github.io
26,09b2d0643164159c24b2ea4588068b552bac7d4c,nuest_o2r-project.github.io
27,0a0f7e69042269d9beead3341bd1891cce52cd56,nuest_o2r-project.github.io
28,0abf982b43e4fd503fef4554712683bf5b7a8e65,nuest_o2r-project.github.io
29,0b6930ddd16d3d8c29184a46127d62aef4752f43,nuest_o2r-project.github.io
30,0b7ba44140d147e21bb83a3636e973133ee0f7a3,nuest_o2r-project.github.io
31,0b9304cff9fc57a5b015f18b7a3cd639d00549f9,nuest_o2r-project.github.io
32,0bca978adfd6c391637e0b2f8e22d7db4cba9b5c,nuest_o2r-project.github.io
33,0c4cb6bd1435bc91ac282897b53f81be86ac53f3,nuest_o2r-project.github.io
34,0cd91c5297ad6042c01f86d55cef215e843cc28d,nuest_o2r-project.github.io
35,0cdf44edec1da46bc028af676d3fb42b6d5a924f,nuest_o2r-project.github.io
36,0cf367276bb6999be0198b8af265d98f88e9f3a1,nuest_o2r-project.github.io
37,0e9f96079a2092b5f8c1f8d08006daadada6bbf2,nuest_o2r-project.github.io
38,105b63ead4906b4d41416d4e4e8b7fedb6a40e96,nuest_o2r-project.github.io
39,110ebc7a3eb5cd3c236e8f9c822c6e118ba50dc5,nuest_o2r-project.github.io
40,115c6e3d427eba0571a7b8bf73092bbc5858fa8c,nuest_o2r-project.github.io
41,11939338921495f2005ee0254a0605ff4f17ee26,nuest_o2r-project.github.io
42,1198552aa38162981a300d3e16a5a14ace54092a,nuest_o2r-project.github.io
43,122adc0833adeded3a0f69a580df76a25a4d1b5a,nuest_o2r-project.github.io
44,127551124257bddfb561683c2db8c1d10727b63c,nuest_o2r-project.github.io
45,12b69e906ea4e83fbb0f49735336439f22d1e553,nuest_o2r-project.github.io
46,12ca13b7d041a66842cf6fdcb6b208845bbc2d2d,nuest_o2r-project.github.io
47,1309f7bc592f3a01c3c2c13a1d744252c65a2f01,nuest_o2r-project.github.io
48,1384e1719e398ba5d8bcdb82042a648e614e8d54,nuest_o2r-project.github.io
49,13905fe6003f6a492c27d65b76afa265529b990e,nuest_o2r-project.github.io
50,1404a29acccd7c6e417555ccb20edba746bc3209,nuest_o2r-project.github.io
51,143fc76e293313490a9578747e62d51af803cbf9,nuest_o2r-project.github.io
52,14615e47dbc22c4391fa80a5cc22fb0eea6fae71,nuest_o2r-project.github.io
53,1462cc1693bfcb550bbff8a94ddb9ed66d01ba18,nuest_o2r-project.github.io
54,14e5785bf289f23e7b820e6114eb53d389841025,nuest_o2r-project.github.io
55,14ef3e8acbcae108eea6ff193664c046c22e2a52,nuest_o2r-project.github.io
56,1524be5d7935ba37d45f2c0f45528f2b62f32a03,nuest_o2r-project.github.io
57,1549ae2cbc2900a1d5bd666d8e8724eb061866d5,nuest_o2r-project.github.io
58,15872c8fb7bc96b7d8440d1f608aed7e1e1abb25,nuest_o2r-project.github.io
59,16ba3b9f298e9c90880e9290ac01376d74399516,nuest_o2r-project.github.io
60,16df5db99661a5625d6f0a786882d31e0f860f70,nuest_o2r-project.github.io
61,16ee09755dff236aec0106edd6f1bf81587ea483,nuest_o2r-project.github.io
62,17430026cf7f3d0bd3d95ed1ecdce061f5bd4f79,nuest_o2r-project.github.io
63,17707866f63a55ce1e5bc5f694999581fe6cc33a,nuest_o2r-project.github.io
64,18007155ed18912300ab9830b704daa8fb8a5e81,nuest_o2r-project.github.io
65,180ad34130236c32f635311aed0b8f747dbfefea,nuest_o2r-project.github.io
66,18268c0e351e07d1577bdc9a377ec414e6efb992,nuest_o2r-project.github.io
67,190baca2c586e8e9979b43e8fb079c74e3e87a36,nuest_o2r-project.github.io
68,19f1d3fcea1dc78e0560d28bb3bd7a04a14eded1,nuest_o2r-project.github.io
69,1a24e69efdb822c329e5ede6d4ae00237a7648f4,nuest_o2r-project.github.io
70,1a597ef311701ea2b1ef2797e110eca0ae5a1467,nuest_o2r-project.github.io
71,1ab8ef02536fd7f81caaa5ad122e9dee6c25dc92,nuest_o2r-project.github.io
72,1ae0f4e7daffc110592bde685855562e6bea9791,nuest_o2r-project.github.io
73,1ae45191c74e95c7f3ccdec2f62af9771ff75760,nuest_o2r-project.github.io
74,1b73870a1df571641c9d812f9bb73e8833df45fc,nuest_o2r-project.github.io
75,1b7d082fafaaa749dfb8a409292fb35c86e19552,nuest_o2r-project.github.io
76,1b7f167b47c476d5b04b33b62bf5ed517239e199,nuest_o2r-project.github.io
77,1babd0c8dd8a81333447406ce305709cd59cf0c2,nuest_o2r-project.github.io
78,1be0049263121da866677ca82e22c280ead58ca0,nuest_o2r-project.github.io
79,1beff8386f1fd86efb53427036d2cc754f81754c,nuest_o2r-project.github.io
80,1ce07955b793ea3571ba086a2c0b7eb7a8c905f4,nuest_o2r-project.github.io
81,1e1496313528d72527faefae5276d8b22ca395a2,nuest_o2r-project.github.io
82,1f7d26b6a5e3e2dbfe6d0f086183ce3a072847ca,nuest_o2r-project.github.io
83,1f8fc7eb5ad2238b46440e716b8fdcf8f50f2007,nuest_o2r-project.github.io
84,201846da25c8310403947463d6f98625b6976e45,nuest_o2r-project.github.io
85,203bd352fe341791e2110f72988836ca7701a284,nuest_o2r-project.github.io
86,2151d1ba00260b374f7b69272712e90d8c9b72b3,nuest_o2r-project.github.io
87,218ec4f93f9aa0570957032e2c5f99fb87d79417,nuest_o2r-project.github.io
88,22eed22a6edd6a7f95697d6c552a3eb00006c935,nuest_o2r-project.github.io
89,23262239c4892987ce4471ba8b8a55da99768364,nuest_o2r-project.github.io
90,235d312ee625f790fc968752a7441f58e9e722e5,nuest_o2r-project.github.io
91,2447861128be29ab716255c8835a5c232f217f08,nuest_o2r-project.github.io
92,24730635bffcb10f9866ea01c92619b6d6a64837,nuest_o2r-project.github.io
93,24c1b00b2688c612fc35a927b7a82d1696a1af8f,nuest_o2r-project.github.io
94,24ce16b34cb9765515d9551adea272d8560b2fd4,nuest_o2r-project.github.io
95,252da85e35465164a06404e94b2e84f960ca3616,nuest_o2r-project.github.io
96,25784304fc69a4804293d3d5f748fee096e1682f,nuest_o2r-project.github.io
97,25c604c1189d63bc566a189ec5b95e829cb4c647,nuest_o2r-project.github.io
98,2620719ccd02e843f6a84d98ad07d3591659c985,nuest_o2r-project.github.io
99,264fa6e3b20ed613cd979f0ba1280ed284cce2c9,nuest_o2r-project.github.io
100,273ab722feb77e80f427d59fe300e4b52d70ef78,nuest_o2r-project.github.io
101,2747e6935594180ade2b302cf8ef651125ac455f,nuest_o2r-project.github.io
102,274f2840d7e95a611c494b028b892f705feaf64f,nuest_o2r-project.github.io
103,27cd971a0a6d889ca9e9f19ab7095f9b777df196,nuest_o2r-project.github.io
104,283529c343f4c876c3664ee888a5d575da902e63,nuest_o2r-project.github.io
105,2878d0d240fcde097f7ecdf181846531f3abde70,nuest_o2r-project.github.io
106,2920abfc7ddfeeb5191329a6617aad37b8a30154,nuest_o2r-project.github.io
107,29468e9ac3b3f3ee5574e39833caeea943d87abd,nuest_o2r-project.github.io
108,29741e9a2ea9b0883d3628ac313e45d31013f871,nuest_o2r-project.github.io
109,29dc87ef7d2fbb131b742f43049844c23ebf6535,nuest_o2r-project.github.io
110,2accf08f52c368dac90b86268a5f04e78d2492a1,nuest_o2r-project.github.io
111,2af44e0c14eb5994754f059d1e64571b934cbf53,nuest_o2r-project.github.io
112,2b1b0686e158f184653a17403d2c8a5001e4d664,nuest_o2r-project.github.io
113,2b5f30440f242c26848e7700deca854ebc3aa54f,nuest_o2r-project.github.io
114,2bda76c2a2081c8d40cef6a6470ae491400bc399,nuest_o2r-project.github.io
115,2bf1fe8fe87e979727fc3a5828a08cae0f8753db,nuest_o2r-project.github.io
116,2c28e15f1b07632f05c36adbca1554622f0b4634,nuest_o2r-project.github.io
117,2cf5b3154dc91c872aaf9fe52d82256b75bec6f8,nuest_o2r-project.github.io
118,2d3e09468709846625a5ff48c29944f7264567a5,nuest_o2r-project.github.io
119,2f1e1f2ed1a4b8c53c3508c89bf473e32451d1f7,nuest_o2r-project.github.io
120,2f66ab14f02111d860bdc0125c05e7b70551d203,nuest_o2r-project.github.io
121,2f7a4cd1819adea63f884fcf86042d03d4a8d949,nuest_o2r-project.github.io
122,2f9c7f566dd822909c406a3834de8f09d626f446,nuest_o2r-project.github.io
123,301f6d25942569c9e20fb4f33bc618f7ed460e00,nuest_o2r-project.github.io
124,3029170ec75f48d5cccf4358b317d9e8168c7706,nuest_o2r-project.github.io
125,31be1078248a754ab47fc8792a7d1da10bf84dca,nuest_o2r-project.github.io
126,31bf4caeec0bd1c3355a06922aa0dc2cac603269,nuest_o2r-project.github.io
127,31bfac0db8ccc30d2ad7a495f3b23a2c536e6ca6,nuest_o2r-project.github.io
128,31bfac8a478112747f903afa9b2cd3afaeb859b5,nuest_o2r-project.github.io
129,321ec188e3ff3f6d3e53f377b05b35306d94947c,nuest_o2r-project.github.io
130,323136ca4540cbb41c0dad1fad69814b850708a4,nuest_o2r-project.github.io
131,324de5ea9f00db87d74e2fcea91311d05c164dd6,nuest_o2r-project.github.io
132,3257029311ed2fb61b19f874c1bdf5c66764b7fe,nuest_o2r-project.github.io
133,328ddef53edac146bb30106bb77216570da6e348,nuest_o2r-project.github.io
134,32cbd356e4abc2ca9414fe542fc93f131ecdd1dd,nuest_o2r-project.github.io
135,32d993a49111920da0c0fa333f2593e93c2421b5,nuest_o2r-project.github.io
136,332b18d45dc5ec76024ceb7d70f0a718eb4fb5fc,nuest_o2r-project.github.io
137,336a7bca0244785927560ef7121457c55c1aee98,nuest_o2r-project.github.io
138,34062926f81833678850dd23037461fea3317209,nuest_o2r-project.github.io
139,3453fea1bc4b5eb8d02b64291dd72998bae95bfc,nuest_o2r-project.github.io
140,34b7f56582451c8c4a5f6320b7bc7f38c60f86e1,nuest_o2r-project.github.io
141,34c8d3cf03963662698e07e17e39c1ba31aeea2f,nuest_o2r-project.github.io
142,35b708f11924f3c261ef5e3452ef8f4b046761c0,nuest_o2r-project.github.io
143,370ac04f5d656a62b78e92cb32f560ffb436748d,nuest_o2r-project.github.io
144,3721d364030cdf46e6cc67eb8de713fd889586fd,nuest_o2r-project.github.io
145,3765d7ba7621cf3a6cb44cc9f22fdd200e789197,nuest_o2r-project.github.io
146,377b0d0774d9ce72f89cc2b1922d28d0eb05fc85,nuest_o2r-project.github.io
147,3789814b4d90ba2a5d28575c6ff94249290363af,nuest_o2r-project.github.io
148,37ac0d13ad5cfa91992c8ead1f1afe6be96663e0,nuest_o2r-project.github.io
149,37e859544e31b638d99a5433b911a787ac7afea4,nuest_o2r-project.github.io
150,388213b0337c88212d219e59daa895fb78efaa49,nuest_o2r-project.github.io
151,38dc9eb25916a9bc3b1fbb112664d917cdd68a3c,nuest_o2r-project.github.io
152,39a5569c7d24ad38c90cbac72fc64a01eb4b6250,nuest_o2r-project.github.io
153,39b1ee7787fd1802ebcd9f7e1ef178042b540192,nuest_o2r-project.github.io
154,3a02463c5ac3ce5affa761112c15f792e06dad61,nuest_o2r-project.github.io
155,3a1cca1b3da6dd48d270424f8fc6cc1ef2644d68,nuest_o2r-project.github.io
156,3a951b139c25986d67a8af21773f75d9b925acc3,nuest_o2r-project.github.io
157,3adb7addc02ee9a66ab854bb277965736127a0fc,nuest_o2r-project.github.io
158,3c7fec348dd4daae3fe634cca5114967da36edc4,nuest_o2r-project.github.io
159,3d11fe46fcb47c9b1addd9ca02661511d927faa5,nuest_o2r-project.github.io
160,3d272fc9e008f5a86bd8da39aef201afa8ce277f,nuest_o2r-project.github.io
161,3e91a15230cf8a93edd1b935a8cb2608765675cf,nuest_o2r-project.github.io
162,3ebb2592b10bb4d11adf6945634e2ad5d4410c27,nuest_o2r-project.github.io
163,3f2fadb52a5f315ad3fbd0031426f4629b1461de,nuest_o2r-project.github.io
164,3f773d86fbd226e43245a18a6210c912d2d2e63f,nuest_o2r-project.github.io
165,402fb29535d34485d6c2156ac9c622a0dd2eeb2e,nuest_o2r-project.github.io
166,403524ae1eb8a6a0ecc98191471bed23450c2e9f,nuest_o2r-project.github.io
167,4059253e6217976a1c67baab7d989373d0b849d0,nuest_o2r-project.github.io
168,405eeb71c3c8c5d9f2631cc45e030cd83b1a98bf,nuest_o2r-project.github.io
169,40ab41dc3c92391c072beacddc606b126bc6c914,nuest_o2r-project.github.io
170,40b55f901f62be4c61e25490a8bdd95b03876052,nuest_o2r-project.github.io
171,40c50ae5c5590465428d0620275deddf4721534b,nuest_o2r-project.github.io
172,420554142ca64576beff4dad5231650bde98e275,nuest_o2r-project.github.io
173,420891fe8dcd8a664b448660162a3295b485f08a,nuest_o2r-project.github.io
174,425b61aaade65cee33bc8ff21ed8d8928aa7affc,nuest_o2r-project.github.io
175,42c866e385407173dc52909ce3f7b23727ce504e,nuest_o2r-project.github.io
176,42dc83ba68dc813081fc2b1a3f1393deb3470703,nuest_o2r-project.github.io
177,43a82d75016d4cfb5f980bb20686fabef11c6350,nuest_o2r-project.github.io
178,43b918a5137186a3f4d4bb433ba2dd3ca84753c8,nuest_o2r-project.github.io
179,43f1560f6c1ec4371cfb40ffe641adc0db3bc7f2,nuest_o2r-project.github.io
180,453c1cc215ba8510650df66ac65f057d82b6ff19,nuest_o2r-project.github.io
181,453fe50e6e0b6184ae91a2c9229b15855f23d4d1,nuest_o2r-project.github.io
182,45710f7cbef2744578663ee8ce61bc7fe3247294,nuest_o2r-project.github.io
183,458ae1b1e2476f2e38b6c40853ec0d4376f0f78c,nuest_o2r-project.github.io
184,45b9e25479c9240922c8606a8ede505c844db3d1,nuest_o2r-project.github.io
185,45f9e1e1c6e5305c349577a035d9fc6745181fea,nuest_o2r-project.github.io
186,46e31cc847a088434484c3b806a591740222cd84,nuest_o2r-project.github.io
187,4724cd39f9a9fd33f6ea96a6554592c5799b38bc,nuest_o2r-project.github.io
188,4733e9c97847f56aa428ce196c4e632120f47636,nuest_o2r-project.github.io
189,47dac1ec7eaf928f7b0ae8b58b97bb3a700285c7,nuest_o2r-project.github.io
190,48ab7e010f2a4703ea67aebb1a39a80e632f6377,nuest_o2r-project.github.io
191,49305f3a962ebeef7aa5704606c7958ae4038592,nuest_o2r-project.github.io
192,49331864d5192a1ca3998f8675e6b8f743a475f3,nuest_o2r-project.github.io
193,499d87cdcabcb76d75255af712e32bfcc2630738,nuest_o2r-project.github.io
194,4a1ece945cad361516bba6141869f4f1c9a94daa,nuest_o2r-project.github.io
195,4b2f23471eaa626a7cb085fd6b0efe28638cf197,nuest_o2r-project.github.io
196,4b57ed84ef0e3a7d3a8a27980f2298ac859523b3,nuest_o2r-project.github.io
197,4be7f6056d113d04ee181b0624cbb1d097b9cd38,nuest_o2r-project.github.io
198,4c8d6b628825ab5ac5be16d58609c32fd00ad10d,nuest_o2r-project.github.io
199,4d2c0baf3bd8062beb1670641ed7b2d77b3b2096,nuest_o2r-project.github.io
200,4e0668aca2c8deb807268110818620d6214dea39,nuest_o2r-project.github.io
201,4e95b6103247a2faf8eefbf81537bb5a03f8eaab,nuest_o2r-project.github.io
202,4eb1a5085bb990023ca3bb75778594ed486c2e36,nuest_o2r-project.github.io
203,4ec01d1536c2daabc9eecc58a3b0b328cfa4f5ad,nuest_o2r-project.github.io
204,5006f63cf96bdb1e63c5b3023f305d15825ed88b,nuest_o2r-project.github.io
205,500aae07c6b2271bfb67fbf96318418d7b2773fb,nuest_o2r-project.github.io
206,50c4bb40d60afcb931d36122536a511aeb5568a1,nuest_o2r-project.github.io
207,51c2121e009a7ef0430e957234855ff06b9139ef,nuest_o2r-project.github.io
208,51d12129a58ad992aed3db0bfa43c17693679d4d,nuest_o2r-project.github.io
209,527b9744c329e2a7e9400248dfe5e4fcc89e66ff,nuest_o2r-project.github.io
210,528b143d1bad6b8019485f3c17f9e50e53cec711,nuest_o2r-project.github.io
211,544998359775fc675c531f5fb448ee74bc9e3943,nuest_o2r-project.github.io
212,54859988b54c7612ebac101502461fb2eea11423,nuest_o2r-project.github.io
213,54c2457c14790c41455e978c2b2f04b47a0b8423,nuest_o2r-project.github.io
214,55478a11742d7ee4acdbe0a4dbfa3233230b2854,nuest_o2r-project.github.io
215,559c5371b3f4cd52929c1e1973be398580220bb8,nuest_o2r-project.github.io
216,568feb52528a1c53b88c59fc212f54440990fba2,nuest_o2r-project.github.io
217,5699871682178c500fe02fead163640cb480ea6f,nuest_o2r-project.github.io
218,56b64fd7aa0aefc32af4e252a9414b6c85aa0ed4,nuest_o2r-project.github.io
219,574e553303e696203982c14c7a887167f3ffe724,nuest_o2r-project.github.io
220,575563ee14565afb8ded997c7f340df2d2055dfa,nuest_o2r-project.github.io
221,5766a6655794626bab7c10da44b64b8d3146bee7,nuest_o2r-project.github.io
222,5819e0daa61b1a0d5de16f849f275f4ca5defb50,nuest_o2r-project.github.io
223,584bfd97531eb934b3c13014fa2e2131ee585f7a,nuest_o2r-project.github.io
224,585ad471e5d88d49ef44704af1072e75f8a06b16,nuest_o2r-project.github.io
225,58bd19574592bdaff2a7fcf2ab73f3608a277f6e,nuest_o2r-project.github.io
226,59ada17f2e84b3c2c8c1b430c015ddb18fc9bb71,nuest_o2r-project.github.io
227,5b420c936c6c86a68927103389e4425cd5e720d5,nuest_o2r-project.github.io
228,5c971f49bc7c722e6d3dab135c062677e293d7dd,nuest_o2r-project.github.io
229,5cabf9c9cd8ef9ee1223b6903983f057c6abf111,nuest_o2r-project.github.io
230,5cde8f6b151e4b38bb8448c33bdc2cc5aa5e5549,nuest_o2r-project.github.io
231,5d1c3da410a2b3c8edc83c28fda5946d377cfd7f,nuest_o2r-project.github.io
232,5d7dac847892a3742162f352020c378113903569,nuest_o2r-project.github.io
233,5dda5f7ebc15a451529bb90e09f6d257295d5c61,nuest_o2r-project.github.io
234,5e24efffff8f94395b0f9398b415ab718074b99a,nuest_o2r-project.github.io
235,5e958695ff289a1ae5f58e0574c89201eeba71e7,nuest_o2r-project.github.io
236,5f699e6eeb008b987f934aed47ae8abc7df64fd2,nuest_o2r-project.github.io
237,5f942003b9a36bb149c36a9222318ac123094959,nuest_o2r-project.github.io
238,5fad74350460003acde1eee4f416ee45a6ff53f0,nuest_o2r-project.github.io
239,5fc31dcb0c7cf590282694bb8f00a07a3107bc69,nuest_o2r-project.github.io
240,5fd1bbaf09e35a115e46e449a0dc47f851bd5d8a,nuest_o2r-project.github.io
241,6075694af2e346fe713854596271055cee6d8a68,nuest_o2r-project.github.io
242,6085454039fb13121f5bef00f4101620e7686d6c,nuest_o2r-project.github.io
243,608a21c55674c0866bb450536a827a8dfbeb2e0f,nuest_o2r-project.github.io
244,60c5607aafb72ea119a5b889aeebcb27cc2c0e96,nuest_o2r-project.github.io
245,615618a2e58c8d4851bc959e837bd526f03a9af9,nuest_o2r-project.github.io
246,626fbde71cb228e14078879cdb60ab7fa6ba9ec3,nuest_o2r-project.github.io
247,6303366198bb3dde93e6ab6d9d67c82a0375a7cf,nuest_o2r-project.github.io
248,6370dd64d39244ab28b4ec12e9d4108e2c5742f5,nuest_o2r-project.github.io
249,639523f93c74f4b1b68d78920fa03b7df6b40d60,nuest_o2r-project.github.io
250,64730e22fcd7d97c2eeccdc2221cce9d79602942,nuest_o2r-project.github.io
251,64d11ff785d6c493f1cce746c7ecdf0f6e590a29,nuest_o2r-project.github.io
252,64f8687461f01fadc9bfc5968a745ebe6f590a4a,nuest_o2r-project.github.io
253,65ba1ee2c44240be8c3d93d68601b06489d61f5b,nuest_o2r-project.github.io
254,66657260aad70d83574cf3bc8deb6257d09a1851,nuest_o2r-project.github.io
255,67ba1b0aa0f5ea78e9cc498a1944cdfd437a6262,nuest_o2r-project.github.io
256,67c5de001828d4395bd9fba7d93d3122c9ee31c3,nuest_o2r-project.github.io
257,67c9a9f9fb496d73f8d300d212f88d8ea47be51c,nuest_o2r-project.github.io
258,68772ca0d839333e7e100c8840cbf7ae57783b3c,nuest_o2r-project.github.io
259,689c7ece310a3af68091d33e79f7cc6205c862b2,nuest_o2r-project.github.io
260,68ce22df18b2d1e9ee313a2c5272f473dc2a4fd4,nuest_o2r-project.github.io
261,69a24d21361205d6a2ff9b82597b36a6bcdd571c,nuest_o2r-project.github.io
262,69b3e59989910745f7dac2e9a4050752b39aa70c,nuest_o2r-project.github.io
263,69d26a3d06a9c1a80e2306bbc1ceb8e38af6a0a6,nuest_o2r-project.github.io
264,6a07f0ea3095f42c336a4cc647d62f1c59f8a1ba,nuest_o2r-project.github.io
265,6a35efb6901b3932e41acba01f4e3275d1fefcaa,nuest_o2r-project.github.io
266,6af8f08bd4614dd0418dd8b842078241b678c91c,nuest_o2r-project.github.io
267,6c8033925cf4177a6fe46ff3eae2f02f852ab7fe,nuest_o2r-project.github.io
268,6c83c7ad83475d28260e0d46a65c3e4b9e05bdec,nuest_o2r-project.github.io
269,6c8c19cc8e4b8460d5bc5cea9fe46f74ba67d695,nuest_o2r-project.github.io
270,6c8fba6af9fb79dbf85ea023a4f71f302d64c623,nuest_o2r-project.github.io
271,6cd73f7390ca8b824686eb1f5675cac1874bbafc,nuest_o2r-project.github.io
272,6ce31613ec70031a8ffc5fd89adf431ea4210dff,nuest_o2r-project.github.io
273,6d3ab079646508e4d6020831c76479c421e64877,nuest_o2r-project.github.io
274,6d79b2f4ffb66a3ec251d8a2d6a9207d418f44db,nuest_o2r-project.github.io
275,6dc8c0f3e5fd2794a3e651cf636c7105afc8df4e,nuest_o2r-project.github.io
276,6e295a77534b67e7e287b7dab488ef259b9889fc,nuest_o2r-project.github.io
277,6e79d59fdc11e8e22f5f2e110aae6f8abfb479d5,nuest_o2r-project.github.io
278,6eda86936259e8da744f81d351d7b021601e0e2d,nuest_o2r-project.github.io
279,6ef5b8e3be10ed511bd667220188a330c7411e88,nuest_o2r-project.github.io
280,6f29d53344a1a3fc818013091ebda51926c650c9,nuest_o2r-project.github.io
281,6fa1812e0e42b25eb86477412d5a79e0e1da95c1,nuest_o2r-project.github.io
282,6fa2d2f59348c6b6bc16566037b50c4c9d2ba96f,nuest_o2r-project.github.io
283,700d5d767ad92fbaf19e2432f317928381296714,nuest_o2r-project.github.io
284,706331e243e5f5431fa7e9bb6979ea135e57db59,nuest_o2r-project.github.io
285,70ec46a1fcfd99c52d657b514aa1a27b6bf8d2a7,nuest_o2r-project.github.io
286,710c12798995dec588567e2961ce71d4fb0e3048,nuest_o2r-project.github.io
287,716f04c8a616fcad5350ecd94c208773a55aa3d1,nuest_o2r-project.github.io
288,7194a124e9c7c7320add00ad6f2009eb35c6b2e1,nuest_o2r-project.github.io
289,71e4a82b5e5d3abd24f5324bf75311de2221dd26,nuest_o2r-project.github.io
290,724ee2f8ae2d80c78451e1b28b53e5a5cbd63651,nuest_o2r-project.github.io
291,725b868e56dcfc96186774827f6222e3c7aa0a6f,nuest_o2r-project.github.io
292,72931135a1ee11386944d18d812b3a780c057b1e,nuest_o2r-project.github.io
293,73d7a6c6d55db1616b27bba9aff93901a304a362,nuest_o2r-project.github.io
294,740b3cd50d9a8acf9b1b438cba13925aeb0ecd65,nuest_o2r-project.github.io
295,744df74feae4a2c81939aac858ac3a82107e429a,nuest_o2r-project.github.io
296,75d69d268a1b0c7ae427064dc2e3ec59ac178b54,nuest_o2r-project.github.io
297,76346dc14e44faa9c0330251ba005e6d88e9ca9b,nuest_o2r-project.github.io
298,7651e621a6a202218cc1b177ae7ad329998dad37,nuest_o2r-project.github.io
299,768dbc1a153b9ee8ffe1c36466af28a421a70295,nuest_o2r-project.github.io
300,774f41d43a120bfdec1edacbd65692d54868b86f,nuest_o2r-project.github.io
301,7874954766cec91ac7c35517258ebe0126623ba7,nuest_o2r-project.github.io
302,78e765846a1214797314afce6c5e2e6aa6afdd4b,nuest_o2r-project.github.io
303,79042ca48ef5578c015e6ddc10fc4c0c4822b4e2,nuest_o2r-project.github.io
304,795d0afd0f06ffee8fc317f69317513472b4eea7,nuest_o2r-project.github.io
305,7b8f955668508c876d170c2a9b0cdefd6e029c24,nuest_o2r-project.github.io
306,7b9b8d51010ee2702e61d32f112c60ff752051fd,nuest_o2r-project.github.io
307,7c0b9c6daad4d3e599b1fa69048b72e422108555,nuest_o2r-project.github.io
308,7d2255bb88729228935e149cefa9d788625b0d00,nuest_o2r-project.github.io
309,7d5042619043f78e5f2cfe3561b15de25eed449b,nuest_o2r-project.github.io
310,7deb0fa475140a9bdaf92a601a5f9c333a8f641d,nuest_o2r-project.github.io
311,7e5e476cfef3ea7c9cc54e2e81475c508b6ad397,nuest_o2r-project.github.io
312,7eb0ab1d210a379d328afec2823a7c81671308f7,nuest_o2r-project.github.io
313,7edaf2307789f7fe95fd046c11d0afa5262616de,nuest_o2r-project.github.io
314,7f31266a67e836cf823171efce14e881340e805e,nuest_o2r-project.github.io
315,7f8c6ce03088452e4c980813d120f77de9570f1b,nuest_o2r-project.github.io
316,7fac739d06c6427105596f3866b6ad51edbb0349,nuest_o2r-project.github.io
317,7ffed4b7508ed0b3c3d562ffabb0f3a161487c3d,nuest_o2r-project.github.io
318,8004eaa42ab46cf2461e8374bdff1404c5d03207,nuest_o2r-project.github.io
319,800eec03b6a2c41968c2c1a6feec4dad102ec39c,nuest_o2r-project.github.io
320,807f802c7928cc23e787b7181a484663c1b6711f,nuest_o2r-project.github.io
321,80a2a51d97ee1149b58599b9d95d90580a7e01b4,nuest_o2r-project.github.io
322,80c0769d85077f5778b505e744c1fcc179fb8534,nuest_o2r-project.github.io
323,816981494f80a49c0990e503066400c408e0a722,nuest_o2r-project.github.io
324,8188ddafab9079a4556af636b4ab9259710ace8e,nuest_o2r-project.github.io
325,823dbb4574b3baf8667ee0f8992d27792698a32a,nuest_o2r-project.github.io
326,8255667839948dd26ff0e811183768110aadbc94,nuest_o2r-project.github.io
327,8275e86f2968ad41d724cd284049f75b1d4a2122,nuest_o2r-project.github.io
328,82d0c5710695b25008d90934af795decc5907140,nuest_o2r-project.github.io
329,83270c340e630c0f0486bba49e68f546371dcf91,nuest_o2r-project.github.io
330,833811daa28f9dea31183b75fcd09bd65d8bd2ea,nuest_o2r-project.github.io
331,8347cca49161a9fa6101d9a565fcb35d71083230,nuest_o2r-project.github.io
332,835d74b9e873f34aa6b9513c41e7eeeb303b263e,nuest_o2r-project.github.io
333,83ebec79678a08b6521f45b597faf42921a633ab,nuest_o2r-project.github.io
334,83fe776f1e38438889ce433113485156df8e6cdd,nuest_o2r-project.github.io
335,84263b58f59e74b0219fe52dfe7fc9083d813ccf,nuest_o2r-project.github.io
336,84ca1e8c0537581069806df45f850a6bf46cbed8,nuest_o2r-project.github.io
337,8572c8b815d3579d735dbb84ef325f72f6dbc97a,nuest_o2r-project.github.io
338,85b697a14dce0d6d7ce1110a26feaf9dab9ee50e,nuest_o2r-project.github.io
339,85b7968e2d4173560c1bd138838990f2a6a82fd5,nuest_o2r-project.github.io
340,85e898a96a32dd98878db1bfe97c0b88f37241b2,nuest_o2r-project.github.io
341,85ec15c254faa31bf4217fc4a293649c814537fb,nuest_o2r-project.github.io
342,862c767f73edf552481cc1314550c6a39b496d80,nuest_o2r-project.github.io
343,86685a82597596ac5ba90acf229319a24b1917e6,nuest_o2r-project.github.io
344,86968ea5f4c26aa4b1a23611f4f4df14ddf4c480,nuest_o2r-project.github.io
345,86b67d6076b2450a4702738236c33f1c24b45a6c,nuest_o2r-project.github.io
346,86d58b498c42557434d7e02ffe3c518ce5d64a0a,nuest_o2r-project.github.io
347,86d83b9710a68fb5f2bbff47d224cc59270c5f7c,nuest_o2r-project.github.io
348,8740cef8bba7014116b0ef17a42b3ef8855e856f,nuest_o2r-project.github.io
349,8744391281f8bcaf8f828a27da54877526df50a6,nuest_o2r-project.github.io
350,880f6e1e46242a2dd3d4811167ed1211741fde57,nuest_o2r-project.github.io
351,8897e92a04cf93bafd816254753b1742ff59b46d,nuest_o2r-project.github.io
352,88dcbaac7a183b4d4102ad24fafd597f671eab2f,nuest_o2r-project.github.io
353,896f5acf242ec3028f20c51e8e0209bce6532fd1,nuest_o2r-project.github.io
354,8ac6f038cae0fdf248c53af944cb0647addd78c0,nuest_o2r-project.github.io
355,8b8da77d40e69fbb780a320920f5d0fe67d6d7db,nuest_o2r-project.github.io
356,8b91883d651e222b8511e26777b3556fbd382c42,nuest_o2r-project.github.io
357,8d084231e68983a15f673592f6fe921a827c51e7,nuest_o2r-project.github.io
358,8d0c327365b85587ca384ade1aee01f7031bbf96,nuest_o2r-project.github.io
359,8d829f05e545b3a5d92806d23c6a133ead3155f5,nuest_o2r-project.github.io
360,8dbdb2929e46f6d48b253ab5259882f6ba2e6f79,nuest_o2r-project.github.io
361,8df3d458a4d0be74d0c24354a13663cff2845f5a,nuest_o2r-project.github.io
362,8e2f5fe484bf8c259d42ea92769281b7b99a2cbb,nuest_o2r-project.github.io
363,903662ab902df63e92a9359294316b43908548ec,nuest_o2r-project.github.io
364,905e28a160d260c60ccd6e1ec2ffe8dc762f8d25,nuest_o2r-project.github.io
365,90829f680444a1e0e82a33724da0869ab821477f,nuest_o2r-project.github.io
366,912061c044e3775416b8428922d19f4e5b9b4e66,nuest_o2r-project.github.io
367,9131891429bc221fe4e7a7af23b268cf4868b78f,nuest_o2r-project.github.io
368,914ddef06dfca692c84dc57617cdd879f964ea51,nuest_o2r-project.github.io
369,91542c640945ea260fb2f75610b9bb69c953a989,nuest_o2r-project.github.io
370,91b8e5ae41ee68c8b09f521ef00b0b4d4f97efe9,nuest_o2r-project.github.io
371,91cc230b754fe58df1e37893958a78fedf8afeab,nuest_o2r-project.github.io
372,933d3153b9246c4aa7aac50e3b47ab9185be84ca,nuest_o2r-project.github.io
373,933ff6faa5c0a0e9f7b898aa63dea85fef0db6d6,nuest_o2r-project.github.io
374,93579cfef2e5c518cb727f98a606a20322b384e7,nuest_o2r-project.github.io
375,935d5ec7c11c1d34de2b394ac7111d21bb52c755,nuest_o2r-project.github.io
376,94330a20bec24a2c063bbf742225da2c60ee744f,nuest_o2r-project.github.io
377,9464d3fa43c8216161265d1693387ba4ab77dc08,nuest_o2r-project.github.io
378,948ae382ae58d89f194b5107406d5ea3a381a053,nuest_o2r-project.github.io
379,94b1144927ccf15a3be39cc08a672490d005007d,nuest_o2r-project.github.io
380,94f2769d95867548b010c385a2ba97e4d12e7e56,nuest_o2r-project.github.io
381,95adff519d640a73ec8aa11efbf91757574bcf40,nuest_o2r-project.github.io
382,95c79092d8d2c01077055aa5410e2317a0c60f52,nuest_o2r-project.github.io
383,976c6e5445059e5d88ed8ae7ccfb8e676192ad6b,nuest_o2r-project.github.io
384,990894de0cded213136c1132c124902aca3430d1,nuest_o2r-project.github.io
385,993a1f86459db7a80aa9be1d6091e10d3390ac4d,nuest_o2r-project.github.io
386,9958e0e9a3f43378bb4af232df7fa4a6ec19268d,nuest_o2r-project.github.io
387,99672f8a8e33f2a7b26f4427f0b6ab2af2fbd306,nuest_o2r-project.github.io
388,99696994c5de4417f2f01dcdf0d803cb92b76e90,nuest_o2r-project.github.io
389,99b435c72e9cb8fc5372a6ff207f2d1e8e6ec0a7,nuest_o2r-project.github.io
390,9a08e39b2c4eaee729e96f4af3c598ea66eb0fc2,nuest_o2r-project.github.io
391,9a210e4348bebaa373871249f6fb59182267a116,nuest_o2r-project.github.io
392,9a33cbfe76cf402f211481603bab377a0f08dfdd,nuest_o2r-project.github.io
393,9ade4557d89f9e17957edd06de036412e382e054,nuest_o2r-project.github.io
394,9b6916832c7315183823b8590823f110d24027fb,nuest_o2r-project.github.io
395,9b9c380a760801caa407c8b4f4fd5942304cacfa,nuest_o2r-project.github.io
396,9d0bf14b7ec7a67a766d83083ae0ba2f75f19bb5,nuest_o2r-project.github.io
397,9d18dadda12fd90245e967e9a8dbfd8a14220161,nuest_o2r-project.github.io
398,9d5802ec0c884a9f78ecbae4dbba7203758959d8,nuest_o2r-project.github.io
399,9dc07429200ef65e6e58d13de35b3749e13c2b30,nuest_o2r-project.github.io
400,9e0c4ce253f49fd6731dcadbcb270603f5b4292b,nuest_o2r-project.github.io
401,9e33e5b8acbb2f22e6cc7246b5b227d5adbc38df,nuest_o2r-project.github.io
402,9e4ef2d8fb1ae54db089fc32c21e5c6ccbd9b168,nuest_o2r-project.github.io
403,9edca2f49934a20e2de8961e5f9bc96def9cbc40,nuest_o2r-project.github.io
404,9f2a54e7d34a825600a4b64c70dfbcdfdcb42783,nuest_o2r-project.github.io
405,9f49e1b9d261ab2211a93c7ebddd62d1b7a9f9c2,nuest_o2r-project.github.io
406,9f571267f6fa6ac0120a4da32352ec79052830a7,nuest_o2r-project.github.io
407,9f89111edd975072ff35c31ce8e4e03f2e7ce986,nuest_o2r-project.github.io
408,9fc2d3e565d158571bf8da050c5d23de434c9ec1,nuest_o2r-project.github.io
409,9fd2d113bbe581c8d80e0b2923aa0ed83ca6b2ef,nuest_o2r-project.github.io
410,a009415f4d48b2575861c349e5177b8a142149be,nuest_o2r-project.github.io
411,a0095a11db13442c29a2c7feaa8fadcd9efbdaba,nuest_o2r-project.github.io
412,a028751488c44849b3a62af0d0bdb71a34d7a142,nuest_o2r-project.github.io
413,a039bc9aa85a00c137e56b802c049eb777be42d7,nuest_o2r-project.github.io
414,a08f41342c1e5132da0f022bdae2079bdda6b7b8,nuest_o2r-project.github.io
415,a0c77868e82da27f984122289169db746a7a7e57,nuest_o2r-project.github.io
416,a11401cbc4980cdf6213b8468b43f6cc87c04e1d,nuest_o2r-project.github.io
417,a1e85a52639c5662e82d8d35420418b27865f803,nuest_o2r-project.github.io
418,a20d8c11f215721c366f70c7676ded0648363a47,nuest_o2r-project.github.io
419,a22dc388ccb4b3d2509c02920b9b5343568c689b,nuest_o2r-project.github.io
420,a2813b56103497e3db544fe2f129bd98647c40f5,nuest_o2r-project.github.io
421,a2d44d215a6b3829dc9da6216530ffbb54a9ef8c,nuest_o2r-project.github.io
422,a3dcc4351b40dbfa54556663d3dbdbf1349db392,nuest_o2r-project.github.io
423,a4ad1a279abdf22a8624e36fd4dfbb45dc75aceb,nuest_o2r-project.github.io
424,a4b74bdf36ba19ea5a450e02218e7b3f23446920,nuest_o2r-project.github.io
425,a51c2fc43c46cf0881857e4f3fe8ded8f89ceb5d,nuest_o2r-project.github.io
426,a58d9367d2c5b5aa9703e652f6562cc00a767dd1,nuest_o2r-project.github.io
427,a5906f0666857bd337645ec6bf388ebda4914424,nuest_o2r-project.github.io
428,a5c9e99d9abb8a70cfed5d6eb5e0c1e590282cd9,nuest_o2r-project.github.io
429,a5f12a12096b473b3bfb1d18a32ea9b0c016ee9e,nuest_o2r-project.github.io
430,a610699af7ff31bad45afc7b32a778147e2bcae5,nuest_o2r-project.github.io
431,a664b6966f025b20be8da158274706a85fa7acc4,nuest_o2r-project.github.io
432,a6b63933e35d516b83f653c02568bb2016e41eed,nuest_o2r-project.github.io
433,a6b98795f69c259b9362779a6957dd7f157ba6cf,nuest_o2r-project.github.io
434,a6ff435331bf25895af11e7eb6ecbe799957cdfe,nuest_o2r-project.github.io
435,a71f7c373134fdc0bfeedd23951c4d1e27ce6208,nuest_o2r-project.github.io
436,a72730270bbaa615739734a8ffc60de2d361d8fb,nuest_o2r-project.github.io
437,a73c8b769103f4f0ce00acf722556ddeee7c0b71,nuest_o2r-project.github.io
438,a74a5cbcd353a4749082fb6a0e77e34940cd0ec8,nuest_o2r-project.github.io
439,a788a96a22addbb8d98a8414e231f6cd71df0635,nuest_o2r-project.github.io
440,a7b501440181811e668ffed22df31e5aae91f5cc,nuest_o2r-project.github.io
441,a7c59cd24cce5f408dd68a34fea341ec38e1e4bb,nuest_o2r-project.github.io
442,a81efa40eebe9740b75c5df81405e25d8cd9fa49,nuest_o2r-project.github.io
443,a82cc222c65a0f296eab90cba21617f7e205727f,nuest_o2r-project.github.io
444,a836f0b3adc57c43776ffe71e2641d7631825b88,nuest_o2r-project.github.io
445,a84e965da57cff03c5054d02c0c0aaa49e13020b,nuest_o2r-project.github.io
446,a85561cae819bb6b36279892b1b5c8508f2f815e,nuest_o2r-project.github.io
447,a8769b6aae52f3b541fe42e660b05d3fb56bb012,nuest_o2r-project.github.io
448,a87fabcd4ef44132be7567f2671c3305e9e18596,nuest_o2r-project.github.io
449,a88acf0fa7f890d6c8b836e767f618b30e9d5af0,nuest_o2r-project.github.io
450,a8e075bff2c35c5e5112126c436e985497ff37ef,nuest_o2r-project.github.io
451,a8f4d364d14fa586524322f34d91ab4f8d713250,nuest_o2r-project.github.io
452,a914a9cefd2e99e8b511f9a78981e8a7fae9fa5f,nuest_o2r-project.github.io
453,a95b589b995d0a6023812d0b5cfd082a5a77f5d0,nuest_o2r-project.github.io
454,aa0f2fd5d12164e710e2817fcebeb53c8fa81398,nuest_o2r-project.github.io
455,aac2d577afe4076ef6dc35179669c8c390bcf427,nuest_o2r-project.github.io
456,aadc2ca61e793166745abb3cf956e619d9514495,nuest_o2r-project.github.io
457,ab1c3cfc8329bd8bd874d7a6c2816400fbd8b1ee,nuest_o2r-project.github.io
458,ab89ec42034ee4f2f286f55d98496625021c2500,nuest_o2r-project.github.io
459,ab97ab5cdd8cec49a7d9a2b2d065d97ab5025c58,nuest_o2r-project.github.io
460,ad08e2afac7cc6646ac5ecc8e699f5dc87ced9a4,nuest_o2r-project.github.io
461,ad6a84edea41e936bcbf18b3d5cf80e90acf3c94,nuest_o2r-project.github.io
462,ad85c312b9fa5aa749f182aa6e72c298d1af81e7,nuest_o2r-project.github.io
463,ae0f2458d0003ce0883d9685659ca8879a7f5b73,nuest_o2r-project.github.io
464,ae8bef894462ef55372cb5710e846c36826ffd25,nuest_o2r-project.github.io
465,aef80d0f3858200341afb0d483ea09e48d0a4f24,nuest_o2r-project.github.io
466,af738aceb4b43775bc634da1108424cf27f1b585,nuest_o2r-project.github.io
467,afae2db4e0d5dde0013b1184f830ee76751be7dc,nuest_o2r-project.github.io
468,afe401b839df89c33c11e294571e43fd130b51ef,nuest_o2r-project.github.io
469,b04c5a4138f63e4a6197b9d4d1ec159c4b13215a,nuest_o2r-project.github.io
470,b1777f323e76b20f60235e0b10b682682413e4b1,nuest_o2r-project.github.io
471,b2c36883b21a5c483828d18706f127fa207cc5dd,nuest_o2r-project.github.io
472,b32a9ed31acbf60dbeb5dfbbae50ac395f04c100,nuest_o2r-project.github.io
473,b3baa5b0f88233348c3d98632ac0c031d13aa3bb,nuest_o2r-project.github.io
474,b3ecdeb6d18d749899a8a616ad373c4978964ff6,nuest_o2r-project.github.io
475,b4be93e0111f0d5e576afe1c0e1fb4f41a1a08e1,nuest_o2r-project.github.io
476,b512527700f144c17a9ba73b705854e67bb79826,nuest_o2r-project.github.io
477,b55942c51aa36d88a09decf11aae9c7eadf834f2,nuest_o2r-project.github.io
478,b5bfe7867dcbbaee9bb5724d6e0339cca1496195,nuest_o2r-project.github.io
479,b5d08d5e29aab2f6fd2b71f14db0c0861e4000d5,nuest_o2r-project.github.io
480,b60623399ea3468b37c06dfc3d416f1dec03ef29,nuest_o2r-project.github.io
481,b68eab600b2be288693ef1c67d2b0de9b03d9aa4,nuest_o2r-project.github.io
482,b6948ea43d5f3da0d48642642da5fe5d5f296eb0,nuest_o2r-project.github.io
483,b69846c379a6968052f06f8ad98f99f610f6b9ba,nuest_o2r-project.github.io
484,b6fd6a9dd159678d3a121993e0533cd740a6f6a4,nuest_o2r-project.github.io
485,b701c271ed899655ea7d29b497b99b6f9c6e2fbe,nuest_o2r-project.github.io
486,b782776a307a24010e26c21d184e535d2ffb0cc5,nuest_o2r-project.github.io
487,b8618ce9a5d9d9483ca6fb58402ccf15e5cba37f,nuest_o2r-project.github.io
488,b935eee56c73c770c98088d759fc2f39d0db7e64,nuest_o2r-project.github.io
489,b959f5521a48ba8a9fe8a1c64ad379c5cb70ff43,nuest_o2r-project.github.io
490,b99df4b5cf3db65c2cf447ec07872da5352baad7,nuest_o2r-project.github.io
491,b9b4977810518b1c2ce83e7f51400a7b6c48b475,nuest_o2r-project.github.io
492,b9ed60d77a9a1f7d54ff2825d54688d587782476,nuest_o2r-project.github.io
493,ba3dc998b361095daf354e7b688492e66aae8b22,nuest_o2r-project.github.io
494,ba7e4885caa62a7ef2076b3aec6c344b38f4d328,nuest_o2r-project.github.io
495,ba9d504a32791ba02e5467ad5da9a65140d15be9,nuest_o2r-project.github.io
496,baa8d87562b8ef2087ae0caca7acf3c6a9c61c9b,nuest_o2r-project.github.io
497,bafde20ff985de5a42648669264e19ff5d50103c,nuest_o2r-project.github.io
498,bb2a7c0f2d1c793ec07605283b7b00ea6a05f35c,nuest_o2r-project.github.io
499,bc1db9b6590602ad95b6d4b1f36f5f7dad8f3f18,nuest_o2r-project.github.io
500,bcd445fdf4aca1e31153d0a145d4eee0e2702d14,nuest_o2r-project.github.io
501,bd23fe4a18bb1fea575d198ff89d42e7d7e37b9c,nuest_o2r-project.github.io
502,bd463fddb6a2041eaa3cf4e3936f3f615b20584e,nuest_o2r-project.github.io
503,be2272017e60950c8a53c5432481bb041259246d,nuest_o2r-project.github.io
504,bed0bf744cd51903fd2aa619b213a2cc4a932924,nuest_o2r-project.github.io
505,bef53aa6e013733e48a39ae28dbb65a7f1caf2f1,nuest_o2r-project.github.io
506,bfb2bbbffd037cc92b85a8ab193a316018a2c45c,nuest_o2r-project.github.io
507,c10cfc99abb60d34a5eaaef50279fcc581316c61,nuest_o2r-project.github.io
508,c16ef322cf0db6e3172dcb07dd5691359b992f0d,nuest_o2r-project.github.io
509,c1ba3774aced28e9c13a54d93a4c0475b30385df,nuest_o2r-project.github.io
510,c2dbd4accf3eaf6103fc4bf12c66079027abcac2,nuest_o2r-project.github.io
511,c2f83fbdd910fa422f72463a9f2faef50fe8fe19,nuest_o2r-project.github.io
512,c32b0d002079617537b1cf9bd918986af6093a30,nuest_o2r-project.github.io
513,c3550d1ce3ef54ffba1032eef62bddb21a5f2d94,nuest_o2r-project.github.io
514,c357a21e07bcfdbf5cc7bf20699f69a82dfdd5c8,nuest_o2r-project.github.io
515,c40f5b06aad4fae130c8e6ddbdcc58645f321838,nuest_o2r-project.github.io
516,c497c1ad94931afa962aac9420c3fdb18be9341f,nuest_o2r-project.github.io
517,c597ac1d9814dc2e6d992db40cf1ea82abf87551,nuest_o2r-project.github.io
518,c5f186d0be6c40a00ab5fa9aedfd72e81f5d13f8,nuest_o2r-project.github.io
519,c66663f49981948a4a146f0df6aba49d97ce9f72,nuest_o2r-project.github.io
520,c6fb98fb9202d61ef874c6578d7507f77be9afee,nuest_o2r-project.github.io
521,c81488859040445cf705d1edb395a2035218093d,nuest_o2r-project.github.io
522,c8b3ef247bbe2693d5c0871b0c1e2779dfb43e05,nuest_o2r-project.github.io
523,c94437d0a3a269c876a7f13f1c30f3f9f9b9a7a1,nuest_o2r-project.github.io
524,c9d35f52834c7480c8a5423996eb10f9e04d5460,nuest_o2r-project.github.io
525,cb02d228ed7d2982101f20e649722a615aad3691,nuest_o2r-project.github.io
526,cb0a704a3323c98e2a20c0856a37f383bc982499,nuest_o2r-project.github.io
527,cb23e50a67232cb899541a098a92c84c9bf4a830,nuest_o2r-project.github.io
528,cb3b96056ce9436d80399f159f01b56af1816990,nuest_o2r-project.github.io
529,cb6ba50f8813798969077a3713b03959d0c9cdd1,nuest_o2r-project.github.io
530,cb9498cc9d9a18ec7ac96bb56889739125818e1c,nuest_o2r-project.github.io
531,cbc79ca4692c194425dc8aea3419719eb9877eeb,nuest_o2r-project.github.io
532,cbf2f00febbf1019f05bde27fad8c2ef279c65c7,nuest_o2r-project.github.io
533,cc027bf3ff4c21ce4341be9045f3f82c1334d744,nuest_o2r-project.github.io
534,cd0d8d01f011da1a5be374602016803ac98acedf,nuest_o2r-project.github.io
535,cd1af5aa4d83b32f04ceb1671794b15670abdb90,nuest_o2r-project.github.io
536,cd22cf817096f2c6e6815822e1af44ebbd41f679,nuest_o2r-project.github.io
537,cd3afdb8052c23a16c96803c8a0eaf8bc4c790f9,nuest_o2r-project.github.io
538,cdcb5ee4d097df564ed72658ff43c3b099c1749d,nuest_o2r-project.github.io
539,ce945a88bea01c6c7dd8d4926314f1b59ce3521e,nuest_o2r-project.github.io
540,cec25d11c55542572cb9b83e365e72ffb476e586,nuest_o2r-project.github.io
541,cfbd2e21c593b745b581545a93f68eba70fc18ac,nuest_o2r-project.github.io
542,d0b673b202f151f0fcb75748d8b494bd245f54c0,nuest_o2r-project.github.io
543,d158886e5f1e74a1e23c4b65e681a175f9365c04,nuest_o2r-project.github.io
544,d1b3bd4460e7f311fa0fc1c9a034f08458147035,nuest_o2r-project.github.io
545,d26293fbf1eb95747e4189a3971a853103c69ee4,nuest_o2r-project.github.io
546,d30463fe2ee6f4d1644295922b89200d33795c76,nuest_o2r-project.github.io
547,d3acb41f9ff515b41f791c62ebcc3d8dd3e8061b,nuest_o2r-project.github.io
548,d4049d06cd28ac0f2d73fb7752711bd661a9e0f6,nuest_o2r-project.github.io
549,d46e9bf525870738ac6207e5d7f86a8530e2bf19,nuest_o2r-project.github.io
550,d4cb7f4db7d897163cdd4e09f6a0e8af9931053b,nuest_o2r-project.github.io
551,d5578a65d284a912cb085277b5b2fbe398287f3f,nuest_o2r-project.github.io
552,d5b39275fc9628022b37b3f6e215191f398f7182,nuest_o2r-project.github.io
553,d5f89b49c1b820f026fc65f103ca57674d706c63,nuest_o2r-project.github.io
554,d61f10d20e08a3a0cf3bc89bbc46cf15c0a5eb93,nuest_o2r-project.github.io
555,d6453b5e57d5d66eeec21c28083b82b9c0b2155a,nuest_o2r-project.github.io
556,d660db4aef2acd4c27af71f1b91429667912e8fc,nuest_o2r-project.github.io
557,d75e8afdb383b27aa101eb41cb38455e723477a0,nuest_o2r-project.github.io
558,d83103f8d5b11468948242af41342319938f01fd,nuest_o2r-project.github.io
559,d832aff00533b44007f56f987e265a3ef18a9501,nuest_o2r-project.github.io
560,d83a689524309fd90f67fa5b664ed7e44f17f0b2,nuest_o2r-project.github.io
561,d869143bc87e1b14233aed92d1f1b71fb8f3a0c5,nuest_o2r-project.github.io
562,d8dbb57ec0a10e2f67dfb07732ecbba2027eb229,nuest_o2r-project.github.io
563,d8dd92acd15150ff104c64c45351f8bd5b3ea151,nuest_o2r-project.github.io
564,d9aa561ec5685c1bc14f9aaaedcf77bb8b87c2f4,nuest_o2r-project.github.io
565,d9fd922608b08b6ca6f57e9df03970add8ab850e,nuest_o2r-project.github.io
566,da2c025675b1fb307a6992808d830c6c502c3b54,nuest_o2r-project.github.io
567,daa2e4dc38952d090a3b493656cee1176b01a4a7,nuest_o2r-project.github.io
568,dad9049ffc89bd8599866379ba9c620193795557,nuest_o2r-project.github.io
569,db3935a97c7129eb1bbc5405c010898bb03ecc36,nuest_o2r-project.github.io
570,db76ae1cd7f1cb29c9c23b975c299b4e54f8ee80,nuest_o2r-project.github.io
571,dc41815a26a339a2d6aa46e5853f13bfaf316198,nuest_o2r-project.github.io
572,dc7e0e6813e3ba1a12e8a7fc7f3de66a6ce1c85a,nuest_o2r-project.github.io
573,dc905a327d5184ca93e8553366e17a66c924008b,nuest_o2r-project.github.io
574,dcd894b474144fdc5158989daa64aa15582c90f9,nuest_o2r-project.github.io
575,dd77533ec3be6278efdc4c9519b798a6a13d3cf2,nuest_o2r-project.github.io
576,ddaf3ec0eb88138023d6330b529864f35d9a92e7,nuest_o2r-project.github.io
577,ddb180586381cdde56c9b0739eaf9a2e4724d872,nuest_o2r-project.github.io
578,ddcb33513525201b9ff3bde981e458a7588e0383,nuest_o2r-project.github.io
579,ddfd23bef00352c303a7a8ad1fbb978854dc9c21,nuest_o2r-project.github.io
580,de09d9cf3b89e2d3d827340740ad48d4822dcebe,nuest_o2r-project.github.io
581,dea1fc1eb6df78a7a490fac250692cb80917a12f,nuest_o2r-project.github.io
582,dec729fbccffe4932eb159b7e6e8991cb1582b5a,nuest_o2r-project.github.io
583,df404abf9317752cae8709854ba43bfb396e6db4,nuest_o2r-project.github.io
584,dfb8a482a7382381b2031249bd532e878bd4ab17,nuest_o2r-project.github.io
585,dfcaf7a482f7a556b942f731bd5e582cc2fbd039,nuest_o2r-project.github.io
586,dfcf44d68ab7649079a619715b27451e22f3f3f7,nuest_o2r-project.github.io
587,e117d7a114a9b71358b19d470533d2de6fb0f9df,nuest_o2r-project.github.io
588,e1387d07ae601dfa73ff637a2032f9d1fb4645aa,nuest_o2r-project.github.io
589,e16a36ea3d551b3031e496a346e6200a8c7d1ebb,nuest_o2r-project.github.io
590,e19612380d71875b194d06443566adacaa1d19ea,nuest_o2r-project.github.io
591,e1a673cc0e8065077a4c0dd4fc737ce5f106429b,nuest_o2r-project.github.io
592,e24f44e5daeeadae7b4c4d612a6adb7d9ffc116a,nuest_o2r-project.github.io
593,e2892063fa41d176878288d778a8232450f6af8e,nuest_o2r-project.github.io
594,e3068887c32055194b74ace78c5211fb7cc52d19,nuest_o2r-project.github.io
595,e32adffaae04d82838cf9cddaf60910640dada1a,nuest_o2r-project.github.io
596,e3a317ac5a46e1d83fe86f890cdb70762aa53351,nuest_o2r-project.github.io
597,e409e4c6965b685591ec6d4ec8d74e40222f79ac,nuest_o2r-project.github.io
598,e534e9d7d3cac64574cb0a9cc708bcf93521f54b,nuest_o2r-project.github.io
599,e5f15228907677d1436ef12593295beb01c3f077,nuest_o2r-project.github.io
600,e61553ec8b3ae5d9a048d3a7bf71baff27221b44,nuest_o2r-project.github.io
601,e66ba5373d1d3ac189775fdd46a4bb14820dc0c8,nuest_o2r-project.github.io
602,e66bc5195278e8b40eb241a923826a998f986496,nuest_o2r-project.github.io
603,e76db4b665361258dbc81c4e1bb8707f65dc2d4a,nuest_o2r-project.github.io
604,e7b1ea8c6daba343319003f5e4590e18ae8cc3d8,nuest_o2r-project.github.io
605,e805ecb923c6c265cf3bb64170f26c3939c60d75,nuest_o2r-project.github.io
606,e8791bd39bdcea355216d148f7476552b5c3966d,nuest_o2r-project.github.io
607,e8b5234ab13b87fbbe8bf0bd2de69b05a101a1a5,nuest_o2r-project.github.io
608,e901bfd8f7112c6cdb6d1b76a3c910ca5ee38a39,nuest_o2r-project.github.io
609,e98658fe24bb35a805182dac79a9e4492a8849c5,nuest_o2r-project.github.io
610,eac5da5bc88e12a9bc2973078f6ddc56ee85c196,nuest_o2r-project.github.io
611,eafc31776908dc268836b87310ba2ed06528e21a,nuest_o2r-project.github.io
612,ebc15e859c6ab6031616e8b61f2bd5ad0bc438de,nuest_o2r-project.github.io
613,ebff4cd3e0de246ed6c10d018c964ed93697b693,nuest_o2r-project.github.io
614,ec1f63cefbe199b998a3d292b258ad48c0030df9,nuest_o2r-project.github.io
615,ecb1dfa92668e41da90a9bcd1200b744ee61cc05,nuest_o2r-project.github.io
616,ece23cab0dca6c7256aa7f0b716528c8fb73fe44,nuest_o2r-project.github.io
617,ece73c0600ab402754081ae80c8cbd03325b4c2d,nuest_o2r-project.github.io
618,eda129ab2e486f2692998017a827aab75c2bc0c8,nuest_o2r-project.github.io
619,ee3c21bce0c6cf94edae01d12234dd77fbcdb584,nuest_o2r-project.github.io
620,ee9ebffa09be2b8fc8736ff3b2ac726f8c7a226d,nuest_o2r-project.github.io
621,ef2e8afc7cdc7eb9fd9d659d3a5ac1a46f37385b,nuest_o2r-project.github.io
622,ef51b1cc9833e6b383361e8cbf0abd466737dbe4,nuest_o2r-project.github.io
623,ef5acfe7f89a44f1cf9820ce67371302f7394e4b,nuest_o2r-project.github.io
624,ef623981a039818fea12e26243919cfa7ae31ad3,nuest_o2r-project.github.io
625,f0d321b96e73516f8ce615d1f7dc66f9c3f7c9eb,nuest_o2r-project.github.io
626,f18ba7d473b6807ad6d6d592ed257d297f249a8c,nuest_o2r-project.github.io
627,f1a0eaf5a6b7cd61e9f6fc7a812b99a9aa9749e2,nuest_o2r-project.github.io
628,f28a49e368cd17089ea9430b8b89a2c7cb90db1d,nuest_o2r-project.github.io
629,f2d28050e335f7c03ee3a5969b17d4cb78c6c0c5,nuest_o2r-project.github.io
630,f325ab852cb5106eeadd50b32d3c6bba15ba5e4b,nuest_o2r-project.github.io
631,f35bbf73e1b293cec5d8184da942551727728395,nuest_o2r-project.github.io
632,f45155ad8f808eb3a64434e213425b5d3af4dfff,nuest_o2r-project.github.io
633,f4a71c282abb7b9207b6db0a313b65ef961e5064,nuest_o2r-project.github.io
634,f4ebee082e64c17936fe32f8fbd19ea65a291a7b,nuest_o2r-project.github.io
635,f5180b3e62195cacd13fea9c42f72e77e4d0a2d5,nuest_o2r-project.github.io
636,f57eac75bd01c1a535fe9618b23e1904001a0c78,nuest_o2r-project.github.io
637,f5b24fefda9480063e871a2e9a433cc1e0996108,nuest_o2r-project.github.io
638,f5fa29159e771f6243008d1822c9fb5797ebba72,nuest_o2r-project.github.io
639,f622dd53a2f145c81b771121821ccd86d133c8b7,nuest_o2r-project.github.io
640,f6d82de7f0b373db32148c3b532670253569ccfe,nuest_o2r-project.github.io
641,f6f603dd47dd9270e95a0a0e36d15cb3e57f386f,nuest_o2r-project.github.io
642,f74f0424c39c97e76467d0a2192f09f76edb5aa4,nuest_o2r-project.github.io
643,f79d08165a886b0833226027a3ae29aa131f3e01,nuest_o2r-project.github.io
644,f7d2e21ff69f4e865d7acefd5d045a244ce74147,nuest_o2r-project.github.io
645,f83caa513f99e9e221bd064c7fe06d14bd157da5,nuest_o2r-project.github.io
646,f861030a1d33cfe14530ee98ba98497bf419eb94,nuest_o2r-project.github.io
647,f8e068944e8215e377a34ede2ace8b46dbc21823,nuest_o2r-project.github.io
648,f8e1788572e0c49b22feaf98de76936670ead150,nuest_o2r-project.github.io
649,f90838faddb4e7eb2c65fd43910bf189261ab0ec,nuest_o2r-project.github.io
650,f945c63e88d38936e72e5ffc7ac63f7bb0579086,nuest_o2r-project.github.io
651,f95fdd23070aa519b66060056f1bd011242966be,nuest_o2r-project.github.io
652,fa41f4745e02054afb94135f985f605857e8f23b,nuest_o2r-project.github.io
653,fa639d17baf20962da713cba97978788dff6a86b,nuest_o2r-project.github.io
654,fa8661f536d91b7d1611a4b5eb2b7290b91166c7,nuest_o2r-project.github.io
655,fa896e4c107cbe539f85349665c584602bb20b9d,nuest_o2r-project.github.io
656,faba593b9cac8256ee8bbf4986a00022a41729a1,nuest_o2r-project.github.io
657,fb1bc75640da2cf7462ae174ef12643b05def415,nuest_o2r-project.github.io
658,fb6398dc7e58f42133dc26b692792122e78b1832,nuest_o2r-project.github.io
659,fbe53a2903eb54ccb4f883c54c6a1b152e45cc21,nuest_o2r-project.github.io
660,fc436d5df237808217fe4252ebbeee7a6f328e8c,nuest_o2r-project.github.io
661,fcef676440ab70c0e13ffcae6df52b8df457f325,nuest_o2r-project.github.io
662,fd4c1e003db94434bd7e3b585a58e01d43568e4f,nuest_o2r-project.github.io
663,fd7b32eba43d19e5eae77647b88112f44d543202,nuest_o2r-project.github.io
664,fe61a07e689d9c93d640eb497bc46b708ac0b067,nuest_o2r-project.github.io
665,fed0f6e633ecb746e0049b011a6632658103718a,nuest_o2r-project.github.io
666,fed89e2a46050a0785830645df50a09e843fc4d3,nuest_o2r-project.github.io
667,ff3d95c1c70ad6e328aced08313ec282dd1008ae,nuest_o2r-project.github.io
668,ff5c2044c7ae444a98ffb6dfbf24df71e378876d,nuest_o2r-project.github.io
669,ffec4e1ad1d236cf05831cbe6eb9f0b3fa52443d,nuest_o2r-project.github.io
0,000ae7851782cc153bf58b1d9283603bc7b2e264,rednaga_apkid
1,005e53a2c55382e01108811b062aea0d1cc8c945,rednaga_apkid
2,009241dad0ea25a9ad64e0c90eda9ad8e2c77032,rednaga_apkid
3,0093f8d1a703e281d5c875766137457138e771d5,rednaga_apkid
4,00e963a3bd94aec3c7d95aaebf568a3f1e70b8bc,rednaga_apkid
5,0125df619efaedd9b7777f08f55fbc7a61b23699,rednaga_apkid
6,0132e468f482ba8983bae3f43ca5ef14fbcd97f2,rednaga_apkid
7,0166dd795107eb4e9373a5ab720d1f1053458a5c,rednaga_apkid
8,0187ad0ee04aa6e668c2b93ade52252ac6e4711b,rednaga_apkid
9,019aec0c3fdefd7c80714b0135253ed57f836e4e,rednaga_apkid
10,019d06280bd944068ffb3ee88da9a02c4b30937d,rednaga_apkid
11,01f685b711aac588f7a139d12929ea8339ae19ec,rednaga_apkid
12,02264fdf0c0c50befac89ac1479e9ad92f00f2e4,rednaga_apkid
13,023759ba3e861af64a86149e79c7a4d800901b50,rednaga_apkid
14,027c694affd33fd782cd0076224e2cad2e1df5a2,rednaga_apkid
15,02b72e7f97e582b7594cffc50e1da6541e599145,rednaga_apkid
16,02e58accddcdb6c110918468fa649df1eab9aa5c,rednaga_apkid
17,0300c809015ce1c21bffb2d27be8df9c77e832dc,rednaga_apkid
18,0322a8c7c29cdaacb84979826d64a3ddc9feeff6,rednaga_apkid
19,032f466a77b2b224f7161478a60007514f0bfc81,rednaga_apkid
20,03a66b60282d59daa11fbb34c3a5c94e661fb2f8,rednaga_apkid
21,03ac0b90833521b467f1ac4d2820026b882636bb,rednaga_apkid
22,03f8735d6ed2374938f8e33adac32030ca6e5f8d,rednaga_apkid
23,042fd005c2d55c28b893d0c3865e089090d6f3c4,rednaga_apkid
24,0446027c4a6cf485ad89e660a4eb0820bad2650c,rednaga_apkid
25,050335548e82f03a0712e6c06a9e5e2500fbea14,rednaga_apkid
26,0546b0613b42fc0ee78627974d9de8393a9c65bf,rednaga_apkid
27,058afc537b7e16dd62aad97020981f748316aa79,rednaga_apkid
28,05addfa630e3bce14ac8462e93f1fb5a6ec6c3f0,rednaga_apkid
29,05b032b7d60b3b8d9f2fb295797764a032f1fcd3,rednaga_apkid
30,05b5585e58fc2850eafbc26528a47a031debaf6e,rednaga_apkid
31,05c658e584588bc5659011f74f7d740f68024a9f,rednaga_apkid
32,063b9a9238c58980553ef56402205e417a36053c,rednaga_apkid
33,066eab7d13e8f78f38bfe02c452b8dd23c14f00d,rednaga_apkid
34,06a824c68c2953724a5e5761f2cb4be40c9e9d28,rednaga_apkid
35,06f1eba393e1b760c8eeafecab300c92ed261a1a,rednaga_apkid
36,0725f95f9cc8f5228ba3482add5df15cc0ba4ce8,rednaga_apkid
37,0765e8a31555460f2b9c7cef2b86837f1be173a9,rednaga_apkid
38,07a59f5769a335abbcccf2ab0f26d11d9cd4e6fb,rednaga_apkid
39,07cda5cb11734b3a5ed8ea0a516fa5f30cbc16ec,rednaga_apkid
40,092090e796088f1b5073754800f49e9a47ebc078,rednaga_apkid
41,0990c42408368e86c9571108411c0a968a879c16,rednaga_apkid
42,09d231fefc21054b360ab32a00fda692678f7155,rednaga_apkid
43,09d8d575ff9430398a450056d3f6036be7aafc55,rednaga_apkid
44,0a1672fc4a4f29e6af629f4bc7db0074540a2895,rednaga_apkid
45,0a3e710f604f153e7e28fedbd7cab4e1492a1aaf,rednaga_apkid
46,0acb215aceebde04f207afb4553d712c5ac02bd9,rednaga_apkid
47,0b12113dbe7578fd0e7e0a7205ada7c547e1222c,rednaga_apkid
48,0b5a130acbe54f5885892f48ee1dc36b2e48f122,rednaga_apkid
49,0b71121983b1ad02fc68b7fc7ed76689dc920e16,rednaga_apkid
50,0b9e1a51db7512175a714ea4df24e4388ee31761,rednaga_apkid
51,0bab7d772c56bfe697bae8c82f530d7465020e0c,rednaga_apkid
52,0c07a96891a2baf478183828dc300a4019c87ff6,rednaga_apkid
53,0c27ca25f8fcd26354a6cdecf55f3c7d85b64d5c,rednaga_apkid
54,0c568821f9c7011161419a4dd289a5e076c81846,rednaga_apkid
55,0c7fa8d09c3b3da40f2b40576ed59a306698f93a,rednaga_apkid
56,0ca01877be4d46c8353745e7faac1763c152c91d,rednaga_apkid
57,0ccd19f1377177231ce4784a62df9f8cef3fb12e,rednaga_apkid
58,0d1e68512797229821bee44f85828baf73373988,rednaga_apkid
59,0d255c75e64adb0451bea10aced44f58188a0e75,rednaga_apkid
60,0d2706c639770a896d674f91d1b3b3b66607aa87,rednaga_apkid
61,0d4343a46a624a7b4dff1411a1fec18ce418664b,rednaga_apkid
62,0d56c1147f317983d5443c2bfe1275706f9a4352,rednaga_apkid
63,0d9ef9f55d422a036aeacdf780eda86075485df6,rednaga_apkid
64,0da48264f56dc9cc53c7e11c458721db5bc902ad,rednaga_apkid
65,0dafd00b76a6ffd08a86b047eef95df226d75989,rednaga_apkid
66,0dee4995c3308a127e039ec97844338f018d7f48,rednaga_apkid
67,0e35cfabc32e51bb7d562186502d4281ec40af53,rednaga_apkid
68,0eb1ab07e2560a380d7d052a3c8d25baf04acbf6,rednaga_apkid
69,0ed0c863dd7acf8fcf9880e667952200fcb92d46,rednaga_apkid
70,0edb9a94824d593de4e306f6448069f5dbc8694d,rednaga_apkid
71,0ee1147a7e62d47a106848f5c2011d5652e3dc49,rednaga_apkid
72,0f3461fafc3397b7b6a9909535957ede4cff871b,rednaga_apkid
73,0f39ad199f256dd2de5d588479da88cad5ad40c8,rednaga_apkid
74,0f4f4e460a2da7cdbb6ab541e1a4ca010639ba86,rednaga_apkid
75,0f5fac2d30b72d938bff47da3952192aaca9aa86,rednaga_apkid
76,0fca3c7eb20ec05a22e5a36a765b40e16672c4c7,rednaga_apkid
77,1039ef656f84dc0fd3937bc9cc3d2808df03513c,rednaga_apkid
78,104e18de8d0e21b11973b47b77b69207cfdfc71f,rednaga_apkid
79,106f1b6e49a65f3b28359f9b9d7ed9c7945f2af7,rednaga_apkid
80,10a20e7dda99060db41166f11e7437e5a862d9de,rednaga_apkid
81,10fb9c6ebef37ba28edb0e82243522f6313fad39,rednaga_apkid
82,1115dab0b83f0a1eb40d402cfafca567e2d06523,rednaga_apkid
83,115a902d540fbedb0c2b1114381c1db09daf7c6d,rednaga_apkid
84,11837f9885c379f624982c5c642e2480876206d6,rednaga_apkid
85,119ae8b5f89773730324bb9ecc5ab61a210bd6e0,rednaga_apkid
86,120b8524e56b46a10f7fa8ce1294aa1f21dd98fa,rednaga_apkid
87,1252935fee9f333b621ea28b13d32aaf30ea2988,rednaga_apkid
88,12681ee23aa525aaf0c9f9608d7e897b7c131107,rednaga_apkid
89,1268de5ccf08708f841c926a1c78f896b7fa1ac2,rednaga_apkid
90,126d7dbb7a7f07be25852bc31e0cbe35c93e81c5,rednaga_apkid
91,12740c43541c25ab9fe892136300d48936343c1d,rednaga_apkid
92,12c18034b11132d037d9d83ef11e4dc14eafec38,rednaga_apkid
93,133caaeef692793635b3c7419e7466f631bad3e0,rednaga_apkid
94,1377780ed5fa96c777ff6300ef21e136b822b1c1,rednaga_apkid
95,1389766782083584ec72ea137ad7eec43ca70465,rednaga_apkid
96,13f3ce0feccd582b7bfc2d3440eb781a54eddc0d,rednaga_apkid
97,140f1b4b9ce191a7889baa5b96487b5c4bc55d75,rednaga_apkid
98,141bd252395d6e755bbec3ae2be8e715b3832f4d,rednaga_apkid
99,14354038b5032fdf66627dabcd76b23ab58fe642,rednaga_apkid
100,144dc937241743e1146bdb2b44c54661fe53f38a,rednaga_apkid
101,14601906a009d19dfc616fa9ccab54a36034793a,rednaga_apkid
102,14926f2e57afad5b34b01d8cc984adcdc8a97f6e,rednaga_apkid
103,150511cdce6ba72905cd49abcee4cd75e173be7b,rednaga_apkid
104,1577d060796ae3428fb123bc2553c785bd0d2cdf,rednaga_apkid
105,15cfd59a91fd61726c14ef4bd05921dbb597b0bf,rednaga_apkid
106,15e6ec60851350444f2f498aab8b3aad590d18e5,rednaga_apkid
107,15e8908010b2264b907920f070deec8b125198f8,rednaga_apkid
108,165c16452f7e28251e06a1571d8a08cab4683ea6,rednaga_apkid
109,16deb185446fac534d64646090d87599ed0a403d,rednaga_apkid
110,170f8dfd11fa5cde610bbe4e4f07f45501ddbfe2,rednaga_apkid
111,1728ab0c9592a53e60c4a41afaab1fa3dedb2dd1,rednaga_apkid
112,1737c0ea0e1066077afc30ccebdbfd468ed0ee84,rednaga_apkid
113,17b6cce9a7bc1308bf0d8cfee334e9b1b9ae4677,rednaga_apkid
114,18726fe6bb87cf4511bff75bda3dcb0265932546,rednaga_apkid
115,18ad176ed353f095a3ceb4b64518630f3aba3d4e,rednaga_apkid
116,18d74d851b9af30ae75287f670e423b3aec0fed4,rednaga_apkid
117,18dd38d8e62fa6c532c40e86872a83f3a7d35ed0,rednaga_apkid
118,190cecf36d219809e0774938ede0a2465abc8d1b,rednaga_apkid
119,19c0348ac25f7eaa0c3776ad8abbeee05f50709c,rednaga_apkid
120,1a2a615fab375ef7c91b1f079505e841a8af7c9a,rednaga_apkid
121,1a6b66b691006d3bc2c74f1a0f38d3fc48f042b5,rednaga_apkid
122,1aa65b7d700a1a0457800273d75951df5cd51568,rednaga_apkid
123,1abac5a1e6ab5132fb0e8fa52149f2610d98af5d,rednaga_apkid
124,1ac4322092eac21357739dbac1139f7223abe517,rednaga_apkid
125,1b8b884cf3de321156bde08a37c1769aaa1b8e31,rednaga_apkid
126,1bb0f5cafa2c999b38ef30009c442d91e4e74056,rednaga_apkid
127,1c108d70e88c6ce694c59027a520e18a37de4ebe,rednaga_apkid
128,1c762140ed62ad096521710186b8a57d3055cf13,rednaga_apkid
129,1cd4370004cef5188af701f5b899127b23342681,rednaga_apkid
130,1d08e2e5842b08ed5ae22fed3dbe7df7670147c7,rednaga_apkid
131,1d33d0630782dadf22d0deb800f944fd584abe6f,rednaga_apkid
132,1d98c147dc0f3fff2f167f12d4dd4d8db3ced244,rednaga_apkid
133,1e368857a0cde08a378003745676dbcceeae04e2,rednaga_apkid
134,1e376cbf0768f1a7426ad7daf7194ad815e63e4a,rednaga_apkid
135,1fa11a9e3573c0a15af1b807a43cbcbbabe5b21c,rednaga_apkid
136,1fdda781043574a2ca15757f88dc41a548ac1e1f,rednaga_apkid
137,1fe75a8c4d00b3f43ff36af1f16ab184997fb0e3,rednaga_apkid
138,201ae059c312861f01bc1fca551f83ee0a07fd8a,rednaga_apkid
139,202f3f16ad4c92122c9241ffb7fc64a54b445640,rednaga_apkid
140,205bcc651343278be2c9b90b5245cb74dceb6440,rednaga_apkid
141,20a4fb09597455b7f1320b0fd41399aad3ae7b7d,rednaga_apkid
142,20c1fd9139594de3ec9f8363164c1888a5da041f,rednaga_apkid
143,20cbdb215732cfc6009fb49fe525f00394c15823,rednaga_apkid
144,20d756b8f630efdf81b27d14df635210bcc0f414,rednaga_apkid
145,20dcb405ae093d6c2a325cf0a6c4501e2bcae362,rednaga_apkid
146,20e40a6e94154685582cdf84d44255185ef8618b,rednaga_apkid
147,20efe0093948cfdc14fc2ee97ce6ec54a0cc32fb,rednaga_apkid
148,20ff668f205d87f15fb3b17fa19c8b633335d8b2,rednaga_apkid
149,21680d1b28ce48eea0c46c49bad6a67489c655b6,rednaga_apkid
150,2189be05baf5d80d77dc83e088ffa06a875780dd,rednaga_apkid
151,21cc70185db6994e351df8995f27c2c17b31cca1,rednaga_apkid
152,21ce1487819652ee53d066768528afe6e59540b1,rednaga_apkid
153,21d7640f86342ee6502da84b36c9cd1f44af612a,rednaga_apkid
154,221700ef35268e129191c30a0a85fd891f07368f,rednaga_apkid
155,22212ae6dd547d4a8cdb5792aa8c505bb4f616d0,rednaga_apkid
156,22333c0037c40928a95d5c115c5660c88e0cf64e,rednaga_apkid
157,224c4d30891d93db813124d52651bb955dce28f6,rednaga_apkid
158,225f0a24da12ee0ab684bba426f4bbe06dc6a6b7,rednaga_apkid
159,2261f46c2f8dc1630099381298f04aafad74b3e0,rednaga_apkid
160,22d1bfe9b6fa5f37dc4f9af2324e438113e6d516,rednaga_apkid
161,23137f75f58f6e22a805ae6b37c277481f0bc3ec,rednaga_apkid
162,233a91f586568307c9893e19bb9aaee300229b72,rednaga_apkid
163,235a8c7b84bc7780d0370d8a3479585b3ff6bad8,rednaga_apkid
164,2365c680b62260231ac0db085ec0525236343f1b,rednaga_apkid
165,237211add608a68c3bc51eb13cb214568d433b34,rednaga_apkid
166,240213c32710ee4f5d0f57d7e1a734b620a5125f,rednaga_apkid
167,240d748ab5f087980fb017bb715d3886c8a7250f,rednaga_apkid
168,24a9d8e1220ef1f662b5a9971e372ac63e2e0c2d,rednaga_apkid
169,24f149e6264195b2a0fe88d952560e2013613d55,rednaga_apkid
170,250909264ebeff6736c64f971f2753abe2f6c050,rednaga_apkid
171,2509b96e03b56190085c19736ccc66db7e90bcbd,rednaga_apkid
172,253c69ef37c816044fae4c6f5767bba0b9fea97e,rednaga_apkid
173,257c414cf1bf5c02ec0df69f4dfe9d2ed855dfaa,rednaga_apkid
174,257dd48306c3da1b85813794598f4a61313ed583,rednaga_apkid
175,25a0b63b14f937f50cde91fb6693ecbf743ffc98,rednaga_apkid
176,2704c2aee87e368644f1a3f557a3341a6af58a9b,rednaga_apkid
177,27792870ad7e5b6badcc02a496d7bc6cc10520e6,rednaga_apkid
178,27a7871fa71af1c2cff11a4719911be18c5f7963,rednaga_apkid
179,27c9b5db13e280f5736e1bb2d9bb6f47ed630f6d,rednaga_apkid
180,27cbc44110f856ec57a3188783074c2555dec640,rednaga_apkid
181,27e5de46573b35ab89833716c7067a555375324c,rednaga_apkid
182,282f16dfcffcf62c13611ec6ba05bced854dd029,rednaga_apkid
183,28510616072650465bc4d23256bbba0a62fa98c9,rednaga_apkid
184,28fd4c687f204d8d8a8c66f492bcbbfdbcdeb6db,rednaga_apkid
185,293fc987a30a915b8a218f9ad0f8454d088e0eb6,rednaga_apkid
186,295e66059d2771199b35005fbb2d59bcdfa4127c,rednaga_apkid
187,299148397aa89268890dc2c9919b6b8d5b7c1b32,rednaga_apkid
188,29c75df7f30bd95bfde8f8d8796eab136aab7a11,rednaga_apkid
189,29d4f9a9907855b3b69af60b74947a7e064ced49,rednaga_apkid
190,2a038f4f9ec02791758f3a19f40096b41f78a84d,rednaga_apkid
191,2a40d5ec0c265f017d4b27ec453d06ed4186243e,rednaga_apkid
192,2b4b618eb1cb9c3b70d39fc26af4d14b5c187122,rednaga_apkid
193,2b60470c846b82fee3ec5c1686a19f782f24570f,rednaga_apkid
194,2b8be0b0b0390a3420c2cc4214cae252dd72191e,rednaga_apkid
195,2ba23b8aa6ef49feb2b5dcc170091e3643540c0f,rednaga_apkid
196,2bf300235251e5149231ce2ea7514e401d7edfa7,rednaga_apkid
197,2c07e5f5a69e031572d735caf7f0cde487275f57,rednaga_apkid
198,2c7e0df319d87c7d8f5f8db0de819d8ea91c7a85,rednaga_apkid
199,2c9b16004048a2418e75bddb43f538b704597308,rednaga_apkid
200,2cdcad5526777e8f76b29d2dc6efe9e3bd2fd71a,rednaga_apkid
201,2ced08c40209f8ab40129354112e85e397a659ab,rednaga_apkid
202,2d5c3b3c2b76306c22d2a045b8b98ce972d3cc71,rednaga_apkid
203,2d75a99c77383b6e090a1b0f6dbe0c0c528eb341,rednaga_apkid
204,2d8f04cae3324deefcc9beb74a3b176b6276ceda,rednaga_apkid
205,2dd40de67a0aea967f26a70608967a7c82b89cbf,rednaga_apkid
206,2ddf374cca2088d0b21f43ec670ace435dbdb9b9,rednaga_apkid
207,2def78650d3c334a15667a9d3f982a64207c5d4c,rednaga_apkid
208,2e0b6a93c5a37e5f3fc7bb6352463be3c932df63,rednaga_apkid
209,2e3b0586ae5256a26ed6ae91191f1b029e41eaf4,rednaga_apkid
210,2e44143261fae90a8efd4536d247371c70d8cf2a,rednaga_apkid
211,2e53651de589aa0ae2ce011eaf2da2b6fee63881,rednaga_apkid
212,2e74146422f1db8e1fa845c770e0f70541d8d422,rednaga_apkid
213,2e999bef907338007830323a98303ddaee4c3d7b,rednaga_apkid
214,2ec3494f218652eae6fbbafc9cacdc35d84d2d78,rednaga_apkid
215,2f3328c2e55ad026b799d2a4cafdd0964de5aa5d,rednaga_apkid
216,2f6a5b575a2e7ec3666e4a5d57ffd9628270e464,rednaga_apkid
217,2f7ec33446b6497ee15f01e6d34c6040f9fa9c1b,rednaga_apkid
218,2fba5b42b646523e266aa9c236a51d392d119ff3,rednaga_apkid
219,303fd2a66c58135c2edb708bce931ccb30e4ae37,rednaga_apkid
220,30a23a4357a2f8dab95250c1d1955241241cf180,rednaga_apkid
221,312700fe2d5ebefaa8a944f6b581b499803eab76,rednaga_apkid
222,31461f726064875e6e619b5c44aff3862e4559bb,rednaga_apkid
223,3155f68071851943b22ed24458281be9f59784b4,rednaga_apkid
224,31809f6d837d4e64cc5303a9ee14d8458624716f,rednaga_apkid
225,320f351d6c466b9dd86f616d53701ba0cf7da559,rednaga_apkid
226,32496e41b3e10087673c1f941cb961b8ed096806,rednaga_apkid
227,327824614f39a14e711f58b185eb629118a0c21a,rednaga_apkid
228,328668328bed74141692c12f3124e2510ae8fc09,rednaga_apkid
229,3304d03ffdad710d1932922815c32ccee468278b,rednaga_apkid
230,332eb43fccee9744aca43023d0b6994e9ae48b3e,rednaga_apkid
231,33559f18bfc66b71f7dc8e717b6494886918832d,rednaga_apkid
232,33984f451c524a856df071fb8b8603d083f332ef,rednaga_apkid
233,33b9643ea87ce4a655f6095e7521d81838e34b23,rednaga_apkid
234,33c7cc3d6c6bc8e66e14be9f72b9ea0753214db3,rednaga_apkid
235,3408c809d99b02818267e90fd1eee72a8d1fd8d5,rednaga_apkid
236,343ccdc73d0b273caf19d01975b7a406d73ab82a,rednaga_apkid
237,34a3d754a137401238baa1fab3324f16898a7a3d,rednaga_apkid
238,34ac6c0444f130b0c489ace5c0ac12f0a08c6804,rednaga_apkid
239,34cecfb2deb8d96594cc311a61f07b9e0ae1b1d3,rednaga_apkid
240,351f651fbc850f89cd5864b85da1d6ab5eac545c,rednaga_apkid
241,352336948082b2f118dd7f855703da9ed4e315f5,rednaga_apkid
242,3531086ad1458b4c246a5217ec990243772ede33,rednaga_apkid
243,3577853b4bdd8d424a86b3ec99a82412948e6c77,rednaga_apkid
244,35f77953555fc2743d3d2824d701ad00ef7cd070,rednaga_apkid
245,35feb0468a6414d62cd41484fa9b6661eee73ef3,rednaga_apkid
246,364d5666d6186fd561908d07f581c83413fa9b2a,rednaga_apkid
247,3666ad5e515c8fa57b46d539fe19ff1d9406f69a,rednaga_apkid
248,377cb73cc47a055dfb9a96179d1315b7763c7cec,rednaga_apkid
249,379bfb52f195dbcbad091729e0e286d9227de02c,rednaga_apkid
250,37a33edcada10c0b4bbe843d64e29cc07fc71f35,rednaga_apkid
251,37bd5a3a6b1149d41ff5315cdb987fb18cd8e72d,rednaga_apkid
252,37c245a4b2d89bbab2f2505e3257e90770878039,rednaga_apkid
253,385f412d82b9f7de9721909849b56095cf23a846,rednaga_apkid
254,38a11260914903b21df1a16a2129768832cc29d3,rednaga_apkid
255,390b5bd58f42f137a39b1bedf46dd4423da66bd9,rednaga_apkid
256,399dba6996a77d1ec58d80c839592bfb4813053b,rednaga_apkid
257,39a42edde01311e33f81b1688e833f3e24cf05aa,rednaga_apkid
258,3a01c859025ffb82daa306e2dba69b1892b89e95,rednaga_apkid
259,3a2f8bd0d406ad51500a080e26f8dd6a55c4844b,rednaga_apkid
260,3a39d1f7b1549e9b5cc93ff174da51274f8fd425,rednaga_apkid
261,3aa175ba7977c014cce006256a83fad9ea644d47,rednaga_apkid
262,3ac2d5db367b51006ea81d1e870113aa35342bdb,rednaga_apkid
263,3bbba53a28b0a2e9526e2d9ea062e366c03156cb,rednaga_apkid
264,3bc916b49bf97f9a89751573b2f65f111f2fae0b,rednaga_apkid
265,3bd2e6ff7830da8ccab4f4f621d2ad3d26637deb,rednaga_apkid
266,3c8f7bffca492344fb89dcfb07f662b4676d0532,rednaga_apkid
267,3ce8f17c8f2b7dd387cb44fec748913aae778627,rednaga_apkid
268,3d31bfd69ed87f2315a121f9bdfeec3f549ce251,rednaga_apkid
269,3e2401607ae80f73cc24ca75d814da58affda72d,rednaga_apkid
270,3e656305451d2be6df2aa50f133b1983d2ee14af,rednaga_apkid
271,3efde6f7e6baed79658969cf0984493e92f966c1,rednaga_apkid
272,3f2e06b0c250547553ddc98a5ac4188edd6971ae,rednaga_apkid
273,3f3dc3e2e070488ced092ffae23d99a14800789c,rednaga_apkid
274,3f67af5cf5bc5c8c59f1ef912c73f628e4b1d6d5,rednaga_apkid
275,3f962603d33bef4268d338d13b80b8363191e2b2,rednaga_apkid
276,3fc72dee29febc30ac34ebfd5d15d4cd4b74ddb8,rednaga_apkid
277,3fd2b25f3277edbf26dc4353b72460cba5429e8e,rednaga_apkid
278,400467d41662e41ca784ea78f29a23c3b9e73539,rednaga_apkid
279,40402959c9dc71241e50de2572414c3df8c55664,rednaga_apkid
280,41744ace17ea9da40b16b563f428b3e125c9c6e8,rednaga_apkid
281,41b5c057d2e3c1c06e315fbc118b719d8114f39f,rednaga_apkid
282,41e24aa6604b81507c00301d9cab3ec53b35b9bb,rednaga_apkid
283,42185c49db8f41fc6cb69c5baf6e502b4720e0d4,rednaga_apkid
284,4238a9c81f01bc76a29153e431f7c78e4909da77,rednaga_apkid
285,42b4831b6d50f90e2cf54dd104aff0724d356c9a,rednaga_apkid
286,42bb5b951f6016f85bf34c20b1e91900def757fb,rednaga_apkid
287,43484e2ed0ec477bb349e93dc21790ffbe47ff73,rednaga_apkid
288,4348818ee5dd10480af9e065dc819104265b6646,rednaga_apkid
289,43666a25cb57ef23b80a2f3e9d28af20cd4e5780,rednaga_apkid
290,43850fea7f70ef7c9c3bfd605742e36407dee7fa,rednaga_apkid
291,438c6ee1e79b59e5ba0d8d99d56de64c81c61696,rednaga_apkid
292,43997d03eb95f025856eedc335bffbc048fac660,rednaga_apkid
293,43eeafbe246b341f06b3fa403b24fdae07ca7790,rednaga_apkid
294,44005102d3c639706d5ec01f6fd578729addd343,rednaga_apkid
295,44548cd26b0984dddff14b160fe76d3908cf7708,rednaga_apkid
296,44b76748ae54893f43329f9c34d40b2d8a9250fe,rednaga_apkid
297,456b6c3ab4d5ee1eb77c778bfe59c3996e407b63,rednaga_apkid
298,457b258fb2fdc5562c2161057ec315bb9a6da23b,rednaga_apkid
299,463e9e3cfc340c5b9aa4c07eb938afa62118bba2,rednaga_apkid
300,46881bc9a9842b802a546120b8fac4ee551bfd16,rednaga_apkid
301,471a3e6c62f2d8e30ad3fdfe8b822c96e0a6e740,rednaga_apkid
302,47c3c99e91295d19bf07e7fbd062c4b0927aa0eb,rednaga_apkid
303,484930fff5e846646ef0dc922a4d870c0f374b8a,rednaga_apkid
304,48657a027f457ba6ad7a1370bd9839ae577c348f,rednaga_apkid
305,49579befccf90c3bd97072fc09ee25c8b06dc1af,rednaga_apkid
306,49c68220ab8e28d8db0aa6711e273f02a02520ac,rednaga_apkid
307,4a711401df573c91afcc92d31b1c5d8af5eb01f8,rednaga_apkid
308,4a825f9e484e56cd8a948258b16a7011e8c26404,rednaga_apkid
309,4ad01a159800d084a9155406cdd258dffe443bce,rednaga_apkid
310,4ad6a9e42c1d9a77020e5e756fb4acf859f7310e,rednaga_apkid
311,4af4771ba653d0157551d702bfa19632bb962fe1,rednaga_apkid
312,4bd728a338f18a393300c284dfcb296130ebe748,rednaga_apkid
313,4c357088ce88c1027f32b691667f6f55e52f77df,rednaga_apkid
314,4c529c33245f348c976cbe8198e69939b358b68d,rednaga_apkid
315,4c53bfbcd0eaa5e4984dc9c581f3f99ac26edd49,rednaga_apkid
316,4c5874e93717cff15bcce8f00876b2ccc8815fb8,rednaga_apkid
317,4c7afa8e5811ace3e3267e93085ec9d4577acac4,rednaga_apkid
318,4c7d737253adf080adf9c8a5eb4ce2501d595523,rednaga_apkid
319,4d7d6e40be43b4f7b143ee202d587517b5e15fff,rednaga_apkid
320,4d87c1d737540a3f747a707d679563097d94fbc1,rednaga_apkid
321,4e12481899f20a72d20be9fc13e95dff6d6ec806,rednaga_apkid
322,4e690ddb625451ce233040824a94d3ef5ddc5b00,rednaga_apkid
323,4e74a8f6c90c2102423b74f028e92ca4a1136110,rednaga_apkid
324,4e78668be3ad5955e5e6944f74bf6ffbe7ae3587,rednaga_apkid
325,4e8da00998e8b92fc935500fb65f155ab7a15c8a,rednaga_apkid
326,4e94c28873db35cd002b77640dd2dbe630d94f16,rednaga_apkid
327,4e94d7655cc0a6434af745a08ae6f55ef69069d6,rednaga_apkid
328,4ee8d2a232e67e7a358a14866da03e6dea6e6247,rednaga_apkid
329,4efca42215b09f51f6d059710dfdaed97dd56b0b,rednaga_apkid
330,4f559410476b04486b67bafd17e0895a1d6ff16b,rednaga_apkid
331,4f60c3d46eb83dff92413d13f643894e41e46014,rednaga_apkid
332,4f6e416c35a8e62f75664f3c8cca6140a6070dcf,rednaga_apkid
333,5026ca61754ce31c286c64d8648d146759142f9a,rednaga_apkid
334,502fd06368d84f3779b934109fa12f2663351d6d,rednaga_apkid
335,508395b1830e1e0434979831869399f963d1b45f,rednaga_apkid
336,50894076861949363c10dfee177b034f336b352f,rednaga_apkid
337,50b1a76c853d13104e1ee4323712d08266038807,rednaga_apkid
338,50b6cc967019aee70f799a4c8a33a2295fc8ab91,rednaga_apkid
339,50de19d1d095138b943ec2728eb7212a3bdb3c6a,rednaga_apkid
340,5185174405c985449273900a5b6f1432604ad569,rednaga_apkid
341,51ab9bc3d71574367a837618d7d590fae06a18c7,rednaga_apkid
342,51bee0123d873dd3aa715a0b355feb5c777b6ece,rednaga_apkid
343,520b30383d7d50e00d18fdb9033971ca5b92f4bb,rednaga_apkid
344,5223d1ad13d8bb7764bf2cafa5ca41459d9a9f4e,rednaga_apkid
345,530a2b2dca6f5746e00273008ccc6c7019a08dfb,rednaga_apkid
346,5310a69731f2fb51c9e31908053b2c49ab1cfa72,rednaga_apkid
347,53577e786e4cb8e887a72911e21c654dd02cffd1,rednaga_apkid
348,541a02da45dbd4c8e46b191fae4d6f54d4afa1af,rednaga_apkid
349,54c5821e53e4e0e1647142232088b1b8fc251c8f,rednaga_apkid
350,5547c4fee4bf93ef41579f82623cc44763c700d6,rednaga_apkid
351,554a7897476b5177278d51696a253bf3bced3554,rednaga_apkid
352,55947ae2dc0d8468ba9c40b09c2e350ef6778d85,rednaga_apkid
353,55af7fcc5776b7c6adc2dff140bf086eceedd22c,rednaga_apkid
354,55cc52db5380a477a9bceba4583a8caadb28ab61,rednaga_apkid
355,563034844da4c5f5938dd1b53bc3793be07e252d,rednaga_apkid
356,5650ed91ea377d4cc5fcf670b5024d256a3b2c2a,rednaga_apkid
357,56ad00e66d83bcc300664668f1811997c0fff9e2,rednaga_apkid
358,571b6c6916a5c145dfcd9040d5b3d3b8877443ae,rednaga_apkid
359,57289cb262db36585470af3421560ca80ba049cd,rednaga_apkid
360,5735cde8be1d52a9fa529101063ab3f3eb685424,rednaga_apkid
361,57635b504c8b670dc578ada5310908d8a48011b0,rednaga_apkid
362,576d2c38ed64f1c307d749a7533554e8dd1d3c2a,rednaga_apkid
363,57c29339b651be63f15dd9f872b5bae44659a8f7,rednaga_apkid
364,57c6989f93b2a2ea1cdf467fba9f9fca920aef29,rednaga_apkid
365,57d023817e374dd6f26eb2eaddbfae616bcb074b,rednaga_apkid
366,57d5f34cf477718889533b1d9f24b6a82b905401,rednaga_apkid
367,581ae51e3120201fc38ec5527aa27c6be7db303d,rednaga_apkid
368,584c1b081a0260be6df740483f0104b91c984699,rednaga_apkid
369,588bb46619272a7295365e08ef70554cb1cf966e,rednaga_apkid
370,58ad8420b89764b16dd4b7e39345d449e8e216cf,rednaga_apkid
371,58b4d66050cbaed0160f9f916e7bea73d9928b26,rednaga_apkid
372,58de1043ae24873bfe248dbbf5cd1eeecf2f6ed6,rednaga_apkid
373,59dcd1dac3e8aebd80e68edc6bc909c53565b98e,rednaga_apkid
374,5a02aa47178e08f6655819135d93344073ffa1bd,rednaga_apkid
375,5a2d132c5334f7ca4d66148f8d8d58f0999420a3,rednaga_apkid
376,5a34c25613df0400c45cdedd4d379c4dab2a7a63,rednaga_apkid
377,5a472121739b455c8b3ae51b1426b95ce183d324,rednaga_apkid
378,5a8504417b902f6d0236a81c9584ded74da18354,rednaga_apkid
379,5ab4b572b7a9e5e9dfdbbeae6409ffbf773550c6,rednaga_apkid
380,5ab848181035d88a43c2032f8995e74aa9413ed9,rednaga_apkid
381,5adce1f87bd948e0ae8f4d1627d83165487c3a22,rednaga_apkid
382,5aee3c76aaeb8ba2f2e73a38f89f5bac0903a3cc,rednaga_apkid
383,5b7624bc49ea2a28af9b279996ac234122758a38,rednaga_apkid
384,5b854146dc5ab9e742c2eaa0675940498b0d08a1,rednaga_apkid
385,5bde7e874d73a287a74ea65dc3f01ae24133d5c6,rednaga_apkid
386,5c1874a33b83f5ce3872cb1370323ba6d5464acb,rednaga_apkid
387,5c3177d842b08b4ee0ec0b3bc77c0482cb2de8c3,rednaga_apkid
388,5c32b644e2e17e5c9fd92578a37d0c1825f04cc6,rednaga_apkid
389,5c46c9e7645cb4c49ecd261a983b6f88317b5e97,rednaga_apkid
390,5ce509ffad24d8f522daa8a2f383e1041829c628,rednaga_apkid
391,5ce7b381f9a71cf112aaed8ea4d02e9f522cc7fa,rednaga_apkid
392,5d1f2964441168c17d4faf86a50b6fb1470daeee,rednaga_apkid
393,5d43de9f68822d646cf1badb8e4df0a76d9c189c,rednaga_apkid
394,5d4c5da09042536dfd250e974f8046c2f8607e47,rednaga_apkid
395,5d779cd84ddf3f922f1470729796ecbdfe088a24,rednaga_apkid
396,5d8b49e4c7a819ad1027f97439bdf74126b944ef,rednaga_apkid
397,5df25c25762d1aa1eb3de334b5103e03d30093b2,rednaga_apkid
398,5e0669dc773e2cfa5e73716e4f327f6b2911873f,rednaga_apkid
399,5e79704742cfce38c67ea338a3ab0ad3c95cab09,rednaga_apkid
400,5ec2a1174690da65dbfb3e8a59cf91a8c775de6a,rednaga_apkid
401,5eebfe88ba197e85c6a6ecd1e39035413a13e716,rednaga_apkid
402,5f1776d6cb17fba49c74fc49176d247fb4d46f72,rednaga_apkid
403,5f1cb6e51f9b527feeb09ea341d41eff792b1fa6,rednaga_apkid
404,5f225265965e19f696b9e93a1d32671aa2253e7b,rednaga_apkid
405,5f37491a8fdade34279edf4905d27d2d2ca3e296,rednaga_apkid
406,5f54687de9c9d2c478a16f728c08662e612f1a59,rednaga_apkid
407,5f8acf9474376883d40f7f0e74872467d9f3cfdf,rednaga_apkid
408,5f9ed4bc1ffd90df77892d9a9ebd2718d1be56bd,rednaga_apkid
409,605d89588a65be9f0cdecfe113065e8a320a334f,rednaga_apkid
410,608d8cfdce9ba715fde94adaa93f6ba8a8573e17,rednaga_apkid
411,60c2584e9090f16fdc507b59edb40481af5588b3,rednaga_apkid
412,60d48d76286a5455061fd3bd82d918537e6fedad,rednaga_apkid
413,61a50bedf20b2b8f29a60214621e99069334ae2b,rednaga_apkid
414,6224bbdd40f00812b4ce8e2a0a9fb822c2c6547c,rednaga_apkid
415,62e55c6edfc68414dc5d235b56a294789c2b2496,rednaga_apkid
416,630faea2f78572f5b1525b82603c07cfc547e9fb,rednaga_apkid
417,633a51b2d63c3490c027222d28e2643dc98d3cb2,rednaga_apkid
418,6358aa3358f97d0263c9f247be8fac05a7cb8067,rednaga_apkid
419,636202fd5341a6ebd6968ee36a3869b34d313fd3,rednaga_apkid
420,6399c61fa3c89464d5e6f8f323370a487821d07a,rednaga_apkid
421,63a1b55c765cd7362150711403d4e8a5c2583103,rednaga_apkid
422,63b1d2d9f66d0bf63c67145dcfb8775a71479672,rednaga_apkid
423,63b1faf1868f985c3e1cbb3b2fa5135b4dfe596b,rednaga_apkid
424,63d87ec09a20c3ad84feea89a9053bdc9269deed,rednaga_apkid
425,63f0af9c77bf45b51df725a720549337ff032d32,rednaga_apkid
426,6423190b52e7ede7b1d4498e65208cf20928e4b3,rednaga_apkid
427,6427ed559289d500c93e1c2eef96718e501e7b88,rednaga_apkid
428,64aa91e302830c2ade461d4c3d668404d0b74698,rednaga_apkid
429,64b6a943267f41b39d25616fe13338900a25a7c8,rednaga_apkid
430,650e03a56390299185cce65c2a9be395943f12cb,rednaga_apkid
431,65422fb31014c3f0b8b5729f4c689508c1b055a5,rednaga_apkid
432,6588b954692837bc975e0bc2c52e6ca3a0eba8f7,rednaga_apkid
433,65ed805f825ccda86fdba7d31330228812aca67f,rednaga_apkid
434,6665d8281565c860dcc54a407024bb5ea18f1202,rednaga_apkid
435,6683e3844bf02c440729acb4163a3b64be5d9e3a,rednaga_apkid
436,66dc8e1c30c42c39b36b0c9b3503235559b2ac5d,rednaga_apkid
437,67327dd0b581739e277620205d0e58116b56a5b7,rednaga_apkid
438,677a4ba2dffe2151b424843527fa9a7cc5d5e2e6,rednaga_apkid
439,685b76ed4c5e9d6e0bd0583aaae74bdb8b45a2ef,rednaga_apkid
440,6862df7471abf68f9211b6bda815468578f83604,rednaga_apkid
441,687a85fff53304280c693332981d39bc2155bd79,rednaga_apkid
442,68d641c4278f263da6520e82d2508fe2c9930cd1,rednaga_apkid
443,693faa05ae6374f14625937b104f74fe69c23f7d,rednaga_apkid
444,697047551a6d816198c7a1f2475525c22bac898f,rednaga_apkid
445,6976ba883bdfce52ebc12759bae354cd58224118,rednaga_apkid
446,69d41ef73530609e83a1ff6e043ba5afd52f007b,rednaga_apkid
447,69dea637e7c01ad5db4e85dfaecd5507653b057d,rednaga_apkid
448,69e26d286a37159f346952ae2babb48211bd8ceb,rednaga_apkid
449,6a1ed4288aa561706613c724a43ed69bb5a413f8,rednaga_apkid
450,6a3ed04f0be63426ad9486a1fc3cad605af3e8af,rednaga_apkid
451,6a6bdda84e0ea6b11391616c4b737d7b61e37788,rednaga_apkid
452,6a89e702b6fb0758fcef53a43465a80aeef56636,rednaga_apkid
453,6a95306cc92f76cbf5f2cd0200d130a964514c51,rednaga_apkid
454,6ad41b19da0db5836db99602198860400250fb0d,rednaga_apkid
455,6aefb67d0f4928ea6514660bf686d711c3b69784,rednaga_apkid
456,6b408a3de687d8ac21fa6208cd07f7de52f6ac6b,rednaga_apkid
457,6bb07f5b73ae844edb3547818571beac61c16e2f,rednaga_apkid
458,6bb8ba2f380af03f52abbb65a86ab0013f2c7211,rednaga_apkid
459,6be123ace8bd14064992a801e4bea57efc875231,rednaga_apkid
460,6bf50f012dd1723ecb6df0d1c883f5a096783910,rednaga_apkid
461,6c2d0fd00f1313d8d183bb02ff70716d70a9e01a,rednaga_apkid
462,6cc9d596011671891a0a0cf4b1b265fb5329fc01,rednaga_apkid
463,6cd548fda5f523537b9e7702f0e4edcc561ced6a,rednaga_apkid
464,6cdbebdf7b85d02a606d6ce3a6c17181a266ca51,rednaga_apkid
465,6d046512e5cd992fd50a4a55c0d748a40653ff5a,rednaga_apkid
466,6d14ae13420d58cccd385722ef4b8f5019de5df5,rednaga_apkid
467,6dc89561464d6ff1c62d00114a24cc77d8d44d30,rednaga_apkid
468,6e25e6ae3c67eeaeed5bdf814771aa2fbdb4ec6c,rednaga_apkid
469,6e9b017e6475ce2e24630bd60691e6905622e97e,rednaga_apkid
470,6ec4db4808fb37bd44eeff085b96c34ee433d3fd,rednaga_apkid
471,6f17b7d5bf62dd43fe6ca06dca6b09c477ab374f,rednaga_apkid
472,6f9ae7b2bc0fde1411224b31c579179dc94d2bef,rednaga_apkid
473,7071bd3bdc060b595955a75df9eeea8af5e4f289,rednaga_apkid
474,70af247bb935ac6e4a17f1c932ad631a9ca9067d,rednaga_apkid
475,716c9e57f2118f13b962fe5418ebcb44a1d52b68,rednaga_apkid
476,71bacdadbc4b4424814357505e84eda5e50737ce,rednaga_apkid
477,72c8d075855976381e473c76a47372f9d08d3f08,rednaga_apkid
478,730057b3093c278b216d1d36af1c61bb3bcffb6c,rednaga_apkid
479,732b16ead6b19227d2cd4bb19a6def4cae38ffd8,rednaga_apkid
480,737e2afc00362113b3402d10eb19749101943584,rednaga_apkid
481,73aae5f9155700e531fea57273f5dd6f11e879d0,rednaga_apkid
482,73ae11178016517d6a658334dfb3f89b86c4a969,rednaga_apkid
483,73fd9823147a649b1a10c493607b4968261c25ea,rednaga_apkid
484,7400a3b49e41f73c09043f466095e2a85dbc5e08,rednaga_apkid
485,7406d821c9ce84a160497a9c209804fb8bcdacf9,rednaga_apkid
486,744b8c53333488ccdfc33a5cb6d90a7b485bbc3a,rednaga_apkid
487,745e1c2932fe701e76b55f46f15c6fe65c21d827,rednaga_apkid
488,748c604b02bdbc5a178d50a5c1d74a949a87a037,rednaga_apkid
489,75172e7dde265f098e2f3c2b4b255e681b2cde97,rednaga_apkid
490,755abaae38bb9fcb0eb51ba02ea42c41ae53e5a6,rednaga_apkid
491,756d5d1982bd919ad0536c4e0fc7b3a7646a10d6,rednaga_apkid
492,75af4565138dea9ad7fd9b405bccc2117f8ca2e2,rednaga_apkid
493,760c852c72625bb072f292d83674fee4582c0119,rednaga_apkid
494,761187ca775de0072c8c12299707e885090929d4,rednaga_apkid
495,7627a9d11d596da72523745da76a944f2879714a,rednaga_apkid
496,7641a9de6c7d04957748888cd3975bce10b3a070,rednaga_apkid
497,766b8dfa127f9f2dcc525f1cf46d6f461da4548c,rednaga_apkid
498,76c8d9e0946af8bb14ed61ae32c14b54851bef62,rednaga_apkid
499,76e7beff4bfc2f2208e7496a3911fa8ed0180549,rednaga_apkid
500,76e83c9c98f0d0e33c4a10659b1ec7662834b32a,rednaga_apkid
501,77a4aafa1649c14c671acc982debf713b48d6dae,rednaga_apkid
502,77edad205dda80a530dc7194bef6c4ceb1ea1916,rednaga_apkid
503,783ab6881922a0d44016d56831b3b4153c65d500,rednaga_apkid
504,787a8f18d8a82f90d17eca570ca816117c55a7d2,rednaga_apkid
505,794006efe43f00da1f191648229db658e84c6ca8,rednaga_apkid
506,795cf3bdef4cd1816608da251b0f02003a610b07,rednaga_apkid
507,79cc9854b66171f8b42e87d099791fa3ec993bda,rednaga_apkid
508,79dded0db973df48fbd6457c29a5e080686db5fc,rednaga_apkid
509,7a006871a24f4dbceb7fb2b314eb4dc8c9210c3a,rednaga_apkid
510,7a6a19760f54e33ab508480d806fcefd021e4660,rednaga_apkid
511,7aa4ecb6bb6e8231a6f4507a51f10ae70b5d759f,rednaga_apkid
512,7aa9d113c1c1e815429e3bb050e614f5b71944f4,rednaga_apkid
513,7ad0bcbd5ebfb3cbfd135a4a3a721a6cd21a106e,rednaga_apkid
514,7bc0b6f92a2e8313d9ff185ff011f84a9f0db39a,rednaga_apkid
515,7c0ab56bffd51117ca6e39cd92edc04df0ab86dc,rednaga_apkid
516,7cb4439d0d553584ae665cc9c19e81f73e18ccfa,rednaga_apkid
517,7d929fbfa81162e692521be8efc7d8cf4a8ed157,rednaga_apkid
518,7da32482c4f13eac5a634b02d10b08af0a544da1,rednaga_apkid
519,7da64d82298493522bf61f0b1fab96fe39aac665,rednaga_apkid
520,7dfd72c7e1e2b9149021bf1a2975eb0b106cf576,rednaga_apkid
521,7e1e017fc5eb61a6eee236b745f44e5f142ecfae,rednaga_apkid
522,7e4d087b1c25c160beee6b0850e6ed3652a8a1ba,rednaga_apkid
523,7e881d5a70ced5af5ef08860ff1bdb88660dffcd,rednaga_apkid
524,7e9e63b262ef9a818cfe8442783ffe21b742203f,rednaga_apkid
525,7ee9f770a644dbe5d10086a8e7edac93ed046eed,rednaga_apkid
526,7f28d6c832648fa43419ae01f248ac112e8a5cf4,rednaga_apkid
527,7f47536e4950ea450edec63e69caf8af33723d1d,rednaga_apkid
528,7f61819d5f9b4fa49106ba94aa12613aa597e32e,rednaga_apkid
529,7fc2d342c3d3ab6bb04c69b7c3bb45515ec6d0d5,rednaga_apkid
530,800c55492b71a1e9e4da827a49af027459d1e867,rednaga_apkid
531,803ff3c55f8f7b32cb7fa8eda85609ea9cd3f894,rednaga_apkid
532,80423ae26265ff469fc847403948d1d6d72187d5,rednaga_apkid
533,806b6c79f483131d2ce4ad94681962caf4668bc8,rednaga_apkid
534,806e29b026e71f141ebb71873f56252a6d5b644b,rednaga_apkid
535,8086c8da79773a39039b8be018397bfa7ca3b93a,rednaga_apkid
536,8097cb5ed53149c8dca690745dc887c913f0c481,rednaga_apkid
537,80ac764f683cdcd35caad619ceb07f5471c89a48,rednaga_apkid
538,8109bb65f176d41424cdd85f7aff14955a83379c,rednaga_apkid
539,81a1ad58bbbda3e553dc8c83777ff535f71e00c4,rednaga_apkid
540,81cb8d98a31526ab6421ac3b012e2caa71b1c279,rednaga_apkid
541,81d322f873ef8c2b27bf6079e53f853ff1b7b902,rednaga_apkid
542,828419762445d9c56072bc656c485bf9f375d6a9,rednaga_apkid
543,82fd5f38e8d8624c5bff2d7b53479af245538c1b,rednaga_apkid
544,8328036ba5aa77079f7c26b826b8a55d0d00fceb,rednaga_apkid
545,83446eeea86da9b388a6e6b88d9ff0cb3207077a,rednaga_apkid
546,8363303beb04b41b22e30f7b31ecc47d3ed58d45,rednaga_apkid
547,83ef7bfe1a418da1709294b2ee9b727ea0f362aa,rednaga_apkid
548,83ef8d402d5c76d15d845e2255e079ff8b114e81,rednaga_apkid
549,84185f6bbcf01fe36c19a378ba64285e7ebdbe3e,rednaga_apkid
550,849374da4daaa263d3c5959b78e79f7f9e42471b,rednaga_apkid
551,84eb0c630e2829afc776f2af342064af88800008,rednaga_apkid
552,850b41dcff575a75628ed7a9d5a016417f8dc286,rednaga_apkid
553,854e84846c1d2b76086b3d02607cf9c818afd702,rednaga_apkid
554,8559da51e19a3311396acf1fa77ee059c47a0968,rednaga_apkid
555,85786dfbdc9ab00a72499f9873a592ddc0e22f21,rednaga_apkid
556,85a22c02bad21ae844c98fa3b0b49dc7d95e4761,rednaga_apkid
557,8631f3eedb395eb9348e8c361ffb8d583e517d92,rednaga_apkid
558,86e3e0e08235742ae281cd1b5706545b6e07008d,rednaga_apkid
559,86f1f66869deb12e97000eab7b275a293a594c54,rednaga_apkid
560,86f63fc6e87ca9d9a9cad30b2cf3fa1aa511f4fb,rednaga_apkid
561,8719824f9518a37e4318a7f8bd4cfe777579dc66,rednaga_apkid
562,871ba54f72a29e7c0138db523e8be8988571d45f,rednaga_apkid
563,8758d2315dffc49a5321bfb1358ceff089f5f66d,rednaga_apkid
564,87b87f9f464bfdc82a4fd049adb6f90225c8950e,rednaga_apkid
565,87cdfb8560a735b84281dbe81b7d3fc9eccf2df9,rednaga_apkid
566,87d8520f5e3421e7170d36a77f9ce5bd81b17f59,rednaga_apkid
567,884b7121fffa108f639118799349f68f1217b420,rednaga_apkid
568,88b96a76487ee3be6138f54095da8bb6ed57f505,rednaga_apkid
569,88eeaf83593f640ca4fbdf9fdc21c3bae0ca3efa,rednaga_apkid
570,88f85f43f757a7fd2acb8a4d712310413f38c1b6,rednaga_apkid
571,891498000a55ff439ad19c8d633e433e9b8b9b87,rednaga_apkid
572,8922f592c65d80965675f3cd0b5fc652ee74fb3f,rednaga_apkid
573,8a04bf01b1a1667dc81b0cf7d903ae93ef88b1de,rednaga_apkid
574,8a30f7b8beb867fecf46ba4b061803c19ee9c7f2,rednaga_apkid
575,8aa61f3364b2e11bdb046506d3b47fb729f32770,rednaga_apkid
576,8ab9d500404fd3d94ad9228682d7ea3c63cf77ec,rednaga_apkid
577,8af8b1f7b53c41f5b2c9218c0adde83a70838d47,rednaga_apkid
578,8b0c89ae57181475c534c2544185eec983170767,rednaga_apkid
579,8b112891bb0c800f3c501bca1e897e73b113d718,rednaga_apkid
580,8d4a4a886934039a609e377e76269f40d6856e6f,rednaga_apkid
581,8d5d297fd3925f5e491bd8a6bbfb160853b241fd,rednaga_apkid
582,8d89855b916ea48f899e0cc40f9bd354cd87fc63,rednaga_apkid
583,8dfd55084a8b6a5ee345cf1363fdea0a52aa03e4,rednaga_apkid
584,8e0ca14a29089a04e6db8eedb0011bc430fdfccc,rednaga_apkid
585,8e2dd9700969ae3c88fbbfed16aeb4af937bc6b9,rednaga_apkid
586,8e4029f995e6b17ce9e3f9d5d8b733a5a18c8d41,rednaga_apkid
587,8e75e6b2d8e2df9d9787b43cd198709de90a5c25,rednaga_apkid
588,8e8779c44bb466b2c78e9695055f44624c2f3e9c,rednaga_apkid
589,8ebe7613d97fb849d221e0d5001dbab713f8ec96,rednaga_apkid
590,8edc4a0783186d676e087bb37f0fe80f936eff8d,rednaga_apkid
591,8ef8ef67766c573cc2e5fdf384cf900364d6d005,rednaga_apkid
592,8efff734b7c4e250456c0de0ad447213f203ff33,rednaga_apkid
593,8f347dce288c9ee6a8c09bfb306c4b8e8ef12b29,rednaga_apkid
594,8f83a34445fdd0d5e67e4587ae8543b1be07dd5d,rednaga_apkid
595,8f88c138b05c14f304a1468451bf17a35ad5b9e3,rednaga_apkid
596,8fa438c835d077b68aab8513d9981219a2f617a0,rednaga_apkid
597,8fb1d8d39d8d1cb67c16ff254b93f1e661c2bcc8,rednaga_apkid
598,902e2f87f2b62244960296c61baaa3893c8c4af8,rednaga_apkid
599,904ad20a6c0a1101b0e634f4941d1892a47006bb,rednaga_apkid
600,904c14f84def2f006917d72b4a2882afb0c4f34f,rednaga_apkid
601,90524ce75156aa650d0035fb6c9acc367677669d,rednaga_apkid
602,90b7298758b4c623cb59c11bf4da5428805d1b4f,rednaga_apkid
603,90cc6b617514fa88e7036bd84a739eb6ba09cc29,rednaga_apkid
604,90d79c7c298233833a628440e737e2966d4e754e,rednaga_apkid
605,90f3a5eab6e3549541c9eb7f1655ce1b941c8774,rednaga_apkid
606,90f7c12b5c564a02ff7176ef15ebcab9e8e3715e,rednaga_apkid
607,91135ad10fb7a9bd4e48d8af2155dfc1db033073,rednaga_apkid
608,919ab9bf8744d7aae59ca3efdefe249d441c194d,rednaga_apkid
609,91ac8efc0648732ecc2b18acc05a9487d7873e64,rednaga_apkid
610,91dd1718b4a85fa5c20873697161cee23908fdde,rednaga_apkid
611,91e40e70f93573c1d5eaa8dd120040fa1d5aebb3,rednaga_apkid
612,92ac782581178a8895c4768c688ae70514741ed1,rednaga_apkid
613,92ca2ad19686c149f19148a5df7d58394a4cf2e2,rednaga_apkid
614,92cdddd3e1bc474bd888bf2312859ed25ca8284a,rednaga_apkid
615,92f32df6aeb7bebacf1256750616decd635fe42b,rednaga_apkid
616,9318816d870f23dc80049eae12aa6ca76de702fe,rednaga_apkid
617,933e47cb6c256c4e3cf916130e1dc5561b9382bd,rednaga_apkid
618,9355ed4b366c34aaab3b911d21341e7e3586a0f8,rednaga_apkid
619,93a17312563daa0c2523467b3bc591f3fd85eb42,rednaga_apkid
620,93b7c571d5f276aa4fb00ed2621578c73359e5a4,rednaga_apkid
621,93e0b14744044fdc0953b4c632ef99133a278055,rednaga_apkid
622,93e1a06eb333ed0c3c02657f69a4043e74a3c998,rednaga_apkid
623,93f8ed4144956793da1cb1cd9d06324e24c6257a,rednaga_apkid
624,945a12588511a6da8df109a4b7fe6d52b035e00c,rednaga_apkid
625,94801bea5ce6652862f97a715910e6d031304675,rednaga_apkid
626,94eded9fa75f08e9c4ba93e2e294597e8ddd1318,rednaga_apkid
627,95108e5e0182ba3926fb3db944503efccb05c8ea,rednaga_apkid
628,955b360e3681b9e42b02216c1ae78502aa000a52,rednaga_apkid
629,956d6dd8f49a84929baf92e94118a7073b7e4cce,rednaga_apkid
630,959328f54945acbce5a6eb611226090412bf2321,rednaga_apkid
631,95abffd2f5b0a19f3b0b15a8b5bb20a2023f3410,rednaga_apkid
632,95d9f0a77dbc66960b9a743177f3f28711e807c6,rednaga_apkid
633,963dc433834a3c877781fa8a16db9ed87f04645b,rednaga_apkid
634,969a8ea80d75dfdec011af3423fbeee58332ca40,rednaga_apkid
635,96b8910372b21899be47369e88897c07d6befbf8,rednaga_apkid
636,974665dcaae06802bcadd80da640244f30b06cef,rednaga_apkid
637,974b3306b32d9f76152f30e4a5cb2b3e363114b6,rednaga_apkid
638,97530965a93d85f068371ab650b90cb685a6c027,rednaga_apkid
639,97a869f4581489234dc71837f10f9740af0e4bd5,rednaga_apkid
640,97f05d28a8a9a3f071be041597a320f0923921d9,rednaga_apkid
641,980693531be043a88ce15320c5d91e3f011b8c2b,rednaga_apkid
642,981a718c4596f8bbee1c53928ebede6fc492a42b,rednaga_apkid
643,982e7595468f3a6f8866d4019f1a530e7fc4cd10,rednaga_apkid
644,9833c94130cfcf062296abe18591a3ffcb88ce19,rednaga_apkid
645,98cd1c0f5483b2fa4d6be3295e439be90853a4cb,rednaga_apkid
646,991a1ffa4a30e98b7993e97d47f356c6cc1151a7,rednaga_apkid
647,99ce615ef6c825e3803180fbe0102b74d322d1fd,rednaga_apkid
648,9a228e289f708ca9ad4168e751fe5ab6c452cf39,rednaga_apkid
649,9a556a1de84fa90103a0a7a1711218ed66757037,rednaga_apkid
650,9a65b023e08da9a0415be9fcd6970d69d4d2dcea,rednaga_apkid
651,9aa20ce987cb7e4278cc0dd4941ca87e55b607b2,rednaga_apkid
652,9abdce7c4fb0408ae9b00bd6cd25daaa96f57068,rednaga_apkid
653,9ad8466b43ccc20e2e6e95bbcb9f4f78aa57f0d7,rednaga_apkid
654,9b25c77e12f222b879931adbdebbb21d760ef8ad,rednaga_apkid
655,9b6211a7058bba277359e7aa5cf7eaf0dfcffc04,rednaga_apkid
656,9b8af641775e9ad40c2fb591255d54f395ffe6bb,rednaga_apkid
657,9ba79ac941a8a127bab988207ddde52995d15e71,rednaga_apkid
658,9c072a0d06dcfaa7c6b77557130058bbd899d725,rednaga_apkid
659,9c13f5a112d7190997f54e8dc6401ec20cd36c6b,rednaga_apkid
660,9c3b37ae98b854dda4d157b80706a5eb4f9b140d,rednaga_apkid
661,9c60406eacc0a41585d2a653fa96f2cf6511cc3a,rednaga_apkid
662,9c9e73cdc13393ccc7f23f943919315cd4c62cb4,rednaga_apkid
663,9d3e316f879ed8774788d31a8122d0582d61e0cd,rednaga_apkid
664,9d7697ba8e4511449764c7038fc4012f54cd37c5,rednaga_apkid
665,9d908899f007acac47b8fb4137ec23800d44539f,rednaga_apkid
666,9da04158dc764c45f27a918b1ed63f392467d4c4,rednaga_apkid
667,9daa83252596901af27147ddf79157cc704e3ed9,rednaga_apkid
668,9dc31f548adbb50dc207d55d054a328a39c12621,rednaga_apkid
669,9e0e8a468e80afada3bad4f99ed9d016c8749a9b,rednaga_apkid
670,9e1fcff726f6c15b382f549b924b8775640e2b6c,rednaga_apkid
671,9e50db4d8e1f510752fc59b96fc567116e4c3657,rednaga_apkid
672,9e57fca50c263ffad1b916b71ba96c5551361e8d,rednaga_apkid
673,9e7d703b6740fa168288bd765a8c1e38a6f909a8,rednaga_apkid
674,9ea809b9a96c3ebef1aaafb41ae2fae98ddaa604,rednaga_apkid
675,9edd1c20e82d6675911b26fcc1d80908aeac5dea,rednaga_apkid
676,9ee68306b93ec403f6d8c362120cfdbd349e0402,rednaga_apkid
677,9f3d78879bfc5e98bc6b518782f5d6a6ac1745ef,rednaga_apkid
678,9f54b2feeb2c9425dd99b1c384304255bae24142,rednaga_apkid
679,9f8b0ee56fc604703f05538f97cce04087b1686c,rednaga_apkid
680,a00fb383a9c761482ac6dc0716d256e6e396825b,rednaga_apkid
681,a15e1239a17e51a2d1b938f6da9d412414909edb,rednaga_apkid
682,a162a7a4804775043661915b0046649343494655,rednaga_apkid
683,a1bb0c0b82d0be0f7f1e89d4e25b7467f458a057,rednaga_apkid
684,a1c689ff308dbe106b6e7978d06c514b48ebda01,rednaga_apkid
685,a1e8343156ea3a50606bc9806b7865920c7ff3ba,rednaga_apkid
686,a1f8040463a37b283f3548c79dee19835130e2e8,rednaga_apkid
687,a22b65c07717bc8a50badd1d79605f47d4bcec1c,rednaga_apkid
688,a26a5aa0b61b69603899b4cd36ff1245c73ab2c9,rednaga_apkid
689,a303ed32f78a622c2e30a2d3909bb3cbb7e3f9c6,rednaga_apkid
690,a31c04f9ddbb64343a2bcc3635af1c5e7689c95b,rednaga_apkid
691,a409cd9d85d553bc62250eae3d815d8b5a7f8d58,rednaga_apkid
692,a44c93945ce8f5e0f8a1dd7ac0933120b8fa2b22,rednaga_apkid
693,a4d439005202771d3f67ed834a3c21fb739e69d7,rednaga_apkid
694,a50ee3b4a42a3e1a284af9eafa79e41ee80bc59f,rednaga_apkid
695,a52d0153b529076203a1c89391f65ad10b05cdb6,rednaga_apkid
696,a55f8c0ff7624d439c43dca3f581daf4bb5a39bb,rednaga_apkid
697,a5a327e4958daac5ca68ea69de0340b8eb1f0019,rednaga_apkid
698,a5e4303a3fbab24e809cedd09342dc315e7a2fa2,rednaga_apkid
699,a605547cb84c1d7ae63132b11c117b121272173d,rednaga_apkid
700,a618cbba8a6fd30d182f7a9fc710b6ad7e4cd84d,rednaga_apkid
701,a69bbcd3e3e99602ab635521206eedd938b266e2,rednaga_apkid
702,a6d5dbd4334d63d3bfea378d97c8a5c3ab28a8f6,rednaga_apkid
703,a6d6123592cc56f4ea5cf6542669c1f8dfc1b7e2,rednaga_apkid
704,a7281d118d15bd6dc3ada894ec656ebbe81465d6,rednaga_apkid
705,a72bd057a380611d71f4e8ac9517a36564b33dc1,rednaga_apkid
706,a85236b45e88bafc45dba542283b7da9df45cb84,rednaga_apkid
707,a861a962062bf8e4a3b84158a4060bc0450e2d5b,rednaga_apkid
708,a8b2798348641c55fc80cf73cb151c4af96b281f,rednaga_apkid
709,a8cb600d1590f78f330ff3fba45e9cb7a1cc6b73,rednaga_apkid
710,a9298763d307a9c90c7bc23b43de3cbeb28a9ad4,rednaga_apkid
711,aa3a0ae06c1bc59907c54d6573202515ebfce5d5,rednaga_apkid
712,aa8412c35b4ecb933aea15807fdc3cb0333dc089,rednaga_apkid
713,aa9e6ef67bde230aebf4d81a4d398587d735c3b0,rednaga_apkid
714,ab2e8d8e7a8e79b63e4ddaa35f51a156e4005698,rednaga_apkid
715,abb642039376968a2775c524d6e879cf31edee0c,rednaga_apkid
716,abf3a52f06bc2a5b4e4a5e5cc61c27d90fdecc5f,rednaga_apkid
717,ac232344f7406d1c0e9d8bbbf47e0328c9e5751c,rednaga_apkid
718,ac7d3da4fc2024bb513fcbd9e43afcd1a83abfa6,rednaga_apkid
719,ace6d65b4ba050241d8438f9dbd484aa1cbc8c07,rednaga_apkid
720,ae9072a8edc1644544939b31775ddbb8daeae5c3,rednaga_apkid
721,ae921ada375228e6e03305d107f765b897f0239f,rednaga_apkid
722,aebc65dddf92f8561a6178c88fc6a13154ecf627,rednaga_apkid
723,aee0eada7c08d6fc9cc705f76d430eac4ab32df7,rednaga_apkid
724,aee8b1ac4532d1d872de9b309627c8a05dd79421,rednaga_apkid
725,af734c7499e51946cd63ac3895626c1dd35fa058,rednaga_apkid
726,af7b100a2f1caeb1b4ca5e02be9ba27cfbd67e52,rednaga_apkid
727,af8a3ab3077b3a02e8e47ceb3f485291f345e1c2,rednaga_apkid
728,afbe86cc4e0fe884950bb56b048e44055045e1bb,rednaga_apkid
729,b01574d7c5c8bafbebad2e2b0ff30fdbeb9353aa,rednaga_apkid
730,b0b2835019c96ee8e41532d3d91cadde8a5247ca,rednaga_apkid
731,b0bc982d0f286522d6d59f52cf051c1081b19e13,rednaga_apkid
732,b0f94e640d3ccb84c1ea6f0e41dfee7a3e6afd3d,rednaga_apkid
733,b15b5229be2ca874ae97e5423b672b67da22ac97,rednaga_apkid
734,b19da7efe06a19ec927f8bf9ee0276c6b62e3166,rednaga_apkid
735,b2459df27a4ef07c03bb6ab1f0f1288555bb4133,rednaga_apkid
736,b2bff186cd72c40987b9c3c3dc5728e65af34794,rednaga_apkid
737,b2ddc1b905dd8918e7b065be8455e0c3f1ce7471,rednaga_apkid
738,b2e36bfb611144b2870d5ca35cf07ccc139aaa74,rednaga_apkid
739,b339fa519766f711220b8662c7da3672e9ddb9ac,rednaga_apkid
740,b3404bb22687b00e90c7821f82b66a370c8914f2,rednaga_apkid
741,b48a1adb2985f4df8d41bdb860e182bae0fed6ed,rednaga_apkid
742,b4b459409bf668cf383620946dec9c2688c4f0a8,rednaga_apkid
743,b4b4f8260c734e376e73ea2d1a0254baba1b9d79,rednaga_apkid
744,b52af510b4b604710dadb304d27c1c5b67de0980,rednaga_apkid
745,b5ff0da82a397836fef841c07165a9b6986e0c53,rednaga_apkid
746,b61012b81ba2940d9ca43ed691105705c07788cb,rednaga_apkid
747,b616617641e10abc737d3d29a506c0abaf0eed3e,rednaga_apkid
748,b679fba794f9c00186f50f11c660649cc6a07c48,rednaga_apkid
749,b6a20a50b8545b4c6b9607e4293358607c8c525e,rednaga_apkid
750,b6e73eb4a4da6d11053bb22dbe161c32f4e62d84,rednaga_apkid
751,b70673c6acf173e2f11eb5f1c269ba5d25fc8442,rednaga_apkid
752,b76b8ce577c0eeedb348b3aae0e9a053cbad53e4,rednaga_apkid
753,b78d8d88818bc80b64d4c7a1398d80ef9aa7c803,rednaga_apkid
754,b80c4d7d1416dc4f500cd0e71a3232d2132b03ba,rednaga_apkid
755,b81b55c6111577a477bf69d9528daf4732545a2f,rednaga_apkid
756,b81eadc0a7d7e134b373a5c73c68fe331b19aef1,rednaga_apkid
757,b8615eb1897230ff2a41eff031785cfabde67d78,rednaga_apkid
758,b87ae419a64059dbc58ce189e1b7ffe8e3681823,rednaga_apkid
759,b87ffe0f9d603a9f5468df5b7b90f7e80896c558,rednaga_apkid
760,b8ccbdff16cad242c0a49da9789258da429f6229,rednaga_apkid
761,b8dc8c53164b71c79808ed74b2d5a14d645bfb66,rednaga_apkid
762,b91f98a0550022d3903f68c49b836c071a7f4ad9,rednaga_apkid
763,b92c1809b0c59a14d7e28a27022e4691c74ee901,rednaga_apkid
764,b9310e0b01d98a41f0f1d605841fc04e45d5daf1,rednaga_apkid
765,b9a1073f1ebf9f1edb98d4bc16fe653778a1a3ac,rednaga_apkid
766,ba15d505edb7d96c7c85bc84feeda6b32cb20567,rednaga_apkid
767,ba2745546c47d251d55723a2978fbb117a83c4e1,rednaga_apkid
768,ba2961752a094e2fcdcad78283236235f3479d2d,rednaga_apkid
769,ba6af93d61316e3ecd96e4168c3dec8f52f87c0b,rednaga_apkid
770,ba8e163ebbbd2befa8255b0145c4e0cf81f96ba6,rednaga_apkid
771,bad064cfac7e6c7b848bcf4c5a4026cf65643423,rednaga_apkid
772,bad597e1bf40d5fef51f053a4f59b9f478a31f2b,rednaga_apkid
773,baed648c33ce71fbbebac00e3c9792bb74d563f2,rednaga_apkid
774,bb202ddbbaac2779b0080865a997b152540d8f30,rednaga_apkid
775,bb33682ba1486018d8099c9c6b70205762579c8c,rednaga_apkid
776,bb5bade3f98de16af36289f8fd4e08170c0f153d,rednaga_apkid
777,bb8b59e515031ed819c8f5a1368641321e55f5ec,rednaga_apkid
778,bba1d5d5642e1105e0f245e410948f22d6e4be9c,rednaga_apkid
779,bbe324ff4b776627f42aa621b7e75a045942a2b6,rednaga_apkid
780,bc20ca9fc66e8512c756276c396e46c5445142f8,rednaga_apkid
781,bc7b965dda7a3f407a449c647758354362504092,rednaga_apkid
782,bc8bcbe20fd930d6bcadb361263bb8b07d22a4e2,rednaga_apkid
783,bc906db47689b710101228e916fc08d1fa107831,rednaga_apkid
784,bcd9a8caf2adc72d1769d9fd32cbe1bbcc319cb3,rednaga_apkid
785,bcf27e2cd92d6217cc8cfc5bbce36ecf27ccb4eb,rednaga_apkid
786,bd9defba9a82e1466dd02d3aa283045f36175c2e,rednaga_apkid
787,be832b494a958a4d200c797b0cf6533f99de7bc9,rednaga_apkid
788,be8701bf925c29b5d90c90261897db59774a6d4d,rednaga_apkid
789,bea3659438b7a123fb6c982e693d2ab2d71a8a48,rednaga_apkid
790,bebd9e62fc4c7d4a1c25dc0f94eb96a057ee0c50,rednaga_apkid
791,bed7280fc99308b76f2f0c43ff7b696a62b2144d,rednaga_apkid
792,bf2cd897a264007bcbd194a28d86b8c7569c553e,rednaga_apkid
793,bfe69612d1d15eeaa6dc545d7dfc442e6064b7af,rednaga_apkid
794,bfe8b608d1f2d90107aed1dfa42933e48bacf9c7,rednaga_apkid
795,c0127b2a36263585dcae51785b6b75401f6c3e83,rednaga_apkid
796,c04edc7660fb452b540f897627a37006eb694aab,rednaga_apkid
797,c08c9adbd628efac525a94eb9e72df35ce2e8d2a,rednaga_apkid
798,c0c97f8c7ed1a96293b4f5d969dd40f867d1e1ab,rednaga_apkid
799,c0f0f9df1a304d9d5b27da3693050150111e602f,rednaga_apkid
800,c0fd68b90bd373e151970682f0e73fb34cfde755,rednaga_apkid
801,c1061f77e44b7b358ec47ab67b9a4d11945fba2c,rednaga_apkid
802,c153491076130c4eafe2f257767e436c2a436945,rednaga_apkid
803,c1559a2a24958bbe210e0c617a62f2374fe5834e,rednaga_apkid
804,c16320b88b77da0bd8d0c718ce3d92c8206294ba,rednaga_apkid
805,c17ccf097530a364d894941b4760176ffa07c6b9,rednaga_apkid
806,c19049b6d9c044aff690bb81fdd5056081ea030f,rednaga_apkid
807,c1d9d5e6d5e77c3d85e132fee57f5dff246127b3,rednaga_apkid
808,c1eea16830e1edd7826145e57a8487b930568b1d,rednaga_apkid
809,c2fa2796061e19ec0539c73c3ca0d73722104073,rednaga_apkid
810,c3a02f3de6bf3ad18353aa503ab8123693f3970f,rednaga_apkid
811,c3c098f34a270999d729d3910ef7c8de8ded4f02,rednaga_apkid
812,c3daff7176f650064da8fb8e34cf5cef89f24c2c,rednaga_apkid
813,c3e509d13a34226fae5069fe7c62704ffcdf49e2,rednaga_apkid
814,c40cc315348ed5177c5960124372b583247ceb33,rednaga_apkid
815,c41b33fe0bec9adbfa03d71e605463427e4c5845,rednaga_apkid
816,c47eb32220380565dafc5b0c699ca63508e44d46,rednaga_apkid
817,c4a6f08725fc379beeb2f50044cc496c4238e991,rednaga_apkid
818,c4d4a53067c1fb741afd3bba52889f75bbcb0988,rednaga_apkid
819,c58b2672027290de24ab39e208e0ac35abec4706,rednaga_apkid
820,c5f36a257ecfd2f8a9cf39ddd374e2961d0124a5,rednaga_apkid
821,c64c791fb265061750c1f2808642005a17dd2e2c,rednaga_apkid
822,c66de6e55e4b5db9e30b7a689cb3c6a9129e5594,rednaga_apkid
823,c67a746361e1c6e0030441cb7a39bdff4d842bbc,rednaga_apkid
824,c6c612e02eca29868e3dfcf532429c57c3e22788,rednaga_apkid
825,c6e3551ad28c00486b8dbc5cb85a84a18c79bd2f,rednaga_apkid
826,c70c3e0786f4cbc2b9ec9c9a839ef7d7cf08fdd4,rednaga_apkid
827,c73789fef96b16b6b2ce20d89de0be26083d47a0,rednaga_apkid
828,c767f193d983a0dd836cabe9fb860fe7308b27cb,rednaga_apkid
829,c7e2a1c47146552221f02838a55e31c54542f82d,rednaga_apkid
830,c7eeeea6c963ff93cf35d88108c844616e1c2887,rednaga_apkid
831,c814cbdc121a532b378c78a744be92d530493cca,rednaga_apkid
832,c822992f108852056e1e2693ff3932a3b5cf7247,rednaga_apkid
833,c856405edf69f44cd4ff1c8bf7e26ffa39bf6f9c,rednaga_apkid
834,c8780d01983e9f2ffaf2c6a84a28516f714ef69d,rednaga_apkid
835,c934d91d44d3e1f5f6de26529d744f9cc1347ced,rednaga_apkid
836,c97093913a164f985fa366ecc279d3c5355bb3d1,rednaga_apkid
837,c99197ba1abeb18336355a5584c52e4b95719623,rednaga_apkid
838,c99a69c7b281c58f0fb3c636beb243ab1615d89c,rednaga_apkid
839,c99c10db4b7663cf2b397829c02199d7d89e9582,rednaga_apkid
840,c9f91ef6dff599a05e374d4d889b16190097ac26,rednaga_apkid
841,ca5bb17dc27c4ac53ec7ca138fa93dbfd360d6ac,rednaga_apkid
842,cb3d9cb327cbdfbc7d6f02e8fb8985d484a3af90,rednaga_apkid
843,cbde30ff30f56de858b875fd769028693a230a41,rednaga_apkid
844,cc102155cc22c50c72de619b070a408a2a79616a,rednaga_apkid
845,cc40d2706e98e9dbfbd892204bccc19110de3172,rednaga_apkid
846,cc5bdb7976b4ae7df9bfae7af30bf7dfdf44b82f,rednaga_apkid
847,cc7a1f104e6bc3061f110cff5db941166d0b909e,rednaga_apkid
848,ccb4cd970624e393d048d344bceb1b693a02fa02,rednaga_apkid
849,ccbcaafffe2a126ada161156a993eada4cb98513,rednaga_apkid
850,ccc6dd346c59133d4ccc6f43b97e1a4ced5ad44c,rednaga_apkid
851,ccca5ed519b7b2551a3205686be364c26020f1cd,rednaga_apkid
852,cccea4132aec67879a12baa82caed46d4f1809bd,rednaga_apkid
853,ccd94930022422eab467446ac2e1f37e9d99d4d1,rednaga_apkid
854,ccdc81aadcf21f637df0d72ca2c06fd8398b0ff7,rednaga_apkid
855,cd13108d739b88078a924a49a6c809895ed20a3d,rednaga_apkid
856,cd1dc225340af9ed74b7ec630c956d838af6542b,rednaga_apkid
857,cd36a593294c2a4d6464846223a1ce83176e3098,rednaga_apkid
858,cd3e5bd6f33123b780e494fe05c597b75666d0c6,rednaga_apkid
859,cd7609c38249dac088d993fb449e9da9ad7bb107,rednaga_apkid
860,cd7dcacb22bc2f7e5d946aca75fab991796b9f07,rednaga_apkid
861,cd9171efa93b665eb3b9a682fdeea704a3557ce4,rednaga_apkid
862,ce27dfe148e01fa0e7938d966d09102a56f189e2,rednaga_apkid
863,ce4fc77d0b3d93f7a793f12c9f56d625340cc4c6,rednaga_apkid
864,ce5e233ca52f34ee6c50e0c719d07bf2a4e19ee5,rednaga_apkid
865,cec787f94e6117f86b097f1ab4141d167f6b3e57,rednaga_apkid
866,ced3aa933e19a4fb926737ee46137c03ce0bcf5b,rednaga_apkid
867,cef3b9cd914164c90cdbf250818bfcdb2b16f071,rednaga_apkid
868,cf17b8c2b47ee5feabbe1e4be0b3d034bf06cb53,rednaga_apkid
869,cf3887d7b68ce6aee100e93a90122928c543ad37,rednaga_apkid
870,cf7bd8f8d142b8050bfaa6b9de598cade73ce1d9,rednaga_apkid
871,cface0780b409f0239e582e7030e045c367673e2,rednaga_apkid
872,cfe7d59d15154789e650ad1238546afd81f478c4,rednaga_apkid
873,d026bcec38a6fced2c3a9a2f3992610b05263832,rednaga_apkid
874,d072646e058c4059d508f97145b62e11e58ab8dd,rednaga_apkid
875,d0eec1a37a0c2dc7ea2f24c755d5152ed0994577,rednaga_apkid
876,d169d9bf92ce7893d1b6e31884cea65fded84424,rednaga_apkid
877,d1d03fd82d5b37a55686065a78f20404322b4a75,rednaga_apkid
878,d21b0c6fe15c3a4e8d0461b935b5164102cd91ff,rednaga_apkid
879,d259979bbb7248bb4eaa2e83fc0af9a363cec6c6,rednaga_apkid
880,d2726493cfcd7bd88c318c6f2af7a4ef37d6a083,rednaga_apkid
881,d2972ddfce5585d762100d6147a03deae7381551,rednaga_apkid
882,d2d8b328f642e5ed18f06bbdb9acd8b932ceabea,rednaga_apkid
883,d2e70197d23b29cea7a3cdefed9e8372e7fbe85b,rednaga_apkid
884,d2eacb97edba7fa0442f11de3f5a79e9cd85b3d3,rednaga_apkid
885,d30d1038f55c8f7bd44fd82cf583e316d9a2983f,rednaga_apkid
886,d31745b59f7d2d219b71e35850343a60b3f34e4b,rednaga_apkid
887,d322b3560fd646069c800c182ba46cf2d7389a4e,rednaga_apkid
888,d3bf3c7c886412275a154eeaafbf9b9f6f0f4530,rednaga_apkid
889,d4554a8a6d12adeed19790dff0cdcda270a380c1,rednaga_apkid
890,d4e25c07ef9560531e629081e3ab466f978a7040,rednaga_apkid
891,d52c57d3646efde9eab67e68a5c63b6e7df5c895,rednaga_apkid
892,d55990d1cdc7c031fe6330bad83028ad995c881f,rednaga_apkid
893,d573e0567247d526cd4a722ed7da789985543fc1,rednaga_apkid
894,d58d8c396ebf9614f9a664faa89002e53b3c9fee,rednaga_apkid
895,d59699c30ac5fca8f773db7375470904b262ab65,rednaga_apkid
896,d5e92ca373aad26774e6ac0427a8f8cbb63f199d,rednaga_apkid
897,d63d71e9be15cbb2f60cc7a73ee2f6824f9d67a3,rednaga_apkid
898,d65beaa15cde97f1498f17fec59840d076fe7985,rednaga_apkid
899,d66f6516b82a62bc5b97798a873b07fb88d122ab,rednaga_apkid
900,d6b5b7cd51b2ce26af137c24732afb464d805939,rednaga_apkid
901,d6d2041b16ca2d6f73268a039b8080490bc1e813,rednaga_apkid
902,d6ddbe84a0a2a85d2eb6dd793eda8cf773cf4b48,rednaga_apkid
903,d703d43b29f84d989baa10355bf11233739aefc0,rednaga_apkid
904,d811700a7a43fcaa3b379fd2847e4335a29f6a70,rednaga_apkid
905,d8c6d3f2d4fea3397cfa93978154c977d64675a1,rednaga_apkid
906,d8fbecb91b7ffac21f99e76ae83ee3d7501d0511,rednaga_apkid
907,d979ffa26dea8d39814a817ae34b608532cb4443,rednaga_apkid
908,d9829812ecbe31ea72d46efce774457a3d77bea9,rednaga_apkid
909,d9aa30e1d52c60dd68738d9e9882da5e714fb89e,rednaga_apkid
910,d9e9bf232a746e7955fa0e8f836f7c6eb994060d,rednaga_apkid
911,da1bc2d47f722de7f117ffe5cac4074040e9cbab,rednaga_apkid
912,da428d32db524c4de1a62a2a283828e26b4fbc06,rednaga_apkid
913,da46f3e3e48a6b52a1d68b5cd95081c5b0a705f2,rednaga_apkid
914,daf2d039899d162cbe61d6a04fd94e97f708d31c,rednaga_apkid
915,dafa02d48ffd37bdacc8c90412ed10d3b92a84b6,rednaga_apkid
916,dafab1aaf0094c49d3417f2fefc9b6633b147f68,rednaga_apkid
917,db10589ba3626a4a6b9a82e7bdcb477d2296e130,rednaga_apkid
918,db451588f8bdb7d4cdfd1dfc52cb9ee0a54e0771,rednaga_apkid
919,dbabe3f0f96d56cb601377a54a48f0fbf6ce220a,rednaga_apkid
920,dbbd57d6fd9a7775245afc3910e83bbb268c089c,rednaga_apkid
921,dc0722df2a4c592572d8423d3f318ad19b19f00a,rednaga_apkid
922,dc59f2306a93915280d92463b4a6e9480ed55345,rednaga_apkid
923,dc9104f6ca3b75190c7802515fc0b4cdd26b3701,rednaga_apkid
924,dcb35aa3c2debade0286a6cfbd7b9ab5b5f430c9,rednaga_apkid
925,dcf11bf5cf3f1e2fef39f8881f9a05505585ac08,rednaga_apkid
926,dd09952c14f9da20e6981b1e1a2f0da3720c2649,rednaga_apkid
927,dd4712524b357667695f72002290e23e1db78b8e,rednaga_apkid
928,dd6410312575df86ffdbe36bb1775b8772267efd,rednaga_apkid
929,ddc14ecbc1e2a7f1d2d70f79db71c80ea20d20fb,rednaga_apkid
930,deb0b623f2a1b9f64f23a72e2c125b63123c60f3,rednaga_apkid
931,deb37d90e8f0d67cfbae086b3b022cfc7a351a43,rednaga_apkid
932,df1ae1c5f578873ef5a4768d4146aadf08b19100,rednaga_apkid
933,df1ee59590a1f4b1b9e8ef9350f0fdddb0032cd3,rednaga_apkid
934,df2c48bcb82e0d1ae094ad1a62ebdbf865b1d941,rednaga_apkid
935,df61cdcb556a13e96f0732a5131ab211d2699a70,rednaga_apkid
936,dff6bc268b4ebbe82ef1e42bb06add8c7e300056,rednaga_apkid
937,e01f57a0d213706742cb708ad21c9c40040d7f26,rednaga_apkid
938,e032bd355681e96944a1071f4aa51ea0d7ba76ca,rednaga_apkid
939,e08b785310425434a9bfe38b1095d519bc85c901,rednaga_apkid
940,e0eafec33a3a414c42b62e36485b53d58e72f850,rednaga_apkid
941,e112e2477b286b73d6857ed9325b1212a9d2c05e,rednaga_apkid
942,e11d8e5b87228dd3d8acccc1e9596fc7b6153a8e,rednaga_apkid
943,e131c3db88f5920accdfc15e6f8484b1a42f1727,rednaga_apkid
944,e13bf69cfa31d83cb44bd4a3cb4a56d2a1d2a275,rednaga_apkid
945,e13d8516178370fc2b5618051f4d715502684eef,rednaga_apkid
946,e14d72d90254b606a256ac44baecdd98e958b496,rednaga_apkid
947,e17b1ae326dc72f0a15c2aef38b02c37055dd099,rednaga_apkid
948,e199bb78a6bdff8f931ebb0cbfa99ae6a55cd7bf,rednaga_apkid
949,e1a170b9434d9d30e106b34fd35871a2132a38b1,rednaga_apkid
950,e1d9164485dc14eb1ed5c7330956751c6256ad41,rednaga_apkid
951,e23438e52b5010e2bc67c8ea77c4ed748bc828e8,rednaga_apkid
952,e268af84032c7d04908374440479e32d3f98832f,rednaga_apkid
953,e2978a015abdf4d99840386fb1767963a1b2c301,rednaga_apkid
954,e398d61ca35eb77d1f8a18995cd6be26c15bf030,rednaga_apkid
955,e3bce14a964438025e6c09d490ceba5729e81df6,rednaga_apkid
956,e411dc488c0884efddac38f74c4b028863f74774,rednaga_apkid
957,e452286a96cb7a6999002e20cb568a6d0101be64,rednaga_apkid
958,e47ba27f613679114363a5ad17897db46ab25e6c,rednaga_apkid
959,e4b538399149d124677c7f0ec7c4cc3e9f32203c,rednaga_apkid
960,e4e33562d751a294c55bedd435fc91fc64561262,rednaga_apkid
961,e4fdb4a7ce3df242c5b16dd5d51dab564406a53d,rednaga_apkid
962,e5129bce423717d197987945636cf2683f27ed10,rednaga_apkid
963,e550a5924448ba295f7c6cb3a7caedb99db89d8a,rednaga_apkid
964,e599cb4ad3fbbfd6ab70d66da620557b038e86d5,rednaga_apkid
965,e5c96347fa40587ee8de4f31c98caa0391fa09cf,rednaga_apkid
966,e6a0f39745754f80b8f5032101a1824b9a0804f0,rednaga_apkid
967,e6c7d6597c3ba10611e51e1fc22fe666e5927c4a,rednaga_apkid
968,e714c4a938091c0f0a8b14b15858cf92d3711041,rednaga_apkid
969,e73b1e49c6eb108576fe71fbba62ccc29cf2016c,rednaga_apkid
970,e762a0e1daaa7568b5787c09cb8a25c65d14c767,rednaga_apkid
971,e7888d1622468d243951e0a67a3379a1305c7a2b,rednaga_apkid
972,e7adba431f8cb69bc497c2ba0a247a6dd46d2bd0,rednaga_apkid
973,e80381412e72ede8ca79c325dea7e9d85aea7b35,rednaga_apkid
974,e82dacccbf460e5378165a13e356a3a55e821e91,rednaga_apkid
975,e8530c5011ccaa6ac5af8005600975495cde1f6c,rednaga_apkid
976,e86f79c5d535911418c8f59df1fc4402a61824ac,rednaga_apkid
977,e9860e5aa0be997c766f7a1f73e017fd347938e5,rednaga_apkid
978,e9b8349e9a2917756cd562734b80b640274ee4e1,rednaga_apkid
979,e9e04adf1af0c3dc4b3eb03b2d3b99e40686337d,rednaga_apkid
980,e9e7d6a054cefc1a1102fec38b0a39c6fb96c790,rednaga_apkid
981,ea36d75b7c4e38d1cdda44f68254a3db7d245e86,rednaga_apkid
982,ea73c6a0f3c6a9666a08f1b0f862c6310223f97e,rednaga_apkid
983,ea795785e62a95286246698a9e57456a99c92fe5,rednaga_apkid
984,eb0abde107e2bb52eadc5cd4843c11b21f5b53d8,rednaga_apkid
985,eb5e5a4ac15e0cce5f9f24b704a8733a40fbf79c,rednaga_apkid
986,eb8571c4ca5fd70eb5a8c1cc7f50514675d95a2d,rednaga_apkid
987,ec0b09cd8a2e62c968398aa252f025f69320d9f8,rednaga_apkid
988,ec3822f23466383d3fc3727beaa33b46ff431f88,rednaga_apkid
989,ec97c32a947cf7cae222f0226616f056debac9fe,rednaga_apkid
990,ecb38803488ba370e0ef41add02aecdcaa5105e0,rednaga_apkid
991,ecc9622da504292e5983c56851d11be32a1c0f48,rednaga_apkid
992,ece5e901ef37936c15aa718978e4e3353417cd05,rednaga_apkid
993,ed159e6b013a949a3eb5c210738fcb8dbea3a8fa,rednaga_apkid
994,ed2c773e0f4fec013ae949240ec702203a8480a0,rednaga_apkid
995,ed37bd9b5cb89eef75f26301b16e0d739eb88cd9,rednaga_apkid
996,ed5e805e0bc9c3f8c6be14592ace950aedbeb03b,rednaga_apkid
997,ed87bbdea0db5534b25292babef9d3bbaaf302e7,rednaga_apkid
998,ee2d57b9b0fa6738c569511f67c8f7d2a4309300,rednaga_apkid
999,ee63631f7ada99accec43ebba238e1224c5ab11f,rednaga_apkid
1000,eec70611090382e5e81bb0922fd4e4c9dcf39ef0,rednaga_apkid
1001,eef3689c1c502d1664aa48463a22a21a75114770,rednaga_apkid
1002,ef53191bd3ce2c493142a5c9329eb20e5766722a,rednaga_apkid
1003,f049424356ede2a726d5939ce61c40e1141d7e92,rednaga_apkid
1004,f0611c7e14c029d8f57ec04e4052a36063b401fb,rednaga_apkid
1005,f07670d383b4fa3bc99338413b2066a52fdfd604,rednaga_apkid
1006,f0813c5e9f8b994746a96a53e6e69fc217aafbd6,rednaga_apkid
1007,f1127d2f90f7903a2818e80597fedc5ebd68ab58,rednaga_apkid
1008,f11b21ecb9e6e2b5151baee95e0b4c55de8faeef,rednaga_apkid
1009,f1c3f3fe629ba6072735652c487096d3c10b3e6e,rednaga_apkid
1010,f230d1bcb5aa79b241fd42959ea1f9439d45f55b,rednaga_apkid
1011,f236ae8244d1a2a751f9009cb43d3b37cfd3c38e,rednaga_apkid
1012,f2511f0bf7811f7e2e578d163dc899160a51ef4e,rednaga_apkid
1013,f2768d12affab49b2673f3ce936005c101b31f59,rednaga_apkid
1014,f341aaddc984024010d0cc58643f7991c8f28084,rednaga_apkid
1015,f34a0203fe20dd07e588aa0b73c1519be545c3cc,rednaga_apkid
1016,f3ff6b285b5437c4275e5d4260c99ed622bc44f9,rednaga_apkid
1017,f4050f13fb7bd915efa79a7e5cd553e90aa4ffad,rednaga_apkid
1018,f40e22e73f51615bbaedbc2c8c75a749c1a45d9b,rednaga_apkid
1019,f44891afa78d62e21fe4f25e9b6c3815e10db91a,rednaga_apkid
1020,f475be21d5a03f88843130d65d5d4809db24f9ab,rednaga_apkid
1021,f4ab5dbcf4dfc6cec02be736d019f88c34486aa3,rednaga_apkid
1022,f529c2d000a4da32f5ed1191ed116ced2353ea1e,rednaga_apkid
1023,f5a47ee278fb6081200e07b299304b0a4b057695,rednaga_apkid
1024,f5bed9d33d1a57004cee6f73e9cc3cab47fa7653,rednaga_apkid
1025,f61304b9562eb0f7cc36b5bee6c21f2277660a32,rednaga_apkid
1026,f672bb2c955546bbdfd56b37143a309de7bb770f,rednaga_apkid
1027,f68d55f496237e70bedab89acd14cbf034251bbe,rednaga_apkid
1028,f6a03efa514dee63eda573c881fcabc405ebfbaa,rednaga_apkid
1029,f70feeaf7d179d96f905c8035aa63d53f21db6e6,rednaga_apkid
1030,f79b532b5bb3743fed0f9bb9f06d27dc33d6f58c,rednaga_apkid
1031,f79d4d338cc53e77aacefde5741326bba00052af,rednaga_apkid
1032,f7a7ee1c3ca4c9e3d6e094c0e2c5ecd362bd44c2,rednaga_apkid
1033,f828e91f3475bc515fe540405b7e283f0a9ae07d,rednaga_apkid
1034,f8495e0878d9696b0d7ef2717dbd231ceafba592,rednaga_apkid
1035,f8720b7a371c31a694d45591af0b023f040febdd,rednaga_apkid
1036,f8a2a3a3ecaf52e38806c2288c3befa85683104a,rednaga_apkid
1037,f8b8a3f22e688a17470abe6b6083e12ad50b031e,rednaga_apkid
1038,f8eaa4a30bfaccc042dacfb7ca6d1f6c16cbe715,rednaga_apkid
1039,f9735d147989f84ce5020fbd84413d91b1e2861b,rednaga_apkid
1040,f97e1a61dacec0823cd5105d558cd01574640305,rednaga_apkid
1041,f9aa618cc9bcc426e0a4eda1c29dfce14ce47091,rednaga_apkid
1042,f9e8d4dd5c5959d94c4df470130c67dfb62812e4,rednaga_apkid
1043,fa0f8647f88668e2ca5008763822d7bbf0097767,rednaga_apkid
1044,fa2a05fcf0d27d316bb405df4f2fa543afdd55c3,rednaga_apkid
1045,fa8837501a1361cd27eeb1db4c0cd81ceecbb914,rednaga_apkid
1046,fac5e186f8ffcbd586be2e84afa82c039d7c0959,rednaga_apkid
1047,fafed74e5721a46a3fd1efd0529ca4a959ddb104,rednaga_apkid
1048,fb491400b3468b945ab27f25ce1168d80894ce7d,rednaga_apkid
1049,fb537207b8d6744f2a3f34446e2ccdd8dc70b8ee,rednaga_apkid
1050,fb99def95df7b38aca01e973552a0db32ded660f,rednaga_apkid
1051,fb9a0863bffe98d9f0ee117302c9c1da6f1acbb6,rednaga_apkid
1052,fbec06d15b0232f12bf9a8ec937c9b1bfd87b528,rednaga_apkid
1053,fcbbc5d07af8b82b08d627721ee4b973bca1707f,rednaga_apkid
1054,fcf6b0ab4e29444bac31e9a3464f679406d352c6,rednaga_apkid
1055,fcfa04d567fb0b4f633a3cdffa03c8bff12bd5c8,rednaga_apkid
1056,fd1831b908ac00b903984c99c52e066ee925a204,rednaga_apkid
1057,fd2a10b2a8c252fbece465ffdc7ae21d1dcec284,rednaga_apkid
1058,fd57294ad9e0e50bbf6b073870d827b33a2b1f91,rednaga_apkid
1059,fd8a1e21014b196f500d2fa1ac7e93be8b525296,rednaga_apkid
1060,fd9c208febe761398459784588988a424a6142c8,rednaga_apkid
1061,fda8ef6324ef657ab810b4e7542cebcfe0035197,rednaga_apkid
1062,fe04ef33c7efe1be49d60e684adcbdcc2dfb447a,rednaga_apkid
1063,fe20af092777a390f28bc9fb317a7c8f8cb8ddce,rednaga_apkid
1064,fe4f46a6757c565cabe6dd7b543541e0b11fd80f,rednaga_apkid
1065,fec7ed1d9a2113019f2aeb578b23f298d61ac16d,rednaga_apkid
1066,ff21e8dc516e7e3533ab4dcec0a002067ac08701,rednaga_apkid
1067,ff555610372e160dae2496e7036225716d0b3bc4,rednaga_apkid
1068,ff6309799d9310209ed93f5eb40f9c1ba618f5f7,rednaga_apkid
1069,fff69438524c1f11056cfc67df52869df71618c2,rednaga_apkid
0,003257dccc4a31e9225b0585ebf3593b9148d8e5,icrar_shark
1,00481ccaab541e2836eb74d23cb2728cd11fd56b,icrar_shark
2,00781955b60e875b0ba352f3627090d7b7c09232,icrar_shark
3,00ca68991aca85ac4b1ae77ff01641730ea08b83,icrar_shark
4,0108112902574411ce4fb69454fee0f7e7ce229f,icrar_shark
5,0141ce97dcab344b4f5707121f6f4b5f37fb4971,icrar_shark
6,014e3c81209f87146fa204d29a79d56edadfc189,icrar_shark
7,01c8b9612eb5bd82b0d488b871e9f5537f88605e,icrar_shark
8,01d2127980182d7dfcd2fd4ed6ef95a13cf93ee0,icrar_shark
9,01e46f60f9013462209b1d1cdc924bf1dd246fb8,icrar_shark
10,01e9d261d27d6e35a7cd5094a1a6808205e8f126,icrar_shark
11,0215ff9d1b7e938070f90669f3ae926d31f05a46,icrar_shark
12,0230c1e85c90982284e3277d0fefd7f49d167ccc,icrar_shark
13,0241724a68cf7306c8b77a3a43d05c550b8471cb,icrar_shark
14,02732e961c79e404ce3128da6ceedb0d5436f499,icrar_shark
15,0289657a3d6b4cc0803e2d0b7d9c2a8d10656c66,icrar_shark
16,02c4a71ca42f1caca6def09419aef3ade46a885e,icrar_shark
17,02e8e08d5408d76ab2e2cbe3262e6740ca70a2bb,icrar_shark
18,032c8d22aef4f5f8f449a45e471b0d52446d9a62,icrar_shark
19,03650e48333360975f2448e3d843e4df1111b659,icrar_shark
20,038b56f11816e0d17faed2b35d384ae4bc8600c5,icrar_shark
21,040dd6009685de1e810ce20442df926614ac0059,icrar_shark
22,0414018ec1e00b9bda31a7a23fef7f115cc12a73,icrar_shark
23,043a9cf14d21915a1ac381b70d35eace044fc79e,icrar_shark
24,04859aac0a95b8a2a31a8c28b076e38bcd6fe51a,icrar_shark
25,0488dcb45a23c9642e71e137e0f78c264d67c76b,icrar_shark
26,048e0a58389be2a287c335c3a606eb4f6e149862,icrar_shark
27,04bbd036c3c95d567a3da2f4d1fd54eeb5fb7950,icrar_shark
28,04c72b9b8e8ce45b7a28e4dfb443325568563492,icrar_shark
29,04e90c15768ff275dd6fb3c3c70bdbb88ffaac0b,icrar_shark
30,052ada430f0da0b67b393dc3e2daed7e30c14cc4,icrar_shark
31,0543c4d2e94c26527cb089b8d7c48ce37aa5ab36,icrar_shark
32,054ad788a7abc2bd7f009d4d9c12c9723cd645ae,icrar_shark
33,0575288c3d65e092a8aaf6b487e5cbad09436e33,icrar_shark
34,059aecafa8f1527e97f1f0d513114edf51692932,icrar_shark
35,05a1e6e25898890e219be94e7c6676373779534a,icrar_shark
36,05bc17387f4371d20220a5f48e8f5e762964e5c8,icrar_shark
37,05cfcf44c513c2a934e4a0372a4d84fa14238d3a,icrar_shark
38,05e3a566cf9cae001375d37b07b4ce94c836abaf,icrar_shark
39,05e61063532ef7f8cfbecd8ad1c9a42671c30d10,icrar_shark
40,0636cb9f72914a21491c35faed1bfc724d775dab,icrar_shark
41,064764719340a31d389a5f62b9b3455eccb4a449,icrar_shark
42,067577f6f498e6369895f9de4ebeeea2028d4fae,icrar_shark
43,06de08ebd179fa77445ba61964dde4a82d93d550,icrar_shark
44,0730371852c6902e1fb2fa3308d058a5256dcf90,icrar_shark
45,074005fe4f9c5112acc9b92bd7de2d831ccea40a,icrar_shark
46,078ba18b6bbaf3d8434d9fb6587529d064306bef,icrar_shark
47,07b6116a149f75d6087b5ccb25d871f48756931b,icrar_shark
48,07f3fc99ff5434ff6fe1892e1a833470ddf76b9b,icrar_shark
49,081b509ad5394dc6113fc952b12d270faaf6032b,icrar_shark
50,085e17502b6957ad3f45bcbc0b81718bc4b4d8a4,icrar_shark
51,0874e74d9cdcfd75efce1f0c6e4fa9c66ec76d26,icrar_shark
52,088125330a9dbf64ef2647904f86d7224921925c,icrar_shark
53,08cb173e40a2eaea56dbc902442cf227eff1bba0,icrar_shark
54,08cdcad9416ad502ee9e8da7b008d544a4ec8b4d,icrar_shark
55,09330a5030df35d5024ed2443edc0c3e50d37e26,icrar_shark
56,093a375cb9fa74e74b17110a06f57259c15308c2,icrar_shark
57,0951ce4261b29058b7b85f5e2fa5dbed652b2eb0,icrar_shark
58,095368827a714d56ad61ee4b82ceb95ad061641d,icrar_shark
59,095c896ecba8bbe41ab5d9f1b546c1d73e02090b,icrar_shark
60,0975cd1b5ecfe6f2ecfc2a523f3f06332d71fe23,icrar_shark
61,097a7e050047ab4ad4431f8a976e37dba76b5613,icrar_shark
62,09af461fff11b2675e0f97caa1ba9545a638110a,icrar_shark
63,09c564b8a42a732a15cf82ebcf876575e579b257,icrar_shark
64,09c83b9949c678a55d53126597643322c19e8f1e,icrar_shark
65,09df0aeed69ead150a303373260d83b156adb300,icrar_shark
66,09e99608e3f8367c072c74d9df77e3f4182a4732,icrar_shark
67,0a2f30e323906683c463dbeca776264149a4fd6e,icrar_shark
68,0a68bfcfebd67bf062f21a4c5c395dc7e6a4fa12,icrar_shark
69,0ab2142fe725610a0f66e97420e3255a183672cb,icrar_shark
70,0ab8af0b93cfbbfd5961efbd9be8389f69d12ce4,icrar_shark
71,0ac6dbf9cb6f4e7f700252e7d43559d7c8c6ee53,icrar_shark
72,0acd21e6d679fb36ba8b1fed77d61bcf223ecf75,icrar_shark
73,0af0e5ef9fe583634a34cb6243dbce2218a62598,icrar_shark
74,0b2094069985690b93cf4a09987a3f07290ff314,icrar_shark
75,0b2170a303c2dc88558eca35b0d19d7afee8ad85,icrar_shark
76,0b25640166c1f153fdcd489003eb4aa2d1ff2729,icrar_shark
77,0b79ab770502d3a95213c15f2ea29b049e9512fc,icrar_shark
78,0b926c69ad2fbf6d987a87773feca98eea36a266,icrar_shark
79,0b9cd9e8f8692a1d9af63494d18bc9e6567b44cd,icrar_shark
80,0bc87b5137e24b4a46a82462edf2a770c1f00111,icrar_shark
81,0bcc8ae5b4cd2219341d10be2d336c5caec907cf,icrar_shark
82,0bcf405f0a3bd2fb11ac1fef37e09d0a003151e1,icrar_shark
83,0c100f42484ce6fc3baf2d22b3c8872c3af662bd,icrar_shark
84,0c10a8053c377f5115d2439b637ea91516688b93,icrar_shark
85,0c3ae55feb97fbc6614f01a7854b12a8f142e201,icrar_shark
86,0c47477a2ea8e24e040b36dcfe2d216c8aacc0e5,icrar_shark
87,0cf94625ec4b7e4267bb35db7dfb2286854358ac,icrar_shark
88,0d0d1313f9946f9855f120ef8dbed93ae51576f6,icrar_shark
89,0d0e2180933f1e24355b33d1ca2c4f6d21632236,icrar_shark
90,0d1cd1d2eb5af2f81971e493cb9d8c693301093b,icrar_shark
91,0d2dde29c4cc8faf2aadd4d4061b180d69774a3d,icrar_shark
92,0d38c0f81d841a9d3562e11dfce046a2ce6a9037,icrar_shark
93,0d51bc0751306e9cf0f4a2361fdd263359c5a2ae,icrar_shark
94,0d596b37b41d6eda8198e1207a45a3c1bb0c44d1,icrar_shark
95,0d62f175f2ab5aa91850330cfda74f22d6aca32f,icrar_shark
96,0d9fc9132799c7caf3bdc9c61860c61a72934def,icrar_shark
97,0da03169dc1a72d349e5b41cfc62475fb2857814,icrar_shark
98,0db9f05e18804891ab887ba05d698e3ed1df1c80,icrar_shark
99,0dfe86646f920f7127f0734a8fbffcb1eae4bb7f,icrar_shark
100,0e02a440c72648f2d60b1ef8a6a7182b89cefba2,icrar_shark
101,0e15641701f2573a4b50cb1549019a904fae08f7,icrar_shark
102,0e67c4be08eeffdb3135b584c4dfe9e097b64bfd,icrar_shark
103,0e730010d4a72c33513ec857c2e2d294232d8661,icrar_shark
104,0eba7f7eee69ea8cb8ca59777d3c9bfee6a22244,icrar_shark
105,0ed5f64dbfe19d93c85ee60610569b7a97709b59,icrar_shark
106,0ee81fedfce17496d511646c3c555de2916f5daa,icrar_shark
107,0f5a785a8d4430a071ce9a79a557736da171a019,icrar_shark
108,0f5aaa94d4915e31fb4d648f5318a25c6fc799d0,icrar_shark
109,0f5c6f613497c66273ec4cb2c547bfa9cd986a24,icrar_shark
110,0fceaa3f324602103fd0d6122965ecbafaecaa89,icrar_shark
111,0fe7cdaba3ceca734abe46c93ba39a0db8121ef1,icrar_shark
112,10589d7c9f193863dc22516dfaee2ce0639f8f5e,icrar_shark
113,105a282a68150064f4808dd936003fcfc34e1fd4,icrar_shark
114,10f70f26d9790128c9ae9aca718b569d0fee4241,icrar_shark
115,10f71e67e5196b9c2cffdcceeedda93badbce76c,icrar_shark
116,112ad0fe59c74fe7c5c21ef5fcf97aa2dedde845,icrar_shark
117,1161d661eac963831a0119b9463b5889d4e768e4,icrar_shark
118,11abc6b94a8ff77f2b0d25ed052e0235686be82c,icrar_shark
119,11f0045268462b37aea50480c7f5688448134b46,icrar_shark
120,11f31773a6046bc324fa8fe36d2c0887abc938d8,icrar_shark
121,11f33735f4cd84f4f1c259507a8f681610a6a49e,icrar_shark
122,11fd359494d20e21f56ff2a563f5e3e70447766e,icrar_shark
123,12011b64ff837d25b0369a4a2944feba341b2241,icrar_shark
124,120f6b7fb9af73a4250963b6ebf1b2a9c80c0892,icrar_shark
125,1220d92a598661b17d096819ea407aac721ede55,icrar_shark
126,122c2001ac4f61d71f152764e2140d68dd4fdbba,icrar_shark
127,1246689f6e2a33798e2660169c8177f3645c806e,icrar_shark
128,1246cbee83b391fa65dfe0cc4c6017cc67c975ca,icrar_shark
129,124a4f3cd98b14d7843f0b0638c0bd65a9064536,icrar_shark
130,12886e581ab030923f2d45f69dc05835908c260c,icrar_shark
131,12aa8c1d970fb6b26f7ab1e7b059b9fe949db0a7,icrar_shark
132,133a2009efbdb5949893885a52a92d060710ebe9,icrar_shark
133,1357324ad1b81a1fbd68ddabfa4fb45c5b67a6b2,icrar_shark
134,14257a0d51aecdaec74be44c363a8c73514aee02,icrar_shark
135,14363417adf71b7c9f383a677b15f96815632116,icrar_shark
136,14964acbe6360600d142091081bd43611f53a42d,icrar_shark
137,14e054d37e83d83553b8f8b080d8debffc8af7e4,icrar_shark
138,14e1bb7b53aed8b626a39fb16f7e3a8f09e30ba4,icrar_shark
139,14ec10bbcebe7ff8878b2e579a9b317fc0860d3d,icrar_shark
140,152d56d72c036c0e34ba2fa4737826addf018997,icrar_shark
141,154409c2b057663c3f4c4e88c4b8c5f97c8075ba,icrar_shark
142,1571b00e75d1f357543631d392a9f2ba374e67b5,icrar_shark
143,157235e7da05adad96acc6dd4e32877b5db61e3c,icrar_shark
144,15927e48442b6c3b83fc32ae4cbcc2a97d4909fc,icrar_shark
145,15bf31fcaed9e7a0984300c8534da6346b0193aa,icrar_shark
146,1600a89e167bbcff3557480e02b35cc25ea712e8,icrar_shark
147,163cb10dc8ce74f47cad35dbc75ba854726f9558,icrar_shark
148,16423b315a1ce137b12f9918e05ba426717835ae,icrar_shark
149,165b9d2f4b08f6669789d342f9cf5f0d2d3b5d7a,icrar_shark
150,1678c697032947553d5d5e6c948c9b16c307d64c,icrar_shark
151,16b8c74832142cf945edb67564dac88f066cecb6,icrar_shark
152,1735058a705138d6473f6957cc84ce0939e7a25a,icrar_shark
153,17370f48f7e982f212dadce1dfae113a61f5b04e,icrar_shark
154,180b90f6ed7e6c741c774a5aa8e628d465dc3ccf,icrar_shark
155,185f3c995ff90b87cd2446ccc8071bf04366b9e3,icrar_shark
156,188079db4df83a8a456b5d8070d8780ebd99a1be,icrar_shark
157,18da8a3138ba9356e16c0b4178ce28b74afac29d,icrar_shark
158,18ff01f4080fa68783d5e8114f49cd8ea3a30be2,icrar_shark
159,1925531fa96cd443ad126762be7b0e3989a4b571,icrar_shark
160,1934c674dde39ea76c912d0804816b9d46d9792c,icrar_shark
161,19c86a1247e64ec832c06c733fe2f7e3be3996ef,icrar_shark
162,1a0a9b0b20ca6c5661366968378041beaca0e6cb,icrar_shark
163,1a229ab3bc05e11785878c58e1f3f5ecdb3aa513,icrar_shark
164,1a4a23abc877b9081268b3ce144230f8252ff49b,icrar_shark
165,1a689de7ba7e0a796f6169dc06750d280472b5e8,icrar_shark
166,1a8ce3a8cc2503eac1f7b138af87ef46809a41a9,icrar_shark
167,1a99628771a0195d028e4872294115fb74f2e772,icrar_shark
168,1acd0ee877198f4388d9d840e8d427d2b19088bc,icrar_shark
169,1ae7d87a4e009c23080ff3cefcb73d35da1bdccb,icrar_shark
170,1b2db69259f07bea1f32b29f468fdfb78a58bc8a,icrar_shark
171,1be7abb5fe6e59f7e59626d960231405c6ee199c,icrar_shark
172,1bf6c22ebec4015c4060f6c6325c3e2b0d3883ff,icrar_shark
173,1c0a9a1aa519db954c6bd1ded86714f46077d104,icrar_shark
174,1c166b4ece1d2ee55cad74d2e906aaf1474ddf79,icrar_shark
175,1c3c050e39693f34e41f81aefdb5b22cfc570f86,icrar_shark
176,1c730399cfc3195cfcc52ecb6834d440ef3e781c,icrar_shark
177,1c9e49971f90135cf3a3afeb6b0c91be9aa28283,icrar_shark
178,1cf6ca977a7e93dd1d0bb991478e48481b5a0a8d,icrar_shark
179,1d6a3b51d94363536b06bab5960bf154850bbe15,icrar_shark
180,1d956d65ffc2d082d18bf896c1e8ce75fb34c3a5,icrar_shark
181,1d95c5fda4f1268c58a685a1e84cbc9eff71823f,icrar_shark
182,1dc89e8ad8d76490f783c68a91798430605b6f70,icrar_shark
183,1e1bc29060a8adf65bb5439bf99d906873693b76,icrar_shark
184,1e54baf3bd59a016a15ad393d98751cdd45c4109,icrar_shark
185,1e9815ce0bfe77b5213152d7273a5915a4211065,icrar_shark
186,1ea99bcbb1c2504097c54aa7f80b747a479144b9,icrar_shark
187,1ec861df1d515a6d0dca533e5a71acd629fb52b9,icrar_shark
188,1eca84b0cc1971e3a9d3c0316bde9797fdcc5250,icrar_shark
189,1f0132296c6bdf6c1988169f5926c69c39194d88,icrar_shark
190,1f020b277f8d1af3a56834bd4b1b7a1728507b68,icrar_shark
191,1f04fb73569d358c4c6e1f5ecbfad7be34b9c218,icrar_shark
192,1fa41c9f4332b2ff83015fa2d0684755f97da646,icrar_shark
193,1ffc5ef9f4de20d6902f99cd161f07b4197d6bf2,icrar_shark
194,2000fa3b50cf672df2951ccea412a0ee1f5fec96,icrar_shark
195,2003ce8b6be07b97c8d52cefb3c27d953ef4e24c,icrar_shark
196,201f3392c78c3753f2cec2257da421121244f171,icrar_shark
197,2028c2f446f3864dc97269ae8d4298105aead19a,icrar_shark
198,20678f78138240f2e791e3e94b0e9d9d6095f708,icrar_shark
199,206c9c5a89edac4f2864c1b22b711f591f63d588,icrar_shark
200,20c6679082a41b3a2934992725221024a8d196a1,icrar_shark
201,20c8ee2ef161b1e1383d511c612a03a331747843,icrar_shark
202,20d58d728dc2fa9d24c160070fc950fba0a95776,icrar_shark
203,20ea1e7075a57704fdf85756ad5a7a91460ac48e,icrar_shark
204,20f8f394d8fcef71c03663a721410421ee91d590,icrar_shark
205,2118315a930c1c61856944957383328e27666a70,icrar_shark
206,2123b849c3ab5bda95df68dd9c2a9fc93cabac4d,icrar_shark
207,213cfd60083aedebb69fba8675458c8bbe91fc12,icrar_shark
208,2161940aa3140182ef2206a3e8377b89ac77d2a2,icrar_shark
209,2191ebb8139f9b3fb2606b9d349b405cce617fc7,icrar_shark
210,21cc4cf6e2b2d04e913b26062fdd9907ae2ce0f5,icrar_shark
211,21d324faadaf3ba7d8626f145ab015413001b02c,icrar_shark
212,22371ba84e98b000fe3161896a6eb5ec35baa31a,icrar_shark
213,223c8c5ec496713e8916326f24d10c8e005b0b79,icrar_shark
214,2263137be98056d3ac203dfa36836560b66b0877,icrar_shark
215,2271241b8f509503ad963377057a03e1c012884b,icrar_shark
216,22848606e144d38fc5e85fa7b03a181a300de7bc,icrar_shark
217,22a8b59a1c067e19da891b7c3f1e7384dd7052cf,icrar_shark
218,22acc0461cab03c70bbe9629acbaad17e299ec37,icrar_shark
219,22d121627ebc4c265ca2500f587b653fc69d2456,icrar_shark
220,22fd7ce15853626f8e3233bf142b95fcfd9edf88,icrar_shark
221,230ed4581867be45a021f852bf5bd282943585fd,icrar_shark
222,2313ac898d8d545fa24ebe07924985e2171598ae,icrar_shark
223,2337f111abf60ef26ed60a9076213288695a2a8f,icrar_shark
224,237860972267aba6a71c93067e3dbe94dc049d55,icrar_shark
225,2388c0789d9cb5e4956d411f1b219800f43bcb06,icrar_shark
226,239090bb7027861a1601532986928ea72118a6b4,icrar_shark
227,2398d6e0030f9b5a29256bd92215e69e89147e95,icrar_shark
228,23e54817b432aac3e228c13b9a9998b1781cde7f,icrar_shark
229,241fc9588da684f15b72e4d33427077d1a57eec5,icrar_shark
230,245262221acd17708a1e82fb01acd39f789e42e6,icrar_shark
231,2463a9389cccbb1b969fffcb89b151f319205a1c,icrar_shark
232,24a4052a1d8f081e3d33c4ab81f4826726000bd2,icrar_shark
233,24f0d89a346e81fffdb4b25f0bb61435e27a65b1,icrar_shark
234,251260da9f76bdfb0aa2c57bed74a1db49fd9879,icrar_shark
235,25ab52dc299d2112caa2feb50d4e941ed723b93c,icrar_shark
236,25cc7b6b8e51007efc3f07f7de2ae4ca95b8dcae,icrar_shark
237,26104a56464e751faa9ad93c8bba0a84f7488bd8,icrar_shark
238,2635f8bf098c4fcd36b08acfd3466df1fe3d1c72,icrar_shark
239,2656486912faf0dd40d25c3a0b7bcb0386a2a4c0,icrar_shark
240,2667fbe363a87ccaaa606d746693c0755d2b61f0,icrar_shark
241,26862eae48efd9627397ea31961783257f323bef,icrar_shark
242,26d0afbf0ee6fc5b6e1c0ba243dc93d3cb0489fe,icrar_shark
243,26f2d78c0ebb8ba28ce199df0ead6882c9c3ba4c,icrar_shark
244,272f64c014c62ad435968b076e4a953d1fcf3315,icrar_shark
245,273a1e407cbbc0b086fbae8dc145b0e13b1538b0,icrar_shark
246,27408176909a3d83f1bea2fad4483f882dcabe75,icrar_shark
247,277ffd08b6f6244522ce7954226a9b299d958472,icrar_shark
248,27817ea888e7f492a24491eb359e148bb5f67350,icrar_shark
249,27948dbb303b7c28d3f4fe81aa54eb6309f551f3,icrar_shark
250,27d00af42e100ec7e75b132f61c1d8ef0fcd1e47,icrar_shark
251,27df9f5e501c17797c006eae37c337eade60bc0f,icrar_shark
252,27fafda3d3bbc90944af878ba5b9a59c5eadf966,icrar_shark
253,282d4e90c0c4c502449169cdb9f05629154e6132,icrar_shark
254,284ba0f4fc28993e4736d45015552fdf2962b203,icrar_shark
255,2852bda6770abe7ec8262e9dfa261f8808a6c343,icrar_shark
256,28aa4aa25ec4cc1d17e6b230e4ba02fe3fe7081c,icrar_shark
257,28b0906c193ca51d0fed3a122e21d5bce1256fb2,icrar_shark
258,28e5091751e55918661058d5fe5161e15e8aa215,icrar_shark
259,292b59fdf469825a0714b1ebb1a30f049fc20bf2,icrar_shark
260,293818332115a20433e0b71203f1b872e789d20c,icrar_shark
261,2957d09202fe38eb8d4de03a06b15167d2c0c3d5,icrar_shark
262,295842decdef7ca6ea10ae8e5ad61a7011776f31,icrar_shark
263,298dd37dade51c0202cd45df072f5b8728eb0061,icrar_shark
264,2993e5ab77d75f49575063cf5489d352ed41d8d5,icrar_shark
265,29a600d80c36d7cde796d69eb55b4d8316c21dab,icrar_shark
266,29e3c6d3a0e23c57dbdd78a1675f0363cc3765f3,icrar_shark
267,29ed8356a09f99fbcd01d43eed9f682c20add170,icrar_shark
268,2a0809b4877c978648505cf346244444d4768b3a,icrar_shark
269,2a2292eb519126a5548ad165a90a18fb6030eac5,icrar_shark
270,2a3bf2be8bcb5dce443f364c7a5b4b5035bc0dc1,icrar_shark
271,2a3c58d38c7794c1e23cb7d0e933facdaa7c72d7,icrar_shark
272,2a48592e356a17793166fcdbaae3fd610c3c2fe5,icrar_shark
273,2a67b28e40998a8cf5489a48ea81a336f34114c1,icrar_shark
274,2aca5e81d5e1593fcaae0d0e2794bc4d4470e0d5,icrar_shark
275,2afbbc22a5b649ab5164c187aaef4b73189c5627,icrar_shark
276,2b11472430e8f4749eae374f43a9e4cb88264ead,icrar_shark
277,2b15d440494150d9da81ea18c623a34b868c37a3,icrar_shark
278,2b1c7e589952c0e2169e65b5201722d3e9211e52,icrar_shark
279,2b2f91102150e149cbfc40592594f15f0b9856bd,icrar_shark
280,2b44f8d7b951efde68ad331f5c548c0be6b5548a,icrar_shark
281,2b5b38f7422d3d2e98526d61108203e7f8505236,icrar_shark
282,2b5f81ca50d8dcf97f3a38ed66e07c40161451c1,icrar_shark
283,2bcc134f82cf8b77189522c78941fc605994818c,icrar_shark
284,2bfed6ab4c0f0389eae48f1d9e6e108ca4c3ba48,icrar_shark
285,2c3454f0c28236a8316a28bb6453dd8bf941ba09,icrar_shark
286,2c84223a79a45356edb7103495fb787a3985f47c,icrar_shark
287,2c90249ae88af116eccbc08025d67b3df2e27d4e,icrar_shark
288,2c99cc8863ff66af81d94db3b4d0c1da92c6c684,icrar_shark
289,2cdcedb3895d176f43b812e0ede08ce93934388b,icrar_shark
290,2d1eb37f4ee3d9db64d608f803d7b094c5325f51,icrar_shark
291,2d36ab22d53332143abd04658afc3ee060e29dd5,icrar_shark
292,2d3b85e0ed4c3574d63b912e1565075890b483f3,icrar_shark
293,2d8daa48103eee840d36201406f8eb2d06fa472a,icrar_shark
294,2d97dd91d754df7fe8163868f68f6e9728778c07,icrar_shark
295,2e9273db3d6b73d2d814aaeb6ab4acc27d8ea164,icrar_shark
296,2ea5126729c71bceeaca5b60d5451f292565b7ef,icrar_shark
297,2eba7639005e5c2698177d641383ceefffb047bc,icrar_shark
298,2ed36561d95e638c1cfb7539df9a7d161dfde3f4,icrar_shark
299,2f3096debe278d61fcb8db4ca43dd01c36e8b698,icrar_shark
300,2f3bee8df1354c17e5f560fa8d326612c2706f53,icrar_shark
301,2f5c0d9e6df12fe6a3a3f350e7495bfadfee91ac,icrar_shark
302,2f90e05cfbd97d814d2e70afb85d4521b7d5ed56,icrar_shark
303,2f9be7e0158446ca6915734b4bc5e60f171414eb,icrar_shark
304,2fbc8aa3f8910ddbcb04a7743c9cc34e86c76e9e,icrar_shark
305,2fd0cfef40f9add00aafb5cd4063210151c54a00,icrar_shark
306,3011fba9f2fbd40aa9726e48478c1f0ee1c853c1,icrar_shark
307,304cf07b2902bc13e4c31f46061ec65ab254dbf2,icrar_shark
308,30561aa3a9c93ded65a73271a6de58a0cd267706,icrar_shark
309,3070b1369420955e5bd2e22963d67f7b5f7e79d0,icrar_shark
310,308bf1ae3986ce4b3b83190128d39237aa1b9496,icrar_shark
311,308fed8cc01149d2b9de8e6837fd088f8a80fc60,icrar_shark
312,30bb86dda2fcd7398ac07492d913d3e878498040,icrar_shark
313,30d845d406e7ce1e6e659089ac192bf1eb59857c,icrar_shark
314,30dd6b26bcc37dcd40214c6014f15f35bf68452b,icrar_shark
315,30f3f03bab67c03114ca0ea441500e81ff42ba7f,icrar_shark
316,30fb9c6a2bc85f0d0ec86841ef968f610792753d,icrar_shark
317,312423131cfdeed7c21868367439faa6f6eadf29,icrar_shark
318,3124c68f47591a35b0147fa430670b978d5b7b9a,icrar_shark
319,3152ba29a4002cd4fc6f4dcb5e6ab963009bfe67,icrar_shark
320,3166e075bd58a4d2718dd527fff47cf153002711,icrar_shark
321,318763b53626c856689d18eb798d1b9c796a9d8c,icrar_shark
322,31a847723dea0471a5d7dec5482ff726483874b1,icrar_shark
323,31ae673ec8e57202acd161d9eff8a44cda42656d,icrar_shark
324,31c6ba624fd442d83c954ee729614d89955794bb,icrar_shark
325,31db216e1d1f3b12c5f6a26da1a251f79cb9289b,icrar_shark
326,3267718c2963a0f4e7580be1f53d6993a1324f5b,icrar_shark
327,32b7d35c3d798b97898006f408f39bef66c574d0,icrar_shark
328,32e3547f0b78b50cfb9b60c36ac0567027c92b02,icrar_shark
329,32e4d67cd0f4c885551b16370fa2f121c5435715,icrar_shark
330,32f182d52cbb3c525aaac5ae56b7813c8b025f62,icrar_shark
331,33234229b4855d5165a1db5e86437fa1ae73bcfe,icrar_shark
332,3325e2da5bc13f11dd79aa785852ebe53ebac580,icrar_shark
333,334c62f77a8ced88a75f485537fd6c6615c2438e,icrar_shark
334,3384ad306f9c773fd17ad417f3c1bffac698eed9,icrar_shark
335,33a95a81697732a8c854085641fb713fa438e53c,icrar_shark
336,33d026772daff7147abd770efbfe973253639fac,icrar_shark
337,33e90d0e1f8a1220e57ce8cd3c1819019a34adc7,icrar_shark
338,340e66bff3ca1714463213567e5b1d437de34950,icrar_shark
339,34226dbb745670ba047d248f855bef57d7d3fe32,icrar_shark
340,34507a634d7d636b2c7e4aaf4c417cde19f7ea90,icrar_shark
341,34520af20249384e4da5ae0afd3d2cc1c1177b28,icrar_shark
342,346480ff2a34723ee84169d0580894c71bc5a305,icrar_shark
343,34b41cdfb32fc71ad21631004844c52e1f44ca23,icrar_shark
344,3506aa0dc90d2e8290d0cfa29ab7ce066c37760b,icrar_shark
345,350be689fe78b8d514a8fef500dd19e269abaa4e,icrar_shark
346,3519197ba672ebaf6219d948593278b8fb876a26,icrar_shark
347,352c7f9d79b279a45506300679c64d850ed0ce48,icrar_shark
348,356c40774694645b7dd6bbadd28be5686f8ef76c,icrar_shark
349,35833b744081e21de6ca665df211f1c8677297ec,icrar_shark
350,358838ed7a295c85409942d1b46dd0c6907193f8,icrar_shark
351,35b6106b6a5f4648f9ec13b00450b2d04709988d,icrar_shark
352,361afb787c196ea1bd582c09ce3c06f06f48f77d,icrar_shark
353,36264bd7cbf23582e3b908bd40709eaa9899edfe,icrar_shark
354,366e10e7a16b3a6051d5631700df19f23e4484b6,icrar_shark
355,368e4e045231dd3f0756a20e673f46e83a5a9b2e,icrar_shark
356,37734bba5f6247c638f90b7399f56ab73a1fb487,icrar_shark
357,377717572505ac41dc67a40db09cc23c42e14769,icrar_shark
358,379eaaebb0df9db5dd508da5d5666929aa5cf01b,icrar_shark
359,37a3d2568de8fc0962afa014997d08929c85bb13,icrar_shark
360,37a47b0198467e9fe0362747099d6a7c52e65afe,icrar_shark
361,37b2a8e69f88a61fea247a7f773dca8475ebe3d2,icrar_shark
362,37c58a0646ec069992b38cfa2662f8731122e6d7,icrar_shark
363,37dd1f82e0cb4816fa38d1648f0011ac89cdcd10,icrar_shark
364,37e02b455a793334d9d7c9e9769b97c7781e4af3,icrar_shark
365,383d749806786db2173adbadb312f77df82d77dd,icrar_shark
366,384db3589dc6a45a741a5cab2b296e98f9f0511c,icrar_shark
367,385b45ff8a76126250c15b7005bfd7b268c34961,icrar_shark
368,387cab4f4f77bde6ca88c63e6f19708dc9f11e3a,icrar_shark
369,38fe35060ad8f6cd6a6f7408b6ea1ccd710b0ec9,icrar_shark
370,3908cc27c8dae806f74904df42f18ce237304083,icrar_shark
371,3927551d38c2564b1be6840ffc7807573096d1fb,icrar_shark
372,3951bea3f0684f9e2bacda43e1d25f774888d9a8,icrar_shark
373,395698100a93eb20eaf9fbd50896b7e80b06f45c,icrar_shark
374,3956e9d61230e5048fc02db1f59a7c3fa772f2cc,icrar_shark
375,398fd159c33febb9e4af7e36dacef9d7ad540ba6,icrar_shark
376,39a64711093129b6a762dcbb2969432fefe6e401,icrar_shark
377,39a7976039260bf6a784701ec5d675f4acd9042c,icrar_shark
378,39b722712d6c681af9c3d2be7d18931adc9ec0cb,icrar_shark
379,39d01318d2cc20ca92f633ee31328c18df941224,icrar_shark
380,39e9e32d7106e1edaf51b1114f8b32c0e28a19f8,icrar_shark
381,3a2085241c1ce0e038c463329cc3285160a96cef,icrar_shark
382,3a79c2c05ba949b5a91a1d0b86636867f8039bde,icrar_shark
383,3abac7a10e8fc3c6fd2a5e4edc351cf400991970,icrar_shark
384,3ae19429d4712847bcd8fe8020da30911700984e,icrar_shark
385,3b301e3ef68402d5a6821f8a2dbbf6e9e5485b2f,icrar_shark
386,3b46641f91d2a0ffa37426a58461bbea95870b0c,icrar_shark
387,3b5849dfb9590692c49b1629b568bb47f270b0c1,icrar_shark
388,3b7db55d93cee785b1bd632e742963fd05578172,icrar_shark
389,3bb301f0d2ea1a595052795853462db2292b45f5,icrar_shark
390,3bb990827938541ed08090eb3442f204aa36d75e,icrar_shark
391,3bc955cabfb4587845fe4215eb7292df1585201b,icrar_shark
392,3bd3c3665f623bab7a172f414b7e8c1c15698b4a,icrar_shark
393,3c0a8c71926941a10430809d7efdce50eec3b904,icrar_shark
394,3c9b719c8134c786ba034a7d463e6e23a1098942,icrar_shark
395,3cca613da112b9aa81b48cd368ad997161b994f8,icrar_shark
396,3cedc45142952e4ec90be7170fd64e3e513b07fe,icrar_shark
397,3d4e41d1179267dbb3cbade6c3e70a6d8ea0cad9,icrar_shark
398,3dba0efadb7606b5b54f6e91cef45be7e38fc1d3,icrar_shark
399,3dbb54e5b4f34eda65601678a60bb5b75be7c5c6,icrar_shark
400,3dcffb288f8f6cd4d22da231587acdcc489afa6e,icrar_shark
401,3dd9f1e26670786298066b0c089c545a63757d29,icrar_shark
402,3de175454ea881fb09292ac1d552e61420fec070,icrar_shark
403,3e271817ef91e68063e2b00d870e0c711cc3d5f5,icrar_shark
404,3e4cd608f088b83443846572d043d67619e5acca,icrar_shark
405,3e6171f3113221c71c8b8bd426267740237657d3,icrar_shark
406,3ec9d849fe4c2200886ec530322964a84580d9a9,icrar_shark
407,3efb3ce57f5ffc5deed60ecdedf1102dfc794bf1,icrar_shark
408,3f05236479d028110d8d7f3e97d02001ee08471d,icrar_shark
409,3f2519bd85138fa12f39ee6d1c2006ef135b9868,icrar_shark
410,3f27bbdd69845f5dcdafbcc6e075b07c0dd6ab1c,icrar_shark
411,3f4e004de57febf68761d47665f808e06879465e,icrar_shark
412,3f8c5857c4916f39dd98a07451ea58d03ae471e1,icrar_shark
413,3fa8216727f86cb2e8f8cdd1f3c2dde6ff332efa,icrar_shark
414,3fbd06ec1766ea9f1d0bc99a640be9302972fef5,icrar_shark
415,3ff843479b9abdf19151c29e0dfbb1ac3b3bd6a4,icrar_shark
416,4019949e6a77c4768725c36ad6c2262e5861a56b,icrar_shark
417,403404f2d9903540655f63ccf2bb9bd6866307bc,icrar_shark
418,4036114e1289745df36a4b89a3429df75508bfb8,icrar_shark
419,4051f53466bb6162d42545e5e673ec92d6333ab8,icrar_shark
420,406bc3ac021cdb3145e4083c062a82a6458e61e2,icrar_shark
421,40868a181d5edad4671aebb31af4bd4fb994976b,icrar_shark
422,40a919bdc4f593e7306572b9cb1ee78c0ab24e47,icrar_shark
423,40eb523ec0d313efa890eb3fbee2c77126fb8b3c,icrar_shark
424,40f6086ec416167d2aedb7c88742c8bb9c6d1a5e,icrar_shark
425,4116c38b66986d50ddc73c6d13a4e5580fa3d59e,icrar_shark
426,411b5b80d31e2ba4ef0fcf1a68506240d8b2b6e6,icrar_shark
427,415b4cead37c5f9ed7c924c2dae11ffc660cbb6c,icrar_shark
428,416c8646d36882442a92d2250c0eed7c6332e3ec,icrar_shark
429,4199fb39ad98ca4f60b0e4cc5e7235953777afcf,icrar_shark
430,41bbb8f1ce2f1995b9125e77cc1ad95a44af2aa8,icrar_shark
431,41e49fdffb31c4a1daaab85da1644c851124be55,icrar_shark
432,41fbb4eca5454b11490e7896c5f6c01f9473cfcc,icrar_shark
433,421f860218b76eb4b9c3850c2bf8df5bdc2dfa27,icrar_shark
434,424552ce32a84fb06597e0d64b6eda88e2ae56d5,icrar_shark
435,425ac77ff978654b1d9badd18262c6d4a42784ae,icrar_shark
436,426b1b34c57b9462a2f4ff1d1d235ffca1e82b64,icrar_shark
437,426c05a4d95fed8aa2c0443bb7e1be3bd017d94d,icrar_shark
438,4285306ead6a4dff2251e472225cb90c37d4b06a,icrar_shark
439,42a1a0388ec8bee4a1765d15c61d197f4bddca13,icrar_shark
440,42a760f1f5c5e460b36852d224967b93e6760a98,icrar_shark
441,42f9e9d8d72df22b001bfc0bedc3a13034450e51,icrar_shark
442,433015ea032e6a9ddaee9aeca2d2981c05512f2d,icrar_shark
443,4347f7c1ddd13622e9752a56f3984c9b72c9b128,icrar_shark
444,4353772dd97a116a908a3b86358fcd8a6e0ce08a,icrar_shark
445,4366f2c6159c0e3be30cff3e1359263ffbd5f8d7,icrar_shark
446,437d71a512225ba32e115eae7730532a566a6999,icrar_shark
447,4384e1d28af454d943b23474484ce4ad4be2346c,icrar_shark
448,43930908de3d147927e55f2afd7bd66fec18bb32,icrar_shark
449,442806ec93a797fb59038e625b631b527d7ea2a6,icrar_shark
450,44397e5e962083ae0928276505c024d263688d14,icrar_shark
451,444d8c02766d04cde32710beb0e70b1e66ad8913,icrar_shark
452,445227ae111a28d3dcfb3be685340993195b9407,icrar_shark
453,4482c534f43efe4243b90a192030be2bde0aad6c,icrar_shark
454,4490d2fd7da13065d8231cac8d985dcd614d5cd6,icrar_shark
455,44a2db2c6da9f7443faddcbbb8ac7fbfed015b59,icrar_shark
456,44a7e66fba2428e26edc0b1a28fb73bd012c779b,icrar_shark
457,44ab23b013d576676809d8e3bd2006f7cb1ba3e5,icrar_shark
458,44b22a76dbccba20edf0e6fd2278bf0d5a156b6f,icrar_shark
459,45029a5a99f48651486cb111cb3d62e182acf65d,icrar_shark
460,450332513d655b997aa0071508c0ab0d621510f9,icrar_shark
461,4529623d9c0b61e606899d0789fa31a48e26894b,icrar_shark
462,457c6fe9fe731d9fead8a1a277a547d72e79ae91,icrar_shark
463,45a6c461b0e166381b671894937f674e9ff0c8e6,icrar_shark
464,45b2a6db18bac7c2fff4862039b5047fb65fc052,icrar_shark
465,45cfdf8cc80eabb68737ded18146634fa14fc697,icrar_shark
466,463f094f53a78910f9a6c82075a07dd7fed8fa52,icrar_shark
467,466ea24f6e0af34b46af050b011a983ab4694f2e,icrar_shark
468,46ac4f876503cd88f58db650452391762c7c6765,icrar_shark
469,46f7a3a0a8ffeb96e56271472871806288d6a036,icrar_shark
470,4732bd61e1da9ba85e1cf0cd6d416ae11d723f17,icrar_shark
471,473c3152a8f07af925312f81c022515528c35e55,icrar_shark
472,477b00b8a9c0af0e01b4664a500eb24c8925dc62,icrar_shark
473,478032565e10ed241c2944bb61ae57eb106783e0,icrar_shark
474,4789045b17d32f39b52b91e112e5e352880d9190,icrar_shark
475,479ab5dbf341177b5d2259a9b6ac90a073a310c1,icrar_shark
476,47cec6c341cd01f9ef38e06dd9c2a2a7fce594a4,icrar_shark
477,480ece879dda3f9082b4971885b2f20cf661b753,icrar_shark
478,48353e5531b3f31d5b24ff05834a26eba3adb50a,icrar_shark
479,483e9c7eb8824d2f1a613fef14a4e83ccef7fba8,icrar_shark
480,48bb751b0f315bec1f35499fab0d57457406ce0d,icrar_shark
481,48cda0395c89609af92afdaf93e7708d6efa6bbb,icrar_shark
482,49259f770fdab8666b80a9eba794e477a95858b8,icrar_shark
483,4957cd421cc3d61514bd7309e28dbca15022ba35,icrar_shark
484,4961175633a2f06821cbe22c290059720d817c7b,icrar_shark
485,4998c7b2aac30c2ff29a6b83ef78b2cc9b8238bd,icrar_shark
486,49d26a3e899455535cc33b82d9db45a8add08699,icrar_shark
487,4a0879b10a18a49d5a45410607c649d516eac8e4,icrar_shark
488,4a146abf5088d0d0a4bd9ba9aa27eb65f3751e60,icrar_shark
489,4a1b64759706802e2a1afe53bbc01d6f01dcbfa2,icrar_shark
490,4a241c731a90c6059127cd968b980dcc1462bf4a,icrar_shark
491,4a387597d4e2d22c763a714f77198a5c43ff8b3a,icrar_shark
492,4aaee9f3d140d38f5a0936d8634b8a4325d88871,icrar_shark
493,4abb3ae22b8e0e3f9320f17739df505bd0696eb3,icrar_shark
494,4b425e61fe516cd070f8e674575dae103fa13043,icrar_shark
495,4b79ffbd302348c50f030d7ef052f0db95f6a5ad,icrar_shark
496,4b810a7c1dd8ba1d5bba01be8df7841ebecdb65f,icrar_shark
497,4bba33e589fc1f2400fea8015a483f413d2e71f0,icrar_shark
498,4bc2f1c4899db35a9940c176a87c55087215d170,icrar_shark
499,4bc31482d634212d94bfadd857a129214fada6e6,icrar_shark
500,4beba62c8c5909721925710500b9a58b4807ac4b,icrar_shark
501,4bf3cd5b6a4f898e2c4bd0e1634c5610200f8b38,icrar_shark
502,4c58cea220ec8a4b395fcb5c68a6b33fdb921304,icrar_shark
503,4d027682683c89aa5c93ee6630d63eb32c0bfb50,icrar_shark
504,4d059048104f3a10c8d7d6bfbaf43c6152f7c115,icrar_shark
505,4d3379ac8ff5bf334d26f6446e9c0caf9f8397b4,icrar_shark
506,4d4df4403d354e1dfd74ec557a58253bca79aeae,icrar_shark
507,4d5b002c6f5e84f95bbc5d8512ce32ef1abb9d80,icrar_shark
508,4d76221e21e603195f99010ea7e14106bec5a91f,icrar_shark
509,4da576751266db197b948680a89719874e759f90,icrar_shark
510,4db547b3fa4442b37c1a180f590a28ba03c7eb01,icrar_shark
511,4db7ca64d0300ffd09f5c2c5b91ba5103fa491c1,icrar_shark
512,4dd74a302889d4364f35effd8d849d1ba106f95d,icrar_shark
513,4ddaeb5b7e70d21385855e0c3916ff920b4b1225,icrar_shark
514,4de5bd79de4bb905647d0b6d05b4d70d44f2ac59,icrar_shark
515,4df4b926ccb82dee68f47a2b650b4866d3541486,icrar_shark
516,4dff96ca924b27075b72b8c150ba0145ecd10dff,icrar_shark
517,4e427064eda54be239db1261a56264056dc3edef,icrar_shark
518,4e855bb24a6f8d4559d088434129999757ec7a24,icrar_shark
519,4e9d963864220ac1a80a8af351d9ff9b7d1dc440,icrar_shark
520,4ebf3b0c2cd3c1da24976ae4321b749643ab33cd,icrar_shark
521,4ec413132966d77c1a9c63e546b07d9e115614ff,icrar_shark
522,4ec9c4ceb053c4d5ba07e98493ad545ae568af78,icrar_shark
523,4ee4cdf1242e7bc37f65c2bff555b9cd1e2075b8,icrar_shark
524,4ef5eed50c6c3144523e807f90d2c8f48094ac30,icrar_shark
525,4efbf1c1ec4d939f1300e8f2f1fd8becf16b3172,icrar_shark
526,4f3aa4b6b2cbfcdefd7c27449cc09c24c3fbc4d7,icrar_shark
527,4fac1d0bd348bd368a4e8a4c0cf9908097292c66,icrar_shark
528,500d38be8a8573936f2c375fd0de77648e44d345,icrar_shark
529,5010e7800daab3bd4ef16861ede3e83435cf073c,icrar_shark
530,502094b6113ba2d93fe209b06292fd34c86d130b,icrar_shark
531,5040dabd6e28a2120f39911033e89fff7d1ab54b,icrar_shark
532,5060a378dfb0450edeea6e2f9cf37f19306d69ec,icrar_shark
533,506a15a6c7672396f548989beb39c8f4d24e573f,icrar_shark
534,50840543ae61308178c670f9b9019a2b2bb124ee,icrar_shark
535,5094baa490761e57acbf248e7d8f89a2f285dbe0,icrar_shark
536,50daf7087be3b9af9e5e47f0e043039a97d7a57e,icrar_shark
537,50e4a0c576f8326aabcd58e5d7a92d7a5f502181,icrar_shark
538,516527f980f223d3408ef138a9552adb62fdb8c2,icrar_shark
539,5175b7a8e9aaabfcc4754fe1bf9847e73ad4cfe8,icrar_shark
540,51b87dfc3a7bae8768b7f3680ea848327116d382,icrar_shark
541,51be86cc7ff3600fd168661aefa6ef241bf6a993,icrar_shark
542,51db63e1afe96dc1bbd07b9ca1a19529eae19294,icrar_shark
543,52144f6fd65e5d00110212668007273df86cb1c6,icrar_shark
544,5225eb5fff9fc476d3407e42ee710285e44524e0,icrar_shark
545,5232ec9874f267bd12ac21c28bf7b867756afb6c,icrar_shark
546,526e7acbf70f92f50cf8e60e8d81b777df9ee3f8,icrar_shark
547,52c384f1edd92c5890f0c28af9144fe31bfc6cf1,icrar_shark
548,5327d2f3f83f8f621305c02b5cf4d477849d4f9d,icrar_shark
549,532e0b96cd2b749c55ec021abbd4f09c5768584e,icrar_shark
550,5340b34c6c64a6c69bb04890e8ec0c2bfa625533,icrar_shark
551,534260574fa35f30d61a97456d71e67e9d774c0c,icrar_shark
552,536f38d85280fffbc4ca83f1b8db42fe749fd550,icrar_shark
553,53bc6d8f6b2e04163e2865c76a9574163cae6910,icrar_shark
554,53f09832431f447ba23f6041e16d8254f16ecbb9,icrar_shark
555,543ee5b60e7626b72f713d89e35063d2af0d0c1f,icrar_shark
556,5465081f0be1d19f0bf28a35ee17835a62caca2c,icrar_shark
557,546c028dc5be24625f339d4e36c6fa7ca4869fb4,icrar_shark
558,54751f4c5d494b78f79841afcb470d9882884d14,icrar_shark
559,54be1d15274acc31ef15cb5dba97c76de112f8a7,icrar_shark
560,54c84dae711b825ab04a63180d210f24572ee8f3,icrar_shark
561,54c8e0e1efc3ac7f13d94e656de3ae8d2f163794,icrar_shark
562,54e497c48cfbcdcc9a2eabbf00f56c95c0ac2378,icrar_shark
563,55254ef8c6a14e3cd1ee31314e7ff8a89a23e775,icrar_shark
564,5529ca1720373c5da846d348326c282e239b2942,icrar_shark
565,552f4077ea3fe86a297a65d8ee09a676e16d0508,icrar_shark
566,553ab92bb0af1d845d70acea6d1fa79970ef6cd3,icrar_shark
567,555992a50d5e9c221d7aef0eb6cc62be1c0049a4,icrar_shark
568,5571d0243940c4898e73becfbe576f50ac4c734f,icrar_shark
569,55857f5d6050c24074cb6a2bb5bf0952df93f8b2,icrar_shark
570,55e9b447aba6b8ff31a3432a170a1141f1a4898f,icrar_shark
571,55f1c085bf43a7a0657b3ef7101ac918bfd62cfb,icrar_shark
572,565e452d746fde880ac892edcd4561938e17a5ca,icrar_shark
573,5670e2925bc2449ca8316830c770f3762d7aa7f3,icrar_shark
574,56904da4a9ae1ca8f4af8c015f27c5ae09c0e24e,icrar_shark
575,56a5f92e327e8e7f5db02cf1c9e98d65e31272a6,icrar_shark
576,56ec97d4bc8fe40278a72fb40359b8a7168b48f2,icrar_shark
577,56f86bf1bfc57ee9c8c70661e2a49bcfd5496e9a,icrar_shark
578,572a268b28e3883bfc3b715f2250e995555e6953,icrar_shark
579,573f8bb4f78505f1f9f4c6bf439bd576bfb5f9f4,icrar_shark
580,574052745e5819443866bdf5747cedfeab5b9cdf,icrar_shark
581,57730be6bd69091a4c4dc61597f30fe77b25c052,icrar_shark
582,57747d65d3b633ea308cf33b3d69efb90e674a49,icrar_shark
583,5796f29f2c5eafeaa00403c0e91c295185da6a56,icrar_shark
584,5801f4317be2c07d308387379bca54ce1fc628cd,icrar_shark
585,581067cf690483d1e4cce64a2eda8b1f4a52528a,icrar_shark
586,58374f2ea523cb7871e65b0ba6d7d30c08ce8036,icrar_shark
587,5837c9125e9270c9776571689885a2d60b586d2d,icrar_shark
588,587e871702ea681fa1927e80c0432fea2f7b808e,icrar_shark
589,58da3b586dab0a071e03ea6a5f9ecc519881efb0,icrar_shark
590,58df19b2dc7802bef193cc118e093ffdcd1956b6,icrar_shark
591,5931dfae3bb24b4be7047cb13665426c6a48d128,icrar_shark
592,594865bb138b7f6a1c29944f55c135701861474a,icrar_shark
593,594ba0e4eaef786976ec80a0d8e94087017bd224,icrar_shark
594,597f1f97ea3fba9e0829ad02d46751ff9fc53fcd,icrar_shark
595,59dc604b399dcc5d7b4bf9ef32f0d6de195d6bc7,icrar_shark
596,5a40057bfa11ab2820512b30332275ebc52018a6,icrar_shark
597,5a5e92c500e36038354c49e058790c5b5c483c53,icrar_shark
598,5b358f42134c30dee208093d6d6ad93b7ea69cbf,icrar_shark
599,5b5525e4a0b9b89c4b6350b225c3f42acf4700e9,icrar_shark
600,5b557a511f824c249de1be364e9fb3b9fed4bf12,icrar_shark
601,5b5f4be21f303134c4ce405a3c4eb49899fc8ebc,icrar_shark
602,5b68eec80b8c5a3290a256d323a70d38ce92e308,icrar_shark
603,5b90d138b76aaa0f043396c595208b7a480d4805,icrar_shark
604,5bb8d456823a18141e6e625bd81ca9264587c7c7,icrar_shark
605,5c14d3e6cfd33763a944c754c376bca474941e58,icrar_shark
606,5c2c3d6378f074c1335f07192c2d8e7ef597773e,icrar_shark
607,5c6ef654a95139d66770eb090cea86b27d41e696,icrar_shark
608,5c9b25e5dbc2a761b2f38041ae02a80f807f6c36,icrar_shark
609,5cb84d1fb06634db27d87a9f3a9c57d56e85c536,icrar_shark
610,5cc64a5c04770c6caeab94164e0d7efb0e921ab3,icrar_shark
611,5ce3697c4aa08c146bba20b2ccf22f382b8e06f7,icrar_shark
612,5d3dbf3d634ee3d3525b0569e1f509b2c262cc8a,icrar_shark
613,5d441684bc0be7d1a89b4da2f2a27c2d3f9a66a2,icrar_shark
614,5d63999a5789804ba40f0081d6e539ee6e38430d,icrar_shark
615,5d83db71ece1b4ab83c35c9b093f360837b267e9,icrar_shark
616,5da1f7e9b77b6bbac83497432c792ba2b3ec9c6d,icrar_shark
617,5dc6c9bf1a7f9a36d41b3efcf9bed5bf395b53f5,icrar_shark
618,5de2f848dffbfe217dd3b13ec0edb565d1160091,icrar_shark
619,5e09532a1f5124d045e842134170e566c044b337,icrar_shark
620,5e20ed75f96e6a6dc6997fb624ed225328cc71f2,icrar_shark
621,5e2cec4fa03b4d5bf353a06e184ac5fbaac527c4,icrar_shark
622,5e3c66315cc40a1ebcb8411b27548532cc8705b0,icrar_shark
623,5ecc186a4cbaf20a92d6cfaa478f432ea83b40d2,icrar_shark
624,5eef5e7d587746df90457b3bf6edacbf48f07083,icrar_shark
625,5f2cfcea05b5678d903e203d33faa8a35fc87d4a,icrar_shark
626,5f968a34a7be7005b0e3b2a3bbde627bed9144cb,icrar_shark
627,5fa7263fb878df1b8615f280264d56e89bfdb9bc,icrar_shark
628,5fb87d2957f1810fefac8b4bebce573c8592239e,icrar_shark
629,5fea0695aea01ff2f339b06c4244141c63c23953,icrar_shark
630,602e80865a21e7d3fde7f34444d6a086de7b725f,icrar_shark
631,603596895fd585a162ae3f497b1bbb1805e9a959,icrar_shark
632,606894678e440b5047a7b00a3bf61a39e0890841,icrar_shark
633,60748b2f0d052c6883c67ec4e98463eda4440aef,icrar_shark
634,60e7bae76b69fbc336d1affe1972ae6e4efa4805,icrar_shark
635,611bab1faa419287967c803aba6fc91e1ee47360,icrar_shark
636,612c513906933a6a6ebb805ada766d5c8e33a0f1,icrar_shark
637,613726531ff1da206309b9abc97ed4464d8a07f1,icrar_shark
638,613d20849e74056c99dcc2992901c920ddea2aa0,icrar_shark
639,6176d6fe09a561318be92bd09f3af6c3e3991e10,icrar_shark
640,61d82b57fd9f34bbd643628e983787cbba19e35d,icrar_shark
641,62243963717578859b190862b6432e04092e519e,icrar_shark
642,6282ba21166a98d13a8d34739d63992541938c8b,icrar_shark
643,62984c3779eb6ca3db85e26612c91e2d91bc492d,icrar_shark
644,62a34f40613724d8dc2f7b9c2183678fbb395c29,icrar_shark
645,62df48654728ce6d9a2b0bde864ae4de957ba4be,icrar_shark
646,62f843a22c87abae07d39076f5444b478b496e00,icrar_shark
647,6356de697a5d14c6716edeb0b9d8ceaccf139eba,icrar_shark
648,635a15d679c395ef9b3894c4d0a749b6ee6f1816,icrar_shark
649,63daf202c6a3f9fe134e6b5ff5b837cadd2c3dd1,icrar_shark
650,63e49242c03bf7a6e82f92cbab071d6b0bad336f,icrar_shark
651,64263abc4e9150c71f61a9fdcf613b67072960d7,icrar_shark
652,644ddc2e60bb38bea5a9c5819d4642e1235f99c3,icrar_shark
653,64c246de2dc046fbc1f45c8d11d29f4d4870b927,icrar_shark
654,64c3bf9ea19b1304f1c154cff1549a317960b268,icrar_shark
655,65068bfba7dbb855fd2029c404bcc34f8a9af859,icrar_shark
656,656c94e0534e181b142c7fb001987907db56a869,icrar_shark
657,65a6943c39f2ea1c338f8bb191d099030cef84e4,icrar_shark
658,66688cfa4c4b573fa667ef5cce4d6f8b9969a659,icrar_shark
659,666f62755ee44c25f21a05791fa14f46525f20fb,icrar_shark
660,668e30d58a541db2303221ff31593cf0cdfe2b86,icrar_shark
661,66b84b1502ac86a8187c14eac56171b3522bfea9,icrar_shark
662,67021dbf657d95d8d1b9da381611ea7066a1bc31,icrar_shark
663,670cf90adbf05570efe0a23117eb2bea69ad9f10,icrar_shark
664,6721c863f35292279d307a22f1d8d8c639aba898,icrar_shark
665,6728bf0b93324df3aab355398503d310c5fafad4,icrar_shark
666,6731679bbd7e6759611bb1a43d63e93b906a68a8,icrar_shark
667,67364eb7d61e421cfc10527b3cdefa1d8dd484a5,icrar_shark
668,67959117ec2b921648b9a8412d20fe79166b829e,icrar_shark
669,6800fc5a345458222bc7658c6045f388126ef8d8,icrar_shark
670,6848cd13a59d132e5d03b76e15e1259c01bfe474,icrar_shark
671,685ca54b265226ed8d8a3042cf837285f36655b1,icrar_shark
672,689b7f022c4a080483088be053c6d777b19eaa53,icrar_shark
673,68c77a3a2cc64b888d50aa28bef4d3ad75cbddc5,icrar_shark
674,692feee987bc910b3d670b01d099a560717b7da9,icrar_shark
675,695bb1459be003c6e7bdb545171461e147071046,icrar_shark
676,696f08d99fb9b46c6bb44b7b6ee31bfc9d92253f,icrar_shark
677,699df9368f50df55b448ff33d23a3ec0f288d1e5,icrar_shark
678,69b1a4eaeabd38c12c51ff6a00490fa06748bb75,icrar_shark
679,69b1d523712d77661caff1d491a34c29f3877264,icrar_shark
680,69bb5c0158213dcfeb99b218a44be308cadc1c86,icrar_shark
681,6a5958eeceeb715e94e2d716cca02591ae283a64,icrar_shark
682,6a8bd9546df5a0de64fdd1c4af86eb40a6f82305,icrar_shark
683,6b2b079b75a0b8a42bb4b9ba910cabdfa665cd1b,icrar_shark
684,6b3a81a6819992cf3d7d9ac7053d8b0b1c6ff199,icrar_shark
685,6b763b198b3605ddf6fc96cda6f88cf09681cb9d,icrar_shark
686,6b7ed664976126ebe68acd32eaaef468b27ad457,icrar_shark
687,6ba1c9c6a19ba7188fb9e7d908186f07a3d58abd,icrar_shark
688,6bd80cafa0fc8d6046caa057806331a3670d063c,icrar_shark
689,6c773e22370dc59041fb1c1c59b77385d86e22cb,icrar_shark
690,6c87005d91790c70192cb3da1f273300e735c16f,icrar_shark
691,6c8de9328aef73c4fc9bd357c7324fd95251f622,icrar_shark
692,6cb699218f7be2b5170c9ee055e7f5a88e286c8d,icrar_shark
693,6ce00b21ad82f5d23a89db192c8b02571235401a,icrar_shark
694,6d1f4ab767397faa37878ee5501e3f2cd7e12907,icrar_shark
695,6d37187301973bf1c2cc8fb1f2527affff77c03d,icrar_shark
696,6de83ddca32bb0e0e4b40dcd4cdbd03e9a575690,icrar_shark
697,6e0b4bb81ac916e9257fad49e2a28ecdfa8b9028,icrar_shark
698,6e1f25310732e34b28f100ced372f559242c17cf,icrar_shark
699,6e27210887a2a9b2c6e73c4e47d71aea410a0083,icrar_shark
700,6e4917f442f30f0172f4383d8e22dfcc161047a0,icrar_shark
701,6e4c3803a253ca20c7d9b7b62b972410247d7335,icrar_shark
702,6e6288c70d6d041ac7f2cbb8686b2f2ceb25457d,icrar_shark
703,6ea13adbaf7b07246a90cdf024e4768d35fb462f,icrar_shark
704,6ec5ec4e468f83f46c58f33c4dcd949340555e40,icrar_shark
705,6f1b54e29fc50c6ac718c851ee0b232fbcc0b8b7,icrar_shark
706,6f33ccd9551bb2902944292468485a429f2eee0d,icrar_shark
707,6fdc224b86c8096048f43973d40b1a29a1e3706a,icrar_shark
708,6fffb18eeac79907cf214cb116b4fcb7db43b611,icrar_shark
709,7033ece2498ac6a016150ecb516f821d9e8a6377,icrar_shark
710,7038a3724eb308d0ed51dc681fd7d4eba0056d2e,icrar_shark
711,707b796ad5589744683fd9bbc94401ad0e04e85a,icrar_shark
712,7131cde3c790c5e4be6e7467c256c0f6a04312e8,icrar_shark
713,7131d7722c08c57ff52146c31ad8ee85b5412f24,icrar_shark
714,71930aef214303770ab735baec8253487a88743d,icrar_shark
715,71c39fe20868eb7229ca2440cba15d66add5057d,icrar_shark
716,722982e1c6067c29bb159257577903f003323066,icrar_shark
717,72a1565345b60ece77579450604ac411520699aa,icrar_shark
718,72df887e09369d52408b211740651d039014d93b,icrar_shark
719,72eb9766354ba1980e5a6165f3ff5e536438ca35,icrar_shark
720,73098d34eb23460431a2538a88f6553606595163,icrar_shark
721,7339d96582df14d8fea2577c3f808df96d028fc0,icrar_shark
722,73610886c9b9cd7c96550f20db8ef9604ce7e398,icrar_shark
723,739fbce63e4d2b813c30ed503c5479f33facae92,icrar_shark
724,73aff88a73a7b99e36e459ae93d547447a67b944,icrar_shark
725,73f8ca59cfb366acac34bed65d3f335a05ca887b,icrar_shark
726,73fee358a739968cdfbb2a0c2ceed7984dd241a7,icrar_shark
727,744645e19fbfe44dc9d3410f5ac352123c8a2284,icrar_shark
728,744e192d9f6d4bdbdf34136d5fd218e2683891c8,icrar_shark
729,747e9ca7e67ef40592193c3280a4ce41371cf0b9,icrar_shark
730,74c55fb9bc21190b40591a35b41d72e5933d980c,icrar_shark
731,74cc629f29daecf546c6b756b8bab94b0b85443f,icrar_shark
732,74e48904835b3b34d5ee8df4e9d3c40bd703211d,icrar_shark
733,74e8393c683bc166d36f947dd2605c3924bc202b,icrar_shark
734,750944d6583519ea16b4e091e7e18e4b2078bc6b,icrar_shark
735,75f084f150682de6465797ce27429169e59aa650,icrar_shark
736,75f7ab9fc2d6e6bf00dc6e7682d8af2a8e3b70be,icrar_shark
737,76078f0a9ecc5e780e5fc55687263a1f11cabffd,icrar_shark
738,7613367091f3e4f08348bb7274cfa286f0e0dbef,icrar_shark
739,76411e4293e9f3cfd8d805c87996f1f379051e55,icrar_shark
740,765e9d96d1f1f92c13711c18b4510756cc33ad3f,icrar_shark
741,7665cc04436c0e6b387ca8fd61cb5c6ae4398d8c,icrar_shark
742,76b857d283c21a059c59d78535c41ae6827c538b,icrar_shark
743,778e82528abadc37c98ad7e200c88ea93faf69f3,icrar_shark
744,77c59990f1da4e9e329b9b9c2ef89837783fe67d,icrar_shark
745,77ec03edd4d7b06b163c9a91176cdfb2f8950964,icrar_shark
746,7876d641f41502185bdcbcaa566f64b9eae7327a,icrar_shark
747,78b71cd4e0b21983f1edab8394cd368f0e2d7378,icrar_shark
748,78bc9a8bf64f42fe4fa6009134c94357596fe279,icrar_shark
749,78fecf5cc1b4a38f1450fd9b6fcf76a7aec5e919,icrar_shark
750,7933fb1a1b2db84c5a03e6d2e0cf680723b28fa3,icrar_shark
751,7973cb9adcde0946437485d8858aa6d891d879c9,icrar_shark
752,7998c96072e7dd6bfabb8850b5bcf9eced92f80d,icrar_shark
753,79be36f69dcba4aaf09c19c12835e64af18f2516,icrar_shark
754,79d6dd4106c9910fd55949e3058266499db157e9,icrar_shark
755,79ef4952023ef7a8e21726ecffcca5bba8972e47,icrar_shark
756,79ef50265a6d43cdce5628e968b2de07633ea89e,icrar_shark
757,7a1c6973a7e6a0f3383b38ee3c147596bde3a85a,icrar_shark
758,7a302b429b4c2046f88b92a2f75b87c030ff795b,icrar_shark
759,7a4f5c40d2e5cfcaa5b7f742dc0cf58c2b79b647,icrar_shark
760,7a573319f06f68d2c25a65051fb7613fecdec329,icrar_shark
761,7a7557cea72fabcf1bec4657a576dff35c4711b6,icrar_shark
762,7a77e3208c5c27de51096ae2541ae5baefbda7bc,icrar_shark
763,7a8c247b2d360873c916ff41d220646c47be017f,icrar_shark
764,7a9a2b0f012e94950190435dbce25e575a5238bb,icrar_shark
765,7aaa8c99ab284560d3a1d10563cb2a2dc78fdcd6,icrar_shark
766,7aec4f7b7653a4a0eff50322ce8682ed50eb9db1,icrar_shark
767,7af931dc37aaeaa6f949de24fbabef40ce3d59fc,icrar_shark
768,7b2e972843ef06857cfc4d99bc7222f8fbe65ff7,icrar_shark
769,7b681088ba15aa4a0deedf32868c7d72b0fed407,icrar_shark
770,7b71d75d1c8089aac629d584271c1ca25c7a419e,icrar_shark
771,7be3b3856ca67adf54b3ef20deaf1cdbd5973407,icrar_shark
772,7c7dc849de008b81a105f451cb4dbcf72583873b,icrar_shark
773,7c893537e5de386ee119a163f424342a1701bd16,icrar_shark
774,7c8a348d85d9cd8cab52dd1cc4ade9a86476bcb1,icrar_shark
775,7cb108439c8cb1c19c3786fc928cf994a83c4308,icrar_shark
776,7cca80dd0a996fe6edc41735f21c3722a26956d6,icrar_shark
777,7ccd9174682901d338e9a1f00bf8b9f502886f12,icrar_shark
778,7cd7dd26b038271ef105597b9c3d6e02e8b2e812,icrar_shark
779,7ce8f7739b4f0374016b654792ed50392ac83d44,icrar_shark
780,7d0cff2df208b067d1d3f7ab56f17089bf6bdb94,icrar_shark
781,7d2a0dbe5575bf7fee0546e9d758bb8e96f35eb1,icrar_shark
782,7d4a5eca30749bdffc96b573e56e63123447ab2f,icrar_shark
783,7d4d066515ca071282ed80cf49c20652d069dfd3,icrar_shark
784,7dcd43ad691212e8a9c6c4833a2162043a941420,icrar_shark
785,7dd4c78beb9ed7a8da9d07a799bbc46fca379be0,icrar_shark
786,7ddfb9d39c59021cc7854d4eb8c7589ba211b465,icrar_shark
787,7e03df1012134c203ad87e1da09513ef8e43f44d,icrar_shark
788,7e16b20c033d5d2b6d09eb56e5c1cb11b3e4a9a7,icrar_shark
789,7e5892cf9d5cd380465e5df80b131c3f3d9c9d5a,icrar_shark
790,7e7c98ff97c7542796439126ba856a628e988557,icrar_shark
791,7ea18ade383e6956e120a439c1257e87c3197792,icrar_shark
792,7f0aebea8eaee02d77c3bf40992e45bbd466cb9d,icrar_shark
793,7f27972cb4a9e1c55f988ed71c056fb748d13ac7,icrar_shark
794,7f52b798e8de95f6ab7612662cab7f7a845c170c,icrar_shark
795,7f654c0484f4e7397cfde3a7f261ef0188a0914a,icrar_shark
796,7fb50bc9f1053201e3a08630386d47d512638232,icrar_shark
797,80369894f25717318aad7ff75a0f6f7d92a6f7e6,icrar_shark
798,803840167577de135de1e4b32391c6153c62405b,icrar_shark
799,8052564a7574e083fa7d60ad8161a0a395f3370d,icrar_shark
800,80658d371385ec3176aff901b3ef228af95fa728,icrar_shark
801,80aa4f52412b6e8f315e591a2273bd742ed2eddf,icrar_shark
802,80e8ffd079a69f7525af6231882abec6eda993ca,icrar_shark
803,810bf0bdd13c7b5e10f5b317ee3b39cae73b0f38,icrar_shark
804,812e0f11356bc31e690bed5d509360cbf42b8850,icrar_shark
805,8138190f874ec930a24e6b8f0054ff7f26c266e1,icrar_shark
806,8147efb188b45dec197e9f1ad8c347241ee5461a,icrar_shark
807,815cd2ea6990de999ea052691c449d0c67266846,icrar_shark
808,81b5005910da33f7303e7bcd774cd36e2bd9a206,icrar_shark
809,81c96bc04fb934f0ecc53dd9ffd5899fa19619f6,icrar_shark
810,81d2a8d2e5369f26d3005fdd3d74b95e7e6d373c,icrar_shark
811,81dc128645315b52fdd0ebe678491880f80f10c0,icrar_shark
812,81eb83d398de43cfe2198185be4334ebf5149248,icrar_shark
813,820d5ab041f798daedb8474bd343b371ef89ac80,icrar_shark
814,82493347c00948b1fad598be67a8cc9c30af1a81,icrar_shark
815,825481277dcb06549cd0cc5f0743b704d0d0f82f,icrar_shark
816,825626a672e67905cb65150987825d58bc6e35b4,icrar_shark
817,825708f121a272f0e560f3725d6a1bb6eba40373,icrar_shark
818,825f5492a5b1c81e535c1f5bce556bc2f0935f92,icrar_shark
819,82a27f209c6f5cab15244aaebbc79ba393b48013,icrar_shark
820,82a62bad629596fbbcb1a53c25028ce7e2ffa4ac,icrar_shark
821,82b03b38754d506c19bd3a4b4b04224f55faf88d,icrar_shark
822,82ce04b42516897b1c1855a553fcb5b411eeb0be,icrar_shark
823,82df250ede87da265eb78a5dc681b2b0f57e90b4,icrar_shark
824,82fcbc8981333a3ad25e08c08341815e57013e44,icrar_shark
825,831cce79222ea47c414f9be18373b906668117a4,icrar_shark
826,8328d9ae4b635baccbd7ade5b09baf2d79f34b4b,icrar_shark
827,833283420d949717816734d4d2179573d726f440,icrar_shark
828,83677216369b04b860e65b4f5feaa01342bcd672,icrar_shark
829,8371c84c1b7410ac1d3b205918562d8c751fc113,icrar_shark
830,83a6781199c356f63d3f26b9a02a7f0c9f57e966,icrar_shark
831,848212e7aa536268def2ae0de4c2afae576a5a50,icrar_shark
832,848e89da0bed62f1127ce9d550b08b1b5d033bb1,icrar_shark
833,848f10085ea7e9f1dcbd0daff96ab04e2923b787,icrar_shark
834,84a10f5cbd968f1dbacbb154f24a69876f5b17e0,icrar_shark
835,84b5a09be9ee9fc20af88716bda4a61773710c98,icrar_shark
836,84c5bcb91f7fd871c8888f58e8c34e9993746d85,icrar_shark
837,84d9133f849d3f26b6b9c385b51f64bcb358879f,icrar_shark
838,84f64f44ae505bc072d95e864148bc9d7d4f5efd,icrar_shark
839,85005a9fed4cc443c02d66f0172a75c01293095a,icrar_shark
840,85138d3a81554cdf71ee1e3a896095d1c010d357,icrar_shark
841,85403240050733eccef054deae2138135bb9f490,icrar_shark
842,854ac6d4192937db59ba4bf721c4be89441e66e5,icrar_shark
843,859b4103f392d01dce8784b81625b85db068da07,icrar_shark
844,85c1cd2d69aec3eb36717bf1202dd6c8d188e34f,icrar_shark
845,85c77032d5e46cf86114abe29beb798667b8f0e3,icrar_shark
846,865064f6f7e9c39908f5f6b8ddf886871cd496f6,icrar_shark
847,8681cb1a0cb86812bf6fbd2374b37262c7991327,icrar_shark
848,86a6c687f05ccefe942994ba4a7e2941fb380dcf,icrar_shark
849,86b41e7e2cfdb702d57ca37d45792a057535c6c9,icrar_shark
850,86fdca923f377fee2d447281da8f9c764e5af5aa,icrar_shark
851,870801704586bf77d0e3f4acaf6c5636a40cbc17,icrar_shark
852,875075f332fc9b853b6cbaeb474cfc0603b26419,icrar_shark
853,875ebbc7c0fbb1353946b4b2e28dce0be0571821,icrar_shark
854,8792726d1ab5c4676150f0a63dbdef4f715701c1,icrar_shark
855,8793ca9fe20c173212f953eda6a34aa0bfbca6af,icrar_shark
856,886ffdfaeafc4476ad51740379d735896dae5431,icrar_shark
857,88d768de45ce10f0fa68d43aa726c7a9c7b6cc4a,icrar_shark
858,88d9132ebfd2098455d77ebf46b3740c72f440b3,icrar_shark
859,8932d9e0da2a5357b8ee73eb1057fc8123e3c4a8,icrar_shark
860,894487e50ac229004cec4805987010a19cedf465,icrar_shark
861,896dc0ffd6cc58200cf6bd4677617a5472b5cfcc,icrar_shark
862,89723e4e624f0efca5ebdffa316fa96d45d5d809,icrar_shark
863,89a6d8767bcd8b36351af6f4f0841b4fead78d0b,icrar_shark
864,89d4efefa2ed180e3ae50a7740da0610791aa6b0,icrar_shark
865,89f6adf2bbb64270db0e771dad5063d22d97ca79,icrar_shark
866,8a1faf2e1e0c9ca75754911b9fb0b0ea5c138c5d,icrar_shark
867,8a6abdc41730579803fc85a7cb0768c5ddccc9cd,icrar_shark
868,8ab3e4a83b171f537e725ed3268c0575f3f5736c,icrar_shark
869,8abfe2b7243d4508502b090fcf7039214703f172,icrar_shark
870,8b212c956649c6d6575f3d86b70862992b9d0349,icrar_shark
871,8b6f860e51857cd65bc06872a3e3060f1a2f48c5,icrar_shark
872,8b9dc4698e401e37b116d5ac6224dda8cc391da9,icrar_shark
873,8c773fa4358d57ab3ea0af24eb8f4b11fff523c0,icrar_shark
874,8c80b751a16fa159afc6a2edc718b21ad79db417,icrar_shark
875,8c8a3956ef29122c78ef8c7ff9197fa4882464a6,icrar_shark
876,8caf253a2944a054a31939169f2e937e85b0aa92,icrar_shark
877,8cc5375e2a01a13976c30d19999ddd23b750893a,icrar_shark
878,8d600356d374f454e5825bce92760332f2be835e,icrar_shark
879,8d801d4d8dd81013d2fa738dc47761ab1b5ff105,icrar_shark
880,8e58f581c9abaf77396919e5df859846e84c357d,icrar_shark
881,8ed8d505bc6c25d93f831ef70c1bad659f0150e1,icrar_shark
882,8ee4f7740ae606169392e2c31828ed4444bc6657,icrar_shark
883,8ee98f11a2a7fb1eb3fb93f7d5426c804c4f58e4,icrar_shark
884,8eff9c930e2e7795edb0e5c4db3e9ed4650f7ed0,icrar_shark
885,8f0da807c179be063f3974deebe8db53ccbd94b2,icrar_shark
886,8f373e2e831679b07eee229dc3b2308abbe546f3,icrar_shark
887,8f6cff00df2234b39540c3c6d7fd2c03c2b6e1b7,icrar_shark
888,8f7d142e17155d6d9e6ba69fb491d93ec3d907bd,icrar_shark
889,8fe1ef752c1882fa7f06f11de344969f7e511c26,icrar_shark
890,8fe63862445f5564e81bc96cb613c98563be795a,icrar_shark
891,90003e97ee09037c740aecece14e0d52d27b629d,icrar_shark
892,902f7cf59ee0ac113620b9af5126b974b02a4292,icrar_shark
893,90367927803f0a3fcb694233fcc5e236282c5c04,icrar_shark
894,90478d1ea77ddfea589b9116fae7dbea3b94f53d,icrar_shark
895,904d60254efb2d9bea256bb46329a60ff3c9343e,icrar_shark
896,9079fe331ed8c93f31494ba10bf9a7c01922f9d4,icrar_shark
897,907a849c6589a9316e9c6f10df2d244e8949fcc5,icrar_shark
898,9091c69fd2bebda4bc070db336bfe6601f613aca,icrar_shark
899,9096b1acc9b6187f86802927347efe1710764e39,icrar_shark
900,909e6ed1e4ca1dae54dcb7315857cc270dbc3b5b,icrar_shark
901,90b5666574a56c17aadfad08f2aeff59b46f0438,icrar_shark
902,90d7e84a044c69b7983a358e8df7aa1e465eafe2,icrar_shark
903,90ec1c0f327bc1f8e93cdd0b0e2c7fb0d3fac1e1,icrar_shark
904,90ecf984a71387b29dc3dea1cf28014a071d9da0,icrar_shark
905,9111f4e7cda1a8f137027c9a4906e919209da505,icrar_shark
906,913d9b8a02ca706f8a3dfedfe89fc754b704bf01,icrar_shark
907,91b286cd0d0f06afece28d363c73f476e25fff15,icrar_shark
908,9214a4514274282eb7c9961f90803d7f094860ab,icrar_shark
909,922fe42977a167948c809294cc9be6f2081765f8,icrar_shark
910,923d9cfdeaeaeac9e4f21ce33507478c68fb94c8,icrar_shark
911,9241f782b2fccfaed50f419161cf620d271640b3,icrar_shark
912,92529ab4c42b749eda0772ca445d348a8ea8ee58,icrar_shark
913,92606046f2361247a35e86341088883c31e1f3fe,icrar_shark
914,9266b4f8b234e82df95c8f0d8cd65572013996ed,icrar_shark
915,92a9fa362d039991f76a4a60cffd73b7bf5becfe,icrar_shark
916,92b991ce7a1a86647d4f77dc59d09ceeb6c435f7,icrar_shark
917,92e1f51b09c3fa0f993bf4d043378c9670ba68a2,icrar_shark
918,92fde055b4b46cd40a04a423019d04b396a6a7c3,icrar_shark
919,930dcecd9df94ba9261d8051723283bba323b85e,icrar_shark
920,93467ab9130909be1496cb0731a152764c77e70d,icrar_shark
921,938c389ec6f4fef844691df6c60f88a079ddaf8a,icrar_shark
922,938fe021eff268f15177cf2ba2d632806fa6def1,icrar_shark
923,93981582ebc37c7abcd8a1b9b5d52f5f566818f0,icrar_shark
924,93d4f07b2dea11304409cdfcca9750a272d40c72,icrar_shark
925,940fd97f9f33bb32272440cfa2fe6ebd2aa35dca,icrar_shark
926,9425367a0658a21d74d57ed6ea3807e0ff8aaaae,icrar_shark
927,9473c370f034e221df2fb3ab6628c0bd7c7230cd,icrar_shark
928,94a8a3ba450e1772209a32769b1206d5b85c770e,icrar_shark
929,94bb44820594db260091ce95716964ca5092a0af,icrar_shark
930,94ed2b8de21dfd2b1a60ac813ba57ca3c32b62c5,icrar_shark
931,94fef9e1236030123b9082b16859aa10beb843be,icrar_shark
932,9511e726fce6a3a31c533748d6a25f2c304aa748,icrar_shark
933,95277464f3ad3e1817eb14e3ac5d1be062a4d29b,icrar_shark
934,957dd3e1f8b38ce8cd508e1346b4aae9f786be94,icrar_shark
935,95ad85929ad48d75256755ebbaa1ba34b953e236,icrar_shark
936,95b085bf0c7a69653f5c304b733c81fcf98a7854,icrar_shark
937,95b7e6fd19ba62bf371c44b21094615c185b8c82,icrar_shark
938,96361ffe7cf8eac5e171d4c8b8bac45495cf4b1d,icrar_shark
939,963a6955cb95a0f71a5b760e0b5652da94844e04,icrar_shark
940,965e9f8ec8b37bb3f9d5bbbde6d766c0184957c8,icrar_shark
941,968b5f3373f82a1c78ebf8b812ff300ae6b42ee4,icrar_shark
942,968f5a1ec05b862300c23ec66fdeb799f22f885d,icrar_shark
943,9694d12df9614e46e3bf74752a0749136dbe09d8,icrar_shark
944,96a87da73609948f42509ee0f1f3cfcb18d9e8b2,icrar_shark
945,96b3f14f96534f8ffb0098980356fc0915c0dd0c,icrar_shark
946,96ef929a6520fe146f02d5e12350339e3177e8c9,icrar_shark
947,979a5088798e80167a0bda69b0162b348bdead26,icrar_shark
948,97ac4651bf99f298e51b86ae05fb59828eab920b,icrar_shark
949,97beafc0bc14610e7b625ecb1483c4751e14c87d,icrar_shark
950,98060f951c1bea7b14c56eb679f383bdaaaaf70a,icrar_shark
951,981d83d6e947f778a9b8cdde4edd0563ee4a4cba,icrar_shark
952,9822f4e90e41d639b5c0f281b307a2d54586707e,icrar_shark
953,984b28dcfd93d72faa946fd74d96e3183471d411,icrar_shark
954,984bb76c4a8998deec7d43397a03a43cca105efc,icrar_shark
955,984bc4b1c8ef87343cb0a7a8074ff50a4237a47f,icrar_shark
956,987b51a7f2dfcc1196c2ea7f6c3605ac46efa45c,icrar_shark
957,9886187546efe6e6ca071bd398d324c77a89fa0e,icrar_shark
958,98883dc8ad38fc7b2d3598985c0a345acd1df05c,icrar_shark
959,98ae6ba7c8ef6b9a2b45ce25f2e08da3c086eed9,icrar_shark
960,98d39a9b4c971678089cd93831b39b2167c2115f,icrar_shark
961,98d81dd01fbf0ea11700fd5f5e6c33a82f286d39,icrar_shark
962,98f4d586686fe4f7ef963d81d90367330377b181,icrar_shark
963,9908660e298b8bbb716f3612cf25310df2140091,icrar_shark
964,993459704b882b0b71a91232c1e58077da6c75d0,icrar_shark
965,994781bdcc52279fc2a0b45cd848fc948b364469,icrar_shark
966,99e85a608def2bd3047702811789446edc2670af,icrar_shark
967,99f6cae71f905759a14f182399f18da7009f1534,icrar_shark
968,9a1cf8b906ee662379f87076f191b96a6ddc7d1b,icrar_shark
969,9a570c8beb30d4de8cdff8356b9479a7269aeb9d,icrar_shark
970,9a7b0bfe3d60ec535cd2065b8f9fa239500e8b16,icrar_shark
971,9a7bbda113d53cb306d445bd807106580f8b49e2,icrar_shark
972,9a923bac6c4b4ce4423c346f734e2c68ae246933,icrar_shark
973,9ab488e4b2b20ce921b93db57cfa1ec6ea393a06,icrar_shark
974,9accde56261e0e9033b33605638e5f559249536b,icrar_shark
975,9ad5d6da0532f215c682b77312760c1558085fde,icrar_shark
976,9b4265c3ca19c551a9666bb867a89145da6b7850,icrar_shark
977,9b47ba62c444beec6a9ef170dd167d1eb050ca75,icrar_shark
978,9b4e10ad0a2f52f57b5f21f06b4de0474ca460cf,icrar_shark
979,9b5bf352830c37abb726a4f132de778e49f2d520,icrar_shark
980,9b91ef8a33127aa27eccb6d574f85f729d4f5d2e,icrar_shark
981,9bcc786df4e7feb1e9bb035383c6ac7c7a603211,icrar_shark
982,9bf483c11b75d040869c093ebad0206a4bd01d2a,icrar_shark
983,9c0a53a8393643a27fc6f5b61df13d1c3ba87e97,icrar_shark
984,9c4b04d67f7882842af959ac8935fe1b18567b9c,icrar_shark
985,9c58f8344d9181229ee7fbe2490f73bf54ef6504,icrar_shark
986,9c5992866d7c113aca87fa24e8a80c9ec2d9c4a7,icrar_shark
987,9c5ff7f7816736fe3e7f82546c9f27e8e5706841,icrar_shark
988,9c62df05e698ce794a612b4cc66b869f2ffefc14,icrar_shark
989,9c77fc07100ae7037d1510657ec8880816ab84c9,icrar_shark
990,9c7e251d26207734927b9fc793b5cb861ef9a084,icrar_shark
991,9c99898aed5d1715f1b26e50e8b0c37aae6b17bf,icrar_shark
992,9cb7bbf3b4034a6558afaa0b24c52e152b56a44f,icrar_shark
993,9cc528e07072aac6aec9ac5c25680a5836f90a8a,icrar_shark
994,9ccbb24930a9c6000c205a3b534514e27a62bbad,icrar_shark
995,9d4432ec8d4036c8838ce227e1e17e8d498ef77b,icrar_shark
996,9d9a091c1571088727732600d65ace2600de5250,icrar_shark
997,9dc0145010a80febfdd2fa394662a29a09b2d783,icrar_shark
998,9de61c94c6f1817c6a82fb99ed7335d02860fadb,icrar_shark
999,9deeda923c4426c8ee091071b29f8588488162dd,icrar_shark
1000,9defb0db8313be83f3de730309342965d274a720,icrar_shark
1001,9e1db8e0783f25c16dadf07e4d8310f1ddef8753,icrar_shark
1002,9e3e705fa124e7d7eb60ad06095903f33a98c8e3,icrar_shark
1003,9e5ba91ff83ee1f37af479088403d12d346ac9a9,icrar_shark
1004,9e6c25aa2a8052e3630043d1772f1d06781aa953,icrar_shark
1005,9e74eb959626f696e6e94d287774af448b48ce26,icrar_shark
1006,9efd0317d6bb778341500f3c2cb7661d74f4ef59,icrar_shark
1007,9f126c027877e8ebfddd6efb8c99a7fd17907912,icrar_shark
1008,9f225ce492f300d780c4a3e6e906120144f9f116,icrar_shark
1009,9f507459692a2b0a746b211debd26f8132595e12,icrar_shark
1010,9f7d281f65009a4e8ef7e13a63f7aba27707bd32,icrar_shark
1011,9faa12b657121e0bc18f3f496cf3a05ab3c117fc,icrar_shark
1012,9fc543ac13a90f280c841fc27d3f1381635b049e,icrar_shark
1013,9fec9dd04b9e04fba195e0dbe9831abb07ea26ca,icrar_shark
1014,a046fa9a10237457f6edcb02d4963204de621459,icrar_shark
1015,a067edcfee4519fd8a6321b813882698ae9d487f,icrar_shark
1016,a073a6208ac3bab730e4274356a96bf1bf651a13,icrar_shark
1017,a0c47c828dd72fb9eb13ebeb9ae8c670abd62200,icrar_shark
1018,a0ef5bdbe373f09484254d8b958466cd15f97109,icrar_shark
1019,a108662d4f09edfa982accabee9f56627deddcd4,icrar_shark
1020,a1280874376814a8c4d3d8d8d7dce565089d1b70,icrar_shark
1021,a12b397ebc5cf4025a0f9c95a4e2671880c1e5bf,icrar_shark
1022,a141b211e5258d247516364d0d22f665e354fa6e,icrar_shark
1023,a14f743f737f27b66c5256b6e94646b14de1cec2,icrar_shark
1024,a17f014e206764378e2ddf04f2d3abb16c10019f,icrar_shark
1025,a201714e3c9c89a0def8dfebd283e0fb511ccc8a,icrar_shark
1026,a22c113e2ddb2fe4f1d891cdb7badcfb1e6ee5a9,icrar_shark
1027,a246e6523882d7952afbd3b32ef513994bf8cdea,icrar_shark
1028,a25d6599d97b30c986862704a5ef399353468787,icrar_shark
1029,a2c7b2188b84c5e07dfe468565d291bf274b26a7,icrar_shark
1030,a2e21f0931fa6dd053c90b5e44db668a76add463,icrar_shark
1031,a30301dfef29e43335caf375aac305e4bfaf2f52,icrar_shark
1032,a3555b0038225166da7a8c06011624942b8e207a,icrar_shark
1033,a3847c5f1258354dbafbaadb3c5b28fdba63be2b,icrar_shark
1034,a397a08b65d5a7a66dafa18ea55d2e11d2c14706,icrar_shark
1035,a4e00dafd4100df7a1172ecc67ab439987e0fdb8,icrar_shark
1036,a58bf991c2556de577dcc94de30b7844ddce8511,icrar_shark
1037,a596e19e3d784e947ee1826f5c3fdbbf4fd952cd,icrar_shark
1038,a5ad844fc38b0fc9e71db55fe3a0b7840751608f,icrar_shark
1039,a5af1a79c824f135e0a1101899f75506c6852008,icrar_shark
1040,a5e48889b5adc7044602632c6678a970ee97c2f3,icrar_shark
1041,a5e6220aa617662ec61293ac4c951167dc3edf9c,icrar_shark
1042,a64c232f3d061b2353047a8cb558eefdd024cb9b,icrar_shark
1043,a658145f76a2d80fa05d51c7df29eb2d43e3601a,icrar_shark
1044,a6f75cd970c5a95a26e9a74920c76a96202d3c0a,icrar_shark
1045,a76734e9258341b6f8d495c42ad34c18304347ba,icrar_shark
1046,a77280772b188754ebef8f5542dd5116621412cc,icrar_shark
1047,a77befce8eaf4463fa510c746d014893cd4b3544,icrar_shark
1048,a791c38aad4c413f87f045aef39b8ec34b528d98,icrar_shark
1049,a7b6e4fe50bb8829e3b21cf8dc55b8f40c415948,icrar_shark
1050,a7b94c7f8e1b2d0c4b513f0ec0927d69353b22e5,icrar_shark
1051,a7c69e4a336e08815f1274a3951fcdafe2041777,icrar_shark
1052,a7d663d0be4147df4bad6d62d3204f2195c1a13e,icrar_shark
1053,a8096298f7c55e7e552fb89078891a7d52365247,icrar_shark
1054,a85b354d6fe946f25401b315ac850dcd04407687,icrar_shark
1055,a8b5b4650d77fa3ec2c26a4c7e3519a1fcc3aea4,icrar_shark
1056,a8c9521dd593fc64a5114f1191646e8380c5e9f4,icrar_shark
1057,a8d4bea989427808c5722891a5e7a6acc76a6b35,icrar_shark
1058,a8de73abfc1e886ce60c4b230cf5d9f8896a4bbf,icrar_shark
1059,a9136aa48d141f342e97edf1bcc19a2533db9847,icrar_shark
1060,a96464bfaf957de27371cb6cdb29ca52cb4ce3a7,icrar_shark
1061,a9d313ef85123aa601185bb9800572ff0cc678f7,icrar_shark
1062,a9dc1be8ba60e40100b49f9150898e4cb3883d34,icrar_shark
1063,aa452de42771901069133f3580bf79cb9d1759f2,icrar_shark
1064,aa978b42c5a96df7933e0d99c5f15b4aa7ec6f33,icrar_shark
1065,aa97edbabfdaa021d7bb773338f3235022557e10,icrar_shark
1066,aad4b0262c6dcd55fd7f8dc50c99d1cf0e6a6bbc,icrar_shark
1067,aad8dc5826b76d93ce74b477bdc5c0cd88985d12,icrar_shark
1068,ab93cda3ee26d59175263f9fc8c03c60a13aebbe,icrar_shark
1069,abe9f413387432d277a76e5054aabbc4d782f154,icrar_shark
1070,ac33cd16b35acd203cce82e8541d2057b5a04d65,icrar_shark
1071,ac4776c79c5591ff57dab532bb37737ea37f766d,icrar_shark
1072,ac64e1da1f46991d033b4b5ee299be915127a1da,icrar_shark
1073,ac6f9a5abde5c897e1ab6e46a25e480dc5072ddf,icrar_shark
1074,ac9b29ce7c29abb5184d3997003057d58b48e544,icrar_shark
1075,accaae68c9c647a37a6532e5a8c167a3024e54a8,icrar_shark
1076,ace0bd37cbc1da24fd7e58e5c173d690c734718e,icrar_shark
1077,ad078b72c6d5f8338bb3766e1166f19b314d56f7,icrar_shark
1078,ad38295ab315ee647bce2abe7c6890fce67c5923,icrar_shark
1079,ad8fb24585fd9bbd40ca14bff40839243ed326f2,icrar_shark
1080,ad9c8ebd69f565d32a5b8bf419a05a69afe262b2,icrar_shark
1081,ae37a7b05aa7242a520835f0932bc5ca6bdf8841,icrar_shark
1082,ae397551428038a5070f80f1bb31b79809d55698,icrar_shark
1083,ae82576c02541c425d96b65e7dc815247fa14444,icrar_shark
1084,aef07624710e4e13de0d0261822a3b99396958b4,icrar_shark
1085,aef273fbe60385f82f252d21a9833951804eb0ae,icrar_shark
1086,af3268cce7314241b553579d5818d0c6469fab9a,icrar_shark
1087,af4f0a38341d293fd68bfc7642bc8de8d3d38bb6,icrar_shark
1088,af5a701ce278d5c47297f74abbe54dc261ea02b3,icrar_shark
1089,afd96df7d0fc17e68bc978aa6924c979d853be80,icrar_shark
1090,afe2c734d363adc33f5404dd7c56e70336b89f08,icrar_shark
1091,aff84bf48df5d2ed51cbde17dc904a43e8a0dda5,icrar_shark
1092,b01ec056407e91fb9b5272ed632c86750d86b696,icrar_shark
1093,b02dc3c3321f73ef9fec8d3fde12b9cd24b4af38,icrar_shark
1094,b06884ffe75fb6f7d70662ceb637ed296dbb61a8,icrar_shark
1095,b0dbb9271fb1164b79dc81cfc8b4d7df3f608808,icrar_shark
1096,b0ea58fc2f4b4b74b0a1556fd4c2254973512750,icrar_shark
1097,b1787646e539d2b730449dc816a313db2b3eb8c8,icrar_shark
1098,b17984d85081ceaa5b9fffc6788201dc54bfa1a7,icrar_shark
1099,b19145efdb150653dc13b90dbcdd657a08072f79,icrar_shark
1100,b1ae1f3686419a7a8c1468c7f45b67228d845d02,icrar_shark
1101,b201b39037eaf7fb243653e5feebdc11734045d1,icrar_shark
1102,b2088b5f84b47bf24e22d969db108c346415e222,icrar_shark
1103,b246895e0d83e055de3e6639dc39176759251d97,icrar_shark
1104,b24a3401b4ecfc90da26e8bcef84e26740edd154,icrar_shark
1105,b2792ab0d167c453243d752ff369c6b29db2dd6a,icrar_shark
1106,b28a1a1a3081e98f040b2177e1ab98a0bd4ef6a5,icrar_shark
1107,b2dd8ee78fffdf8ead04d10d635f757c882276e2,icrar_shark
1108,b300cbf20bd86b409be243a6949f500c8083ef15,icrar_shark
1109,b3175f7d27d908541c6c9273ca587a8889e3c305,icrar_shark
1110,b38dec417e04cfa6f92053c2be1e942640718e89,icrar_shark
1111,b3a8921631642b75914651f6d7c95246fa912061,icrar_shark
1112,b3c4b7137200fd8d461d6f3e7ffec00cae0becc0,icrar_shark
1113,b3d83ec602db6a6a7db8432583b882bfba17069e,icrar_shark
1114,b3f81332319e94794c631ccd5de613fe20c045d2,icrar_shark
1115,b40114899857204d1f082c703aa4011c7f9abc70,icrar_shark
1116,b4224607bc3ad23adf49092fbaf59069345862d3,icrar_shark
1117,b488333a90ee204a65b93f14d23dfc1f17fc76bb,icrar_shark
1118,b49374e3f9f423efd28e95045d85fb17d6191c89,icrar_shark
1119,b4f09afdf3a7120166d1497ad1cd0d335f765a65,icrar_shark
1120,b5c995750e4532a0371fb568797b4f9580dffe29,icrar_shark
1121,b5d806c500bf3910377851f23a6e32688af067bc,icrar_shark
1122,b5f2af80b232159f2505981a01e43499db3cdae1,icrar_shark
1123,b6009b642e89df2a1d9257468270a0be8cfe38f8,icrar_shark
1124,b60fab56136e3333700770d4091c97f0fb5a2b97,icrar_shark
1125,b6b108054dfb40d0a2970bdb59e7a995e4b84d33,icrar_shark
1126,b6b830ef2d2fc7ece694845d139fdbbe725a0795,icrar_shark
1127,b6ce5586a033df1a6670d59459adb0e2c1a08efb,icrar_shark
1128,b6e47cce2a95a14cb3a04e0ab64c955e1d1442c6,icrar_shark
1129,b6eed93c7ac5c7bc0651625f671f87f0c4a109bd,icrar_shark
1130,b70225997690e3001d2c9d50b99d8650dbc4552e,icrar_shark
1131,b71abca4087cd84fdd424511caa71c7fca98ac77,icrar_shark
1132,b73cc072c648461205e5e8f994a6eefaed8422e9,icrar_shark
1133,b754777b1bffdf1c3ae13ab9338e34aea98eb4cd,icrar_shark
1134,b787e4b35a17d8dcf8c83b2055e0380432d23351,icrar_shark
1135,b7955cf62dafa76a87c563662d7c2a2794a93dfb,icrar_shark
1136,b7b56b377fa988882467d544d1516ad34795c6b6,icrar_shark
1137,b7c395556fb1bc797f1ddaaba0b255717f649b96,icrar_shark
1138,b7ed7be36cb8aa68a424b938e3d82dabe04739ad,icrar_shark
1139,b81d540d290b6c7e15c3d1c346b26270d8338975,icrar_shark
1140,b852f6d8620ccea5a69e1bd17540712e6c64fe48,icrar_shark
1141,b8eee6b04476dd049da2842c868a1a378113298b,icrar_shark
1142,b97ec48c2de5e75e9f0161d61efbd43c23eb615f,icrar_shark
1143,b97fc8c87de53dd4fdc196bdf3ab89309d92864c,icrar_shark
1144,b9983457b8445c201e041f6070dc22a0076b077a,icrar_shark
1145,b9b4980efeeac2cd58b14054104686bd9c12bd34,icrar_shark
1146,b9b6eba5cb61239418ebe5ef5bbedefc3ae788db,icrar_shark
1147,b9d0d0ededbe456e295b3e1e603f3134f67ead66,icrar_shark
1148,b9f34e9af2a9650724b3061ceb09083ab67e5c86,icrar_shark
1149,ba18b78fb26178c12dbff42a230c6c44c3f26d8b,icrar_shark
1150,ba23daf18a69e6d0a284317eed069729d425e915,icrar_shark
1151,ba31fb7c827abb8d2b0d4992fcf66fdf4f2746b8,icrar_shark
1152,ba3a551919af70492c371f46f36df15da1c30d4e,icrar_shark
1153,baf0985d985593007e36c7e5a75324179dc8b40f,icrar_shark
1154,bb2b39e9d635910fd723ff265ba95523819e6b91,icrar_shark
1155,bb35d5e665e1eafcda4434c37fbc197e0a598031,icrar_shark
1156,bb362cce3b54647c7815840f5fed3a35a2bf20b0,icrar_shark
1157,bb515c75056b4629f84c3f9dcc0f69105b411f8d,icrar_shark
1158,bb53f108939240a7c29d2f8a6d935c63c69a0e61,icrar_shark
1159,bb82346172adb3d4f002ad85aa28ffb05cbb96c0,icrar_shark
1160,bb90d82b0dc70af904d54f8e9c7f5785b470a70c,icrar_shark
1161,bb9f87f2d86823246808f6e3487824701b27fd2f,icrar_shark
1162,bba67fe04e319cd6401a22b74e2e1d84565beb8d,icrar_shark
1163,bc0d763f5cdb3e5f80dfe6f22f6be540d98d47da,icrar_shark
1164,bc33e9c1f3f983a5ce654178a95168f72df60aba,icrar_shark
1165,bc69cd71d163b1f61f13e0bc10f56865809a54a2,icrar_shark
1166,bc7ffb0e499ad8630b961794b309ec483e078ca4,icrar_shark
1167,bcac6f8256bc3474844f242f1adce94517b876e5,icrar_shark
1168,bcc71e83dd6e58e55bcc6c19feb24acdeb77b193,icrar_shark
1169,bd53001a90b4e7bdb4999fc54947ea0901d29a0e,icrar_shark
1170,bdbccdd9615e34295271ee77fe361fcd0f28bfef,icrar_shark
1171,bdc022e5de0317f88d5442bc96547c2fb408541c,icrar_shark
1172,bdcbe0f92395a80417b7f879f87318d2b6e915c2,icrar_shark
1173,bdcd93b08c007a680e13b3b4468fe2a5312fa8e6,icrar_shark
1174,bde5195499593c05ba8ceacc8b5333ede10eb4b7,icrar_shark
1175,be28bb1c2326df766166847ce94fbb78a9e3aca1,icrar_shark
1176,be726223797c8716db39aa7605df5ba47887f77e,icrar_shark
1177,be7649631b4628fede85de114767bb71b9f9eac3,icrar_shark
1178,befb1fdf62de947da128d8ba4af7fe92d99937fe,icrar_shark
1179,bf04fd8e8d2288b3bd3449359d621615ba36bc7f,icrar_shark
1180,bf06dece968d23e1be44155b7a8cf4502120d3f4,icrar_shark
1181,bf0a756a050e96056988af37fd5cae05a93a486e,icrar_shark
1182,bf2257036da189c094d4bc89799dfc5c9a03c36e,icrar_shark
1183,bf22d82b031b60cbf3f8519d6f7e38120d43c551,icrar_shark
1184,bf414133a880463422bf888eb0bbd3c0ae83a308,icrar_shark
1185,bfa14e06ef3456b12a0d9186c535b38a4a1c901f,icrar_shark
1186,c0206697fcddcfdf2d2ee9e979cdf3f79ab126c5,icrar_shark
1187,c02595da19c8c3a5d8fc52025bbfafc5d5003731,icrar_shark
1188,c065b8bb0d0516e9ce9780483c03c8c4af81c1c5,icrar_shark
1189,c06f87c9b8c14528447b651b9375bb18322ca3e9,icrar_shark
1190,c0738051da60a82a89963c567fe3faaacbcea8d0,icrar_shark
1191,c086dbf70190f5c327689a8f001f5d304d5aba47,icrar_shark
1192,c0878715b7a4dba4564681e73ef62bb34ef451ee,icrar_shark
1193,c0a4f420e2f93f0b79a676c726a51cabf3951318,icrar_shark
1194,c0c0e5d65bbb39748f0c29a3eb9bee4b0100a852,icrar_shark
1195,c0c67a2b98c4c77b0a4d74b92d267e3fb6023ecf,icrar_shark
1196,c0dbfb6b937b694cdb7b441129228a3a1d314f01,icrar_shark
1197,c10627331378efa0a275143d5c038fb8b0548c99,icrar_shark
1198,c1167244d966d5950202ed383549a96fe9ff48aa,icrar_shark
1199,c16705755117135558a4ca433dc2cbdcc945bc1c,icrar_shark
1200,c17192450a5c21bf248035b0954cb300376e7e76,icrar_shark
1201,c18b220cfb2451381b8355307d94e638b18fac09,icrar_shark
1202,c1bee78b0ef99ec6b76a9795369af917fb4f16cd,icrar_shark
1203,c1f723c6569264468560f952aa6d3b8497729e73,icrar_shark
1204,c1ff37ded3df22f68bb62c0f4bf7a90cd51af7e9,icrar_shark
1205,c20b7257b8563c3584d3c8056044489e85750f0a,icrar_shark
1206,c23bb9ac897141c0cc88085b87c0c230709463c3,icrar_shark
1207,c243c6fbd762e3f82e6e2346cc037611e95094b8,icrar_shark
1208,c2673550cea9a06c6de36b473b68ff3c01134d7b,icrar_shark
1209,c26c29b834617db162b2a96edd37403f753dd302,icrar_shark
1210,c28dde683697d80f2a67af4bbfe7eeac07155051,icrar_shark
1211,c29593334f7e801e6dcc0e3e7444b0c8f1733dad,icrar_shark
1212,c2b9171a868fba85d1980e186b4e6ae54cd1a0fb,icrar_shark
1213,c32411d25da46de11e6c35e73386b17ed874b01e,icrar_shark
1214,c32702e43118c4c621ff5d479baaa1980993e26a,icrar_shark
1215,c353445f0ab781a1a4b53854cac0fcf942d51084,icrar_shark
1216,c39c66d41a4499df99c250bcea06c2706108ca6e,icrar_shark
1217,c3c3cd9356a489f8cf97cd2dcb112e5e20457307,icrar_shark
1218,c3cceaa9dc6731d3b467a5449f41918c027e21bb,icrar_shark
1219,c4055fc1ab352ac09e350c297ad2654e105373ad,icrar_shark
1220,c43220c76148c03ed41b92e45cc5c41852837a46,icrar_shark
1221,c47f2cd6d798dc5d1b3a033126fbf418d9d711d2,icrar_shark
1222,c4c0f56bc3336f4d7ff77381186f98ec15adbc12,icrar_shark
1223,c4cd4da0050403fbeaf8896dd48b4d41ebcac9cb,icrar_shark
1224,c4eb23b014f452e6e2109466c7afb1bcbd98eb61,icrar_shark
1225,c4f012d16028ba796b99da521193f336a65fa82e,icrar_shark
1226,c53bc3557bf1a2cd7d7104eb73efc48f8989ddad,icrar_shark
1227,c54e6a75e967879bfee8e78897df6f976cf5f3d0,icrar_shark
1228,c564ce5d0f6b6f1df2df73ccaf71ce310cb3bd8b,icrar_shark
1229,c5760a5c18251507762c3a3dcc7a261efdb53b31,icrar_shark
1230,c601e0393941465b080620fc0453e84d6a180b9a,icrar_shark
1231,c647f54c2d3cb4722eb3002bf755b5e9e0c6436d,icrar_shark
1232,c652dee97dd8896532aad1ab50099bba1a7a73d4,icrar_shark
1233,c666ecea230630924b401c0a304b40c92def80e4,icrar_shark
1234,c686afe93580408ce5fa4eb554742d6d4102a812,icrar_shark
1235,c6922adc1343f6cb06f475fcb671b845adcc1dbb,icrar_shark
1236,c6ab8b18a3f4e9732e5411fd86cbd9c7d1e1f830,icrar_shark
1237,c6e7798aa0d6783b4f5aed9f798822170e8c1062,icrar_shark
1238,c71962bee3087c230f365a13d510d6fe4e76dc0f,icrar_shark
1239,c7412f57fe808cd6a6c2d083e3f6be31f4f3066c,icrar_shark
1240,c78912baf194cbfe4939f5520f46a2e5fffbe346,icrar_shark
1241,c7f86b0b9abbe563d3fb6757b6b88f6b355b2b3d,icrar_shark
1242,c82c76d12bd507ff87f3c8cfae8a74bd8aab4c73,icrar_shark
1243,c86d1d03d7edd96fe7692dcc34ce5d9e6baf0873,icrar_shark
1244,c878d8203169703573e2aa5eec9fc0550ea2d490,icrar_shark
1245,c887fff8b29df0efc6ac6ff121e992b2fc589879,icrar_shark
1246,c8de0cd021bbc6d26876007164a0a3d8b95ec64c,icrar_shark
1247,c8eeb4bf8c7fcbdd1b5b155c2bbc75d8d47eadcb,icrar_shark
1248,c924bb3907a7e4a5259781abf69e6b4a1a8fb6ef,icrar_shark
1249,c9d59a06adf4c8669565869075951bfcec4f81a6,icrar_shark
1250,ca0c1e92b3842e735209d6510e60c5e43dc7401e,icrar_shark
1251,ca238b7986b4ee6de098692eaccac7ac9f11c65f,icrar_shark
1252,ca477801e931f615040210f02345a04875fba99a,icrar_shark
1253,ca5249b15e42ad5d30cf36f9c8cd2cfd4fd93da4,icrar_shark
1254,cab13d4457f6daba48c93c0977f3c525bd6e768a,icrar_shark
1255,cb532ae6b7c25ca2076b002fccf97bb50ef33f24,icrar_shark
1256,cb5d0ff18f883917ca1998541fe6d0f4b8a187b9,icrar_shark
1257,cb73115e437510a90e1ecf6ce9a29bd9d9b1d33e,icrar_shark
1258,cbc12f0af5ce6057ee63959147c581f09801a4d9,icrar_shark
1259,cbcd9f3edf276fb9000f74a3787641fe1be6258e,icrar_shark
1260,cbe697467adc2d468c1a35f761bdc8ea766ec376,icrar_shark
1261,cbf5c2948afa6a9a043a0d5587a2ba20ac246a3f,icrar_shark
1262,cc05b6925988e79e474e2e00d2b78868387f6280,icrar_shark
1263,cc06b3ddfbf5a253a2599ed26a34b255ae9d5038,icrar_shark
1264,cc28339539a676008f145a88ce492c75ce08c6f8,icrar_shark
1265,cc48f5f95136c91bcf221d9e95e3540870eac9a1,icrar_shark
1266,cc583cd4df02381d272768948f9384b25a625b40,icrar_shark
1267,cc675c2f18e8cacf1cb7a0b8a560c0745bad2d37,icrar_shark
1268,cc7085fe5e65dba60ceb68b80d0f93360743215b,icrar_shark
1269,ccb24e667b5c6fd4819df362208e056a471f7331,icrar_shark
1270,ccc2dce60f2045ed6e76712584d0f421b4f93a89,icrar_shark
1271,ccd3edec73545e83ed0824623341e1b8b3ae296f,icrar_shark
1272,ccdf2f64e49affb9591ff34b1bbc88b124cfd129,icrar_shark
1273,cce6b5afdf722d22fc915ad3d69f9a09d302ca6d,icrar_shark
1274,ccf222dad95da5611852bcaba2c21dd4b7b47859,icrar_shark
1275,cd3d6384ee110c39df920d64e49454ec325fbe16,icrar_shark
1276,cd4e3c9df1ab7aab4dbacc79588eb6cb233d0118,icrar_shark
1277,cd6d4ea065da134774b274f53882d3c7d351b63b,icrar_shark
1278,cd9e390b779440c615e4759ea637b1af57e6f9af,icrar_shark
1279,cda268e9346ef3b48129de7713f4a45172f9aef8,icrar_shark
1280,cdc383aedcd6b6a2e92c7fb49d85ec7a6cc996a7,icrar_shark
1281,cdcbaccf660e78cda094a84b5440d01769f4541b,icrar_shark
1282,cde51886640cf80d39a860eb71247c6316b3f0b8,icrar_shark
1283,cde8c06bed91fdf4c0f25f0f846e4bb5efd91ad8,icrar_shark
1284,cdef4835370e6c45ad5dd82ee96109555f2c76d4,icrar_shark
1285,cdfe440972fc6f9cba65dcc2eec0fe5c919f64ab,icrar_shark
1286,ce0d396f0576d76de56738f736f80d9a27148c4c,icrar_shark
1287,ce134fd3723b55e5d9efd25c603ee9456bcdd56e,icrar_shark
1288,ce21dcc3c6ccca56ec23e88e770a60ef0245555f,icrar_shark
1289,ce2e95a06d4d7d8dc532727bb6cd20c3e0acf749,icrar_shark
1290,ce5425fb577fd7bcdb2d2091e6691a15cc491d0f,icrar_shark
1291,ce54f29da1d9eb73c8ef3a108a88f20b8938046c,icrar_shark
1292,ce7cac5acafc822c3b6ea6191482c564362abd23,icrar_shark
1293,ce9615a7fb7a3ddf628492b5ca81accfb09a276f,icrar_shark
1294,ce98277d777c7b5e632085a588ae109ac3b0ccbf,icrar_shark
1295,ced81ab961350efebee410341d5e4a59576dd6b0,icrar_shark
1296,cf0a92368992e2dea46ab075b4c04e45e66940a9,icrar_shark
1297,cf9eb6e836ce46de624fa5839e0d19629a598d6f,icrar_shark
1298,cfd988eb7595728bf509b8e9de74ed88423924b5,icrar_shark
1299,cffd33620f535046ce01112c5c86357c72a7727e,icrar_shark
1300,d04e4895952f2aae179c7e47ba50fbdabd71a48f,icrar_shark
1301,d06e2a4a41f66fab19b282930a062d4172f19c6f,icrar_shark
1302,d07b81387aa0f3c1f6c51a6cb74158658e4c87bf,icrar_shark
1303,d08821ad39322c72c07124f4176473be8ee03255,icrar_shark
1304,d0e1b8bcc5cc07d4430d573dc3a1f3c54131c5e1,icrar_shark
1305,d0ef1eef022a4a180de1251daaea5981d248a475,icrar_shark
1306,d104d2fcbd86f4b201c6410dc0e752933f3b3874,icrar_shark
1307,d12296d1ed01c2c351337db2460bf932ed7312d9,icrar_shark
1308,d1314d00ecd4d7dd647d1e6a628703e1141fdca8,icrar_shark
1309,d154dcce6cb576abad8de854fc6f6b741827d0f0,icrar_shark
1310,d159bcdb89814aa0958061e1e0118d0bfa0fa494,icrar_shark
1311,d162577dec8ecbe2cbec353c2e8cf74bd94867d9,icrar_shark
1312,d16a61213fbb4ba0a39c3009723da4fe4461f0f7,icrar_shark
1313,d16b6e7c8681e2c6effe0be92814e909d9ec1969,icrar_shark
1314,d1b7a245a3c9b2be41c3ba5491f5dd6e9df200bb,icrar_shark
1315,d1d0cd9024f5b1e537f85bc4e5f54c5704228002,icrar_shark
1316,d1d6d24a319f04d38e6657ef1ba31e7599e43c37,icrar_shark
1317,d27b4bb3fffbbcbcd0137c9b4c9bb8e19d64d333,icrar_shark
1318,d2968b96d3513e41f4e4655a796d911df994c3d5,icrar_shark
1319,d2a44a44ebef05bd17394ebbc63b4121a8bdd9d7,icrar_shark
1320,d2b403fd8f049d9040f924b01278f7b827d84625,icrar_shark
1321,d2d597587f1835a0f8524dc75b90ac00a6fc14bc,icrar_shark
1322,d2daf4d8d343dd2877038ca5da73def7575a6e9a,icrar_shark
1323,d309a743c95324fe3d855fb4e3b734cd6203aefa,icrar_shark
1324,d337063ec84851e540f10f4c95174061b60f794d,icrar_shark
1325,d340b033a6993031e0539686e408885fdfbf40be,icrar_shark
1326,d3eacae764478924d5e76006fe0a49c50ea6fd7c,icrar_shark
1327,d422bd021467c2ea71af9cea6c512b07cd39d9da,icrar_shark
1328,d427ac44dc2ca8b192b5c41f11e4231b7ecaa92c,icrar_shark
1329,d429e1ee39e8f81e2456093b6dbb60bb66125242,icrar_shark
1330,d47aa2a88ab1cd8db4aea8d158afc09b453b9acd,icrar_shark
1331,d47c7011907efaa347710ca489bec2bda8fb1c95,icrar_shark
1332,d47d0f62867dc0c8a13d40ad3ef961c550d3cf63,icrar_shark
1333,d4ab2825a26657c2dceb0b36e8726ec31c2446cb,icrar_shark
1334,d4dc4a1e9aec0af2b8b21816834599525c91c947,icrar_shark
1335,d4f5eccee52303e2a12c9857bed78ab32efa3661,icrar_shark
1336,d4f91c5d32554c72e68b7957250ea37557a89ca8,icrar_shark
1337,d527e9802cb849dfe1f0ded969c42ac99c4fe53d,icrar_shark
1338,d5455216ee1ec0e54801983cd7c47263487458bb,icrar_shark
1339,d54e38de42f73bf810a9606a773762fca79d3675,icrar_shark
1340,d5931e88af8e3b7899283b10743e4556cee036db,icrar_shark
1341,d5ad98240867386ac2909e1d6444abc854497544,icrar_shark
1342,d5c7d8c2c7bf3db165cb2a02a4cee7a1d47bef52,icrar_shark
1343,d5c9d233609851cbc035a5ff5f7c520b1c8937ab,icrar_shark
1344,d5fa0f9b4393b50e2f534ac6da33c00466a37dc7,icrar_shark
1345,d60d43885faa93f659610f0f64e7f252be83b9bc,icrar_shark
1346,d6155d93abadd271e31440b00a798e9dc5159369,icrar_shark
1347,d6359eb7f96691e4cc2aefd40717dfed98de13ab,icrar_shark
1348,d640ca8ed5e4c64b21c7d3a5af1068de70714a93,icrar_shark
1349,d6b8149fe1e0750cda07b45b0edce08a65f42b84,icrar_shark
1350,d6ce1ad9aeaacf99d1f68da0f000fbf5b9588a3f,icrar_shark
1351,d6f9dbc72803c241040a4e30fb22202371b2878d,icrar_shark
1352,d6fc87b4df3a13fe6d2681cc623826bba8d76c21,icrar_shark
1353,d748b0800841f6704f9831cd97af15662c49dcbb,icrar_shark
1354,d75bbd13841df7394faedaf99965e6af2bd0c212,icrar_shark
1355,d76776ac8db174ba6255a5092ff14824fc82611c,icrar_shark
1356,d7d4356f853e8f8271ed2b84bb29a681be4fb233,icrar_shark
1357,d8284082304d9324581c98f52720a3e89a198c57,icrar_shark
1358,d836654aa2cbba3a776e55d88a0511447755c7b5,icrar_shark
1359,d83bba3df8b45e537ae1641259779b1c21570c0d,icrar_shark
1360,d857c9544b1b6fca582cf7fca3264178a8b0ab59,icrar_shark
1361,d85bc84b89e52cf10121541ccde211c25c3c741a,icrar_shark
1362,d85f1928e02928004f46625b14e8108868c85583,icrar_shark
1363,d8a32b0a6166145d77c461e6a33d2e74aa3427f2,icrar_shark
1364,d8bf97902a85b2e8af5960c22ee101079411350a,icrar_shark
1365,d90b4d795ee423fa57891fe6570b7c8c11cac818,icrar_shark
1366,d926630702ee0e5014709ea67005ff2dfeb6bb25,icrar_shark
1367,d93a8392b22a132856b041c75b4a7e96f91d6d03,icrar_shark
1368,d94b7847c0b8b370607733ebb181cfaeab69962d,icrar_shark
1369,d95cdcfda512f8ecda7077fe4fe246467d73a7d4,icrar_shark
1370,d965e0a11c49d6ad8e96e1d854bac7c053dd6a75,icrar_shark
1371,d98e37d0e1733a0f5db5e4544691e7a05ab5c2c0,icrar_shark
1372,da6b8bf5aed0a3ee5e53918cbc72ecfad8ac9515,icrar_shark
1373,da71e123395f4d913e3154f001cf5b208e02442e,icrar_shark
1374,dabfa59f3ef679f34ffb267bc4d6075244ae3ae3,icrar_shark
1375,dadce74af89b90ef0c73b4403199df3859c85182,icrar_shark
1376,dae18870bcfe7f1d20ae8f0f2174ef093a827792,icrar_shark
1377,dae4fa336fafc161ff493025b78604b6109d7174,icrar_shark
1378,db092c480a7f6703ba6e37d62492d18a89f3b05a,icrar_shark
1379,db11267b5a0509aa1edb0dc4cbd186a3c9063cb7,icrar_shark
1380,db1d7629d902e9131e79133901676285aaf0d373,icrar_shark
1381,db4d6ca31ddcd724cbc2313adc558d37d6839853,icrar_shark
1382,db8b21951487cd7ddcfcab2ee5ea8741e12a1e9e,icrar_shark
1383,dbaf8734734a10a361c614a94b07abac324a5905,icrar_shark
1384,dbb404b09e3df4db479b019257d1784354a0e4c8,icrar_shark
1385,dbd99421b513ba8a690a29530f5a8fc5687bd4c3,icrar_shark
1386,dc3a141e1f93315e2583cfadc7915af89cf29c7d,icrar_shark
1387,dc69bc8a96f6c286359469f80b135b3d69bfe82c,icrar_shark
1388,dc8f463903f19d01133efbafabb14a99ac263760,icrar_shark
1389,dcb45bd466c2bc93899569410ed7900b6d229104,icrar_shark
1390,dcbe83487fc821e4bc73c7235772046e166c06c9,icrar_shark
1391,dcbf340acbd87c030b9e1e18b6849fc6bd684854,icrar_shark
1392,dcd7172ad5c3a58f1273f95ac858daf54ae41f18,icrar_shark
1393,dce9f64fce0afe2d1eaf030c01bf8244ba2ed2a7,icrar_shark
1394,dd0d1b3370ebe17b2ad1ab2198acba478d5ecc34,icrar_shark
1395,dd0e07cb4464d1c8d3242286cbd17c9c0b2bf74d,icrar_shark
1396,dd1316f3a9fe56a6704fa7025fbb742f0fbe4801,icrar_shark
1397,dd909cec7ae82a1aa27d312ecdf86998498dad05,icrar_shark
1398,ddffa73dd77dbd75de132eae211cf8d6ab81f2dd,icrar_shark
1399,de135380195c8f6e9b3f6266c42a2594eba2b092,icrar_shark
1400,de51b61a0eaf24232c9a8fa37a994c3404b5ec57,icrar_shark
1401,de667c4b06926e0b9cc054f0335e05f98b0ea39a,icrar_shark
1402,de75d45bba01f833ba7468cc6fb251384751dbc6,icrar_shark
1403,de907887b63315066f41a257aa613b6678b47dfe,icrar_shark
1404,dec7251adabf0697a318abe10059188cdc2fbd90,icrar_shark
1405,deeea1f32d03b4c162ed363cf6389c935c97e752,icrar_shark
1406,df0459b57488a341ca27d3460490bd41c8b7a474,icrar_shark
1407,df0b907b97cf5c7ca09140fe60a42f006b5716f8,icrar_shark
1408,df0b9ec71bb98c5e337ef88b6ef7feb6b33e07bf,icrar_shark
1409,df29bf51213240aafc18143492b8c4f7e3e4737d,icrar_shark
1410,dfaa1e3764bd08161c5f136bcffa932eda1ed6fb,icrar_shark
1411,e003f278d09ecf9747a6bc2189e220d439c82641,icrar_shark
1412,e00f7e9a5cfa150d03e2f022a5a883b0fff39e62,icrar_shark
1413,e0119a46b7ba503327481fc30b3778b69da974ce,icrar_shark
1414,e02df21af22d55bf17c85df9d03dfdcfe1837382,icrar_shark
1415,e030958bef54302361784cd57dd0abd55ca2ce8f,icrar_shark
1416,e034dff9c23a7acccad541cf43e30a986cb2dc82,icrar_shark
1417,e1277672404f017c038ca2279936d79f2a981d3d,icrar_shark
1418,e1d49b5df3b6ab4e65068970b6e3c15388cfb866,icrar_shark
1419,e1d904a4dedfb9df1ae4a4a3653a1ff5141e7021,icrar_shark
1420,e210baf0e8ffc8614d287840c8c99909c97b6502,icrar_shark
1421,e214e4cb3bc7319927b955d17b2a4567b3f8b470,icrar_shark
1422,e241889249c8f92986bc7e1de3415392e89428f6,icrar_shark
1423,e2a2a1fe6bd60d0271fd4e99216973ed91a736c3,icrar_shark
1424,e2a3a51e6d61f57a92e409066189eef8b45f10de,icrar_shark
1425,e2bb6973f04a2cceb59f5f4c2a64b846ec3d6be9,icrar_shark
1426,e3035c70fd05faa40eff65cf5184da642ccc5904,icrar_shark
1427,e30f470c04259d84d59c4811bff5c06c4b1cb6df,icrar_shark
1428,e3116588eb536d9fc5b5dc8deff76cec11395057,icrar_shark
1429,e3426454824d83ce469c7afdfc76306b25753981,icrar_shark
1430,e371fb665a52ce94f6eb6a55b4492b607232090a,icrar_shark
1431,e39f6b880f62956672e1c61f6ce1f46662d0f0a2,icrar_shark
1432,e3c8e17cbcfa143721e637b793bc2a3d8a93a170,icrar_shark
1433,e3d0c63bd27240ff348acf507e32f7be35adff0b,icrar_shark
1434,e3f1e8ad4a406f8f91a5c841b02159041006c61f,icrar_shark
1435,e3f3ab34409f3017d135c0ce0f7cd08c1bfa1c30,icrar_shark
1436,e42485530a93d3b7b5de88ac7b6a67153053d999,icrar_shark
1437,e44765ff9823f0fbc5efd0781f28afa97ea6dcae,icrar_shark
1438,e4cb46b3cef17eccd966b9279956010262b69668,icrar_shark
1439,e4ce5f15104c742ace9a9ba06a21eb4d68dc7c34,icrar_shark
1440,e54c63b5e9eefa50d9bfcf480a181f393edd773c,icrar_shark
1441,e57b0fc2ab5b19a4cb1fbdd5ae80edb76dbb502b,icrar_shark
1442,e587e7fdbfda9bd19ecdb56e6776263bc69a0dde,icrar_shark
1443,e5b44aa8bcd845890c2b8894c0694a5bf46b7d82,icrar_shark
1444,e5c5c716c0fde2f23a884b4a14c5f052d6cf03d2,icrar_shark
1445,e5c8dde4470c4d5f494ffd6a696d58630596bd9b,icrar_shark
1446,e60716e031c3ecfce6bf699d7427415c33ae7151,icrar_shark
1447,e61866df806a4187a86d481ff5462392c7da712e,icrar_shark
1448,e61a5a71b1dd3f4ea4ff6f592b355173e2664f3f,icrar_shark
1449,e6387a92e37b17db0bec6acc86cb83520713c44f,icrar_shark
1450,e69ed6360ce1ba31e508b13521403b3aad4329d3,icrar_shark
1451,e6d9c16a111f0c7f6f6a6ac6601078cc6d4df66e,icrar_shark
1452,e6ec13d93785115fd2a12f14e45623de019cf07c,icrar_shark
1453,e708305a4651cdb9d7c7a4b826efcc56a435e20e,icrar_shark
1454,e70ecda9c89e0803765959172863eaec371f4499,icrar_shark
1455,e75f8ff5de1c38438d78d41c116c13b7fbbe8c3f,icrar_shark
1456,e77a1d76890a534a10c8a8853263531c2920f7f2,icrar_shark
1457,e784a6f7142df177334578c54749f66c262321a6,icrar_shark
1458,e7db4c73292e17133be98f23034ff3886dad85f3,icrar_shark
1459,e7f61df6c8017d3a2e2e3a0085038cafdc3ddc25,icrar_shark
1460,e831437228d42d1bccaefe7bd2f3f479c07a4535,icrar_shark
1461,e87a7bda45a8d32e3484d1a85d47211dafc3d04f,icrar_shark
1462,e89d884774e1c7b6efe5b947aeb8cb10c0bbf4a6,icrar_shark
1463,e8d2dfda027e51b75b16f545fad033221a3c73fe,icrar_shark
1464,e90cffe26fc7cbd217fa8e13656779f04a65aeda,icrar_shark
1465,e9491746138d98558b4a81840b8b1eb9df90bf14,icrar_shark
1466,e94c1290a4457c0b4ced13ff865d42fdaeed159b,icrar_shark
1467,e95745b1d920efb4da1b0e71a14d03ace2e5e0c8,icrar_shark
1468,e98f39995f4df50290af8111a7ef34d15017434b,icrar_shark
1469,e9c9d5e1e2b9f1426e82cc1d08342868ca738db7,icrar_shark
1470,e9cc2450dd009f2d603c5cb967ffd01d0c17ac17,icrar_shark
1471,e9de8737ba5b07a2a5c4b9b85cfd87f1b2dea439,icrar_shark
1472,e9e5fda69f658d4896e1853bbfc42915fd196694,icrar_shark
1473,ea32201c4c2f9372f3b1cd2209fc6465868f4adf,icrar_shark
1474,ea5cf041da98303b7520468c29f9a560bccd5e49,icrar_shark
1475,ea5f801aef63c262b6ef5d08e84bc1d92c4729af,icrar_shark
1476,ea6bbeced586b6db212355b8ec89ea4c7490cd9b,icrar_shark
1477,ea746269aeb2865fff202970898cd6d794222ecd,icrar_shark
1478,ea9b8b670af497ca799b321bcaceb4cd501c2198,icrar_shark
1479,eab0f0885465f121d347568ac30aad35a47e968f,icrar_shark
1480,eab5adc3cce529e039d505efb03b3bbfaa0bb96a,icrar_shark
1481,eab93f1effff26cd9f58b21968a49e06e616c880,icrar_shark
1482,ead5f620ad16e9e1b5dbe3bba18a3961e639a3ef,icrar_shark
1483,eadb3db667a309ca45dc77df480a902e82168323,icrar_shark
1484,eaeb9741d284093004d02b154385a2c8216eb068,icrar_shark
1485,eb300dc673f478ed5f8df61c98d3fec59536df0a,icrar_shark
1486,eb5b1b8ded22690d57cabae7f9fb94dcd80b8d3a,icrar_shark
1487,eb994db975db3441bfa2d07b86cc5df6559b079e,icrar_shark
1488,ebcb58b167b20ab1bd05edd9271ebe024faf2c83,icrar_shark
1489,ec141e43361b025d7df5f36f61cf715bd854659f,icrar_shark
1490,ec23a668747b32a5b005be74cecd7253f8f90442,icrar_shark
1491,ece9c4c8c7eb5f264b2f2f751c682ddd43c1cde9,icrar_shark
1492,ed082af760ed3622dca2ec86f639a272d97d7da8,icrar_shark
1493,ed0d0cb85e5fce6b0e829a03f0409130e940ea61,icrar_shark
1494,ed59006a867317846654ed92b5a89c4d2a6659ec,icrar_shark
1495,ed5ff7bed341ec829b4c7588227e13fdee5f1ece,icrar_shark
1496,ed8cd29c40a2ac44742bcbfcf0d91d8e55f3e137,icrar_shark
1497,ed9fd61aadb6c2bda3ea92e3c8fb4dd5fdb51a40,icrar_shark
1498,eda84b9f9e23798ed97f1ed9291c7b20155ec37c,icrar_shark
1499,eddd6deb76df16b968dfd887921230f919ad844c,icrar_shark
1500,ee5db8dddc2edaf73e3d3e724abf5598b6713772,icrar_shark
1501,eea55b24eaa6651935ade6d9b59d8b5d54a1592c,icrar_shark
1502,ef809419f5bd79b448951eae7f252b431ac20763,icrar_shark
1503,efa2503d5effe2451d3641a96d037a088ccc7e9b,icrar_shark
1504,efa8b0aeeea7e4693bd9ecd67bb35bde437341d7,icrar_shark
1505,efc9d7ac954375a50b535eb93df015b06ca9c6d5,icrar_shark
1506,f01668e0d4e39c10fefdd7289f6a430977dc6716,icrar_shark
1507,f04170d2936cf88d045cc2e89495d6fb39fd434c,icrar_shark
1508,f04a3ab04884626d196d3db6885a719d648130a8,icrar_shark
1509,f08f75dcc64c473c396701e1bc7e357faeae4ac5,icrar_shark
1510,f11051e51221ffad737868519554411ef8873146,icrar_shark
1511,f117942d06edc257ea36b4aef4345af73457d07a,icrar_shark
1512,f19f60ac8a7591de3068c0735f019d81b4549296,icrar_shark
1513,f1af45de2583bd7aa280bacb3de3107a715b0085,icrar_shark
1514,f1b2972969b96e90ea5a2cc94a00ded80d816e51,icrar_shark
1515,f1b7fde38f4213ec57f1d240f68c20b3a6ba87eb,icrar_shark
1516,f1ce4b6b03b8be61c0a18022a4ed80889e5c2163,icrar_shark
1517,f2954405246c4af55171e0b8c388c04a04c06fa4,icrar_shark
1518,f2a56c2351e5389b9f17c78e832e873fc4434b32,icrar_shark
1519,f2baaf28220db3074b50544e931db4a598f071eb,icrar_shark
1520,f2ca04642101b8c3f6c0b55078f82dbaa662a9ea,icrar_shark
1521,f31b95ce3c1f8cbf3c42e3e0028b30b8ddd89ba1,icrar_shark
1522,f344603980d594418742905acb17be2218d12ac7,icrar_shark
1523,f3afbffdb9e61e30fd7d27044939bb58c9406194,icrar_shark
1524,f3c310f6bd143bd6d39fc304d183b38f701f2710,icrar_shark
1525,f3ceb21731ccf995944b520b91c96f1332c11cc0,icrar_shark
1526,f3e12277d239cfa5877f0beab11f5f810958ec5a,icrar_shark
1527,f43de8a893e7462acb01708a91819ba9929ecb28,icrar_shark
1528,f4447ab545a2cf169d00b67c9669c0855c9d1bda,icrar_shark
1529,f45597ae8c4d79debe3cb00eaaa0cbfd6f93d2af,icrar_shark
1530,f47562fdf58a494c833a3a55d58d32d323f7d18e,icrar_shark
1531,f47f4265fc4dd29114dda9d17c7bf616dbb58c53,icrar_shark
1532,f491b876860586342811042ad02c0d397287dc4e,icrar_shark
1533,f4c5648574a0194420add54b7c6558cbeed8924e,icrar_shark
1534,f4f1a0bd6e8de4729fee9f0abbb74e0c1c86bc72,icrar_shark
1535,f4fc533130341d195a255fb43b224aa6ecd33cc8,icrar_shark
1536,f5728d78c29e3e562640ee8e20629256327787f9,icrar_shark
1537,f58e95d9b93af3db6cbfb1373707e061d953d53f,icrar_shark
1538,f60799abdce9e345aa744838d91538d8a7015a70,icrar_shark
1539,f6087dcb078d9629de7d666229f5c412d8475d48,icrar_shark
1540,f682319fe3c52073bfdbc07b1681058ce693db87,icrar_shark
1541,f6a064b0313b61073073fc54886e6f28b25b6fa5,icrar_shark
1542,f6e8a02d9e1dcf6fa40de8c6d1e7501f54901e5f,icrar_shark
1543,f707a9a8eb84ee4f0f8164cfc024d22732025b05,icrar_shark
1544,f724c6e5a3b32b55f4ae4d9f87ae6092e320bc73,icrar_shark
1545,f72b699842c1aa0e08294d313135f85a99119ea6,icrar_shark
1546,f738340afcef09510580355b317c68e6b8b9d8be,icrar_shark
1547,f77a0606ec5718dfb5d71a308f3aac4bb6036da2,icrar_shark
1548,f7c5d882d150b47b874c6a0abd588ffaac99a554,icrar_shark
1549,f7cb4b82f0403088812b64165fc8293967bd1c72,icrar_shark
1550,f7d32c17031e297823557ffd655ea7ed1ac04ef6,icrar_shark
1551,f7fe6a7e0dedeb0746d34eebf83a154760b1ea43,icrar_shark
1552,f800f4c880942606c1911b55bd9b25930bf51398,icrar_shark
1553,f894e6119047baa0c79ec6c4b155a4e5bf5cbe1d,icrar_shark
1554,f89616bbbdf786d00a2ce2e6c2d2ce139028d8ce,icrar_shark
1555,f90ad205cf48e7ccde239b717a81c2ff6ed1891f,icrar_shark
1556,f91d01ea126fc312acdddae62f350b0eb6d2a3d1,icrar_shark
1557,f9267a512fa614dc91d26883a9815078e35609ea,icrar_shark
1558,f92b3c54b6c1da85915dd1440d97eb86c900e630,icrar_shark
1559,f97ebec4d3e6b3117657da4bac80c9d6de4247dc,icrar_shark
1560,f98eb5757d0f73dbad98bf4c9ed8c1608beb73b4,icrar_shark
1561,f9ae3841709576a4565fdd8c736b9fe23c899a1e,icrar_shark
1562,fa308cf83fd4895dc4513a5dfe2a9988fff1913a,icrar_shark
1563,fa3e1d899d908e6b4d47ac5bc9798dc6356ce327,icrar_shark
1564,fa4fd1bb197f517fbf02c728698784158e63e751,icrar_shark
1565,fa879953af4ca27622221e3d096a61ff2bed8d3f,icrar_shark
1566,fa918ba5f2b6594166653e3f3c225329081b32b9,icrar_shark
1567,fac900985f43884c509adf9f58a0cd6930d4e2bb,icrar_shark
1568,fb1435855caee0603d1a5746e228592db46b19c2,icrar_shark
1569,fb613c77d1755984a5333f013ab5ce70bfe5f199,icrar_shark
1570,fb7b88704a725b7fa1a6ea3a85e898d9a1b357d6,icrar_shark
1571,fb82644fc7473d77d0b351879af194fd2d0abdae,icrar_shark
1572,fbe4fa706d80c6b385669be341adbd56f41de6dc,icrar_shark
1573,fc6f987ca15304bff0a02f96223d6a33134adb9c,icrar_shark
1574,fc7a107e65e11f2e4b25dbd4b6ffd0f6ccd603e6,icrar_shark
1575,fcf41b3a08677bdc9f6469fda1ac776a522afbca,icrar_shark
1576,fd00bff16662cf5b5df2eb386b8448f539029b84,icrar_shark
1577,fd05939728013a9d07215616d5cd1efc91ac3a75,icrar_shark
1578,fd1b3055db35bd9a2d84ad6172f3d61c072c612d,icrar_shark
1579,fd2576324714b96020920245d0dc9f0122fd8147,icrar_shark
1580,fd591d9df727671e4742850d57b36b0a6b113274,icrar_shark
1581,fdacadca0e252014125237a53afa8bc19177c58c,icrar_shark
1582,fdb2fb618bcf40b56b6567eb6dbe37ec810f7eda,icrar_shark
1583,fdd92587af5c1e003939428a205eb9686597770e,icrar_shark
1584,fde68a76380783bd4007b324e49e4476c53fb117,icrar_shark
1585,fe2fd10f7ad1a5869abaa4906918d925b70cf450,icrar_shark
1586,fe32ca186436d273ffe1ae8ba249257b77aa640c,icrar_shark
1587,fe60ff266b586cdf5ed71cb691705ac2efd384e5,icrar_shark
1588,fe8244be76628c08379b102485c8ecb4b5802f6b,icrar_shark
1589,fea013660844f02964045ce1c9a6f1938161fc52,icrar_shark
1590,fed9e57831021f16231a385d682aa4341190f9c7,icrar_shark
1591,fee42755f1803288b8858a42b94d8a3e9df8589c,icrar_shark
1592,fef47caadcbc72bca7db89930d75fd2fd75c9f53,icrar_shark
1593,ff263cb21599f09f88e34c7bf08fec465de79f74,icrar_shark
1594,ff650a5047945802e57337a5f5726598edf3e231,icrar_shark
1595,ffb3b86847b62e128fffed241c96c61d4cc1249c,icrar_shark
1596,ffb69ae41b44130f3293a76bbf7b2663bedd0684,icrar_shark
1597,ffdcfda63a6290dd4661f948b4e652273170c901,icrar_shark
0,007941b7377317a84ddf57ec95691cfb212fc48e,yixuan_spectra
1,00b9d65548267fbcd7edb08679d9da8ee0cc6ea0,yixuan_spectra
2,00d3ffde8ba619dc3b99434c4a213090220bf9f8,yixuan_spectra
3,00d813500f892244d63686f2a12fcf5bc5bd6b4b,yixuan_spectra
4,00ea588a63a0ab11c9af3f42a3cb470d738bf1d1,yixuan_spectra
5,0125cfed071676eeddda3a92e5e21060283e99c2,yixuan_spectra
6,013fce326d7c9eb6c8f57220d4c18d9d943865b4,yixuan_spectra
7,014f4d07440d3b15714cc3505f4aaefeeb150be6,yixuan_spectra
8,016e4a05b35d4bdd4b86916e4d3104b952eef33d,yixuan_spectra
9,019033e29e1fa0220f235ee70d3ccae5456af1f0,yixuan_spectra
10,01ebd2b2b4a5af1e721d1b268034bde367f2e3c7,yixuan_spectra
11,01f7dbb2a795b1cfc959bc14e34acfcd8d64ce26,yixuan_spectra
12,0222e973906b9f67364265189a01e6bfbee633ec,yixuan_spectra
13,0240f2e3715de4d8542f084c50b45551498cd2ae,yixuan_spectra
14,0249d084f6744a4605ad38779fe5e8a3dc3a22a9,yixuan_spectra
15,024fa872cfdeb45868581507d43e93e42d73f081,yixuan_spectra
16,02633c287cfc052c074cf4f6a48e742151babf4d,yixuan_spectra
17,02be90766e4e80c32c8be266cf59431d0b1b7e50,yixuan_spectra
18,0303c834993b6572904bd2d22e7f7993f63d4391,yixuan_spectra
19,03109e1e319d4c8f27157ef38decb7558cf26659,yixuan_spectra
20,034416abe93f49d88612c656da4d93c6472fab03,yixuan_spectra
21,038507b687bbe03c3dd2062b0b9cc695edc2f57a,yixuan_spectra
22,03935ca756dc779aac778f2fa34a4507712f8345,yixuan_spectra
23,03d9d27c0f266ed94893d7ad0bec63815c14d58a,yixuan_spectra
24,03e7f6c2e001dc149d6a0714c3f3e6e09c248656,yixuan_spectra
25,04221e85f7879dee67e05de296d909240caad91f,yixuan_spectra
26,043ac01a997518c468d84ddc1bbbe2a641f4ae66,yixuan_spectra
27,0462d9f606c1d5ed5e0fd723b31ca7683a8242ef,yixuan_spectra
28,049853ebd418f129ced93d8dffbbd84fef98fec0,yixuan_spectra
29,057b21e7e19f8ab0cec9d3482a3b9340f8390374,yixuan_spectra
30,0583b39fa8bacb6be3ab5690dedd2553347d56f1,yixuan_spectra
31,059b248cf211fe601d44c39fa13f02e782235032,yixuan_spectra
32,05ed27a04038e8dcb8eb64fe218f23fb106bc5e4,yixuan_spectra
33,0657a473361240116b9e2032ce5e743539b0f712,yixuan_spectra
34,06967e996c8bee6d7a650a1cf2eaa36bb8bf2ddd,yixuan_spectra
35,069f41975e081cbe7f187192aaf8a7f2496bab55,yixuan_spectra
36,06c6e987098a4113e8436f2bd5072c63d32fcc16,yixuan_spectra
37,0724d99a7b96c675059fa18dd70c82de9a1a47ed,yixuan_spectra
38,07ad96742f81b298c632b7d0e960ec80ee070fcf,yixuan_spectra
39,07db3378a956419b8146914ae86485219a9bccc1,yixuan_spectra
40,07e1cbb3ce5dfa32666d396593dcd20c2ae4497d,yixuan_spectra
41,07e9b101e4d73d0c83accdf062c8e4a11a96b175,yixuan_spectra
42,07f89250213d8813c12267e883a74ac8f768ec93,yixuan_spectra
43,084f782b5bd18e963f91ea7874eb242c31a35a45,yixuan_spectra
44,08736286a3d1592acbd6f09cd2abf9601ea00ce3,yixuan_spectra
45,09093f463c33598485a6b8b8fa535bc4bc3a786e,yixuan_spectra
46,092cb5f0eb06c740c9029674426095e797e8c50d,yixuan_spectra
47,0983821582b7739b8d837e756ae0a13a82a841fd,yixuan_spectra
48,09ba19825459731b80bfe75f5ca2e0e5aca97327,yixuan_spectra
49,0a09b369d2981c4dc1ce3be9941d97442626396c,yixuan_spectra
50,0a59c6c59ebae0aa33c725d8f5df38cd01fd7cc0,yixuan_spectra
51,0a8adeab703531d6f7a6f3a9720f1ab2316aaa38,yixuan_spectra
52,0b7f098b62126a0a2d2cc71be4c5a18d1e61d3b5,yixuan_spectra
53,0bcae3c7513841a763b923a6ad6e364078414bb3,yixuan_spectra
54,0bd70231c09e651c0cfcd73e62e0c3cd5c25418b,yixuan_spectra
55,0c18db6b65aa22ca1247587d42a1910696ce5dcd,yixuan_spectra
56,0ceb0978fafb67223192062a0c6e1c9b6d7c3fc8,yixuan_spectra
57,0cf507bfe9fedc33d7dbe6b5a67a5c539e78422b,yixuan_spectra
58,0cfee9f19d200171ee020c42abfc0ad45ecedb54,yixuan_spectra
59,0d75e3a4c3b7426874c781870751679e909f034c,yixuan_spectra
60,0e12938faa7ba2046179745198190f652a43dc85,yixuan_spectra
61,0e242bc75356a49b79fa57c01811a7fbbf95dc08,yixuan_spectra
62,0f5ac7d4d0e01c9c2af59e6dc6a9dd4c518e2fa0,yixuan_spectra
63,0f6894a76b53299c33f9cb5ab3efbdc2617b9d38,yixuan_spectra
64,0f818a145dccc2dbd89e6e0548acb558a9a7e29d,yixuan_spectra
65,0fef8ba1602e73f8e7509bfadd53ebbb6382f5f7,yixuan_spectra
66,104cf6013d717ef506a1498b6e56dd9acc57542a,yixuan_spectra
67,107612482690e4db6fa31403bc16ad912f57f166,yixuan_spectra
68,108564e111f957420a1243cfd06020f057f14c23,yixuan_spectra
69,10e681c456b37d7ad7c49ba7934e009fadeeafe8,yixuan_spectra
70,10f332b738ccf38aa6fc08fb8df5e8f784555d15,yixuan_spectra
71,1136fa9f935a84699faa17ca9cb169ad85d4a0f5,yixuan_spectra
72,113f039acf3c45b46993fb671a7aa9e53989a21b,yixuan_spectra
73,11a1c957435498f2d85bc46b179f26d8b8bc1da0,yixuan_spectra
74,12647bb6ee1808393e574f08769cfa9a71a27fa0,yixuan_spectra
75,12b82d0f1427470417efe508ef4f3cef1dd0289c,yixuan_spectra
76,135e1bea71395bf1e38d16a05b68c00e29673bb9,yixuan_spectra
77,136ddf71e123b5dcdddf85722965b25bc4857a18,yixuan_spectra
78,13d5773e579910d3ba824d3c642dfee02bf7cdf9,yixuan_spectra
79,144241688fcc032cbdb14f9b6d950504a1d00a99,yixuan_spectra
80,148cf769ebe9905d06c4fa21fd0f21acad562c83,yixuan_spectra
81,148d0190ff25c14fb26087250c10a8ba8975d85f,yixuan_spectra
82,149bfdecb115fe4397a1fab35dd2764de4d0c67b,yixuan_spectra
83,14dd8837a0160ad1ac789d56d620414413eafab5,yixuan_spectra
84,15f3e34680abc2c2052622f6bbf4dfddfff3bc55,yixuan_spectra
85,1676a7dd6a40a0236be932bf1cb2002ba2653eca,yixuan_spectra
86,1690f6a0fb040865fd22dc2ba3bdeedf1a46c01f,yixuan_spectra
87,16d0e2c92cbc11c55bd86e1b51065cdf49b56b07,yixuan_spectra
88,1751fad4b2af7efc455c7bfc598bfb832f7f762f,yixuan_spectra
89,17b8ea147635cdc7d4d1b8b6874394b4484d4785,yixuan_spectra
90,17d84f7b4f52855129e194cf57f3c6a1fa1504de,yixuan_spectra
91,17f9d1e30f756a4f1e9f8a4b8383ba0f907412ec,yixuan_spectra
92,180b5ac7d68555295936091b98b9d5f459201198,yixuan_spectra
93,18d07a0eb007898b66fe324364e379e3f47bb018,yixuan_spectra
94,190a95a8437e5b4f1a75580a7bf871454099566b,yixuan_spectra
95,190e716ae9588a298e5bd4323b0b492c6f4a06a1,yixuan_spectra
96,1965e52925511ce2db742485a10f9cebb6a636f7,yixuan_spectra
97,19777c230423fd176b428765f71d1261bcb0d44a,yixuan_spectra
98,1a46bc10146a2c35a35c1c2554359372609464d5,yixuan_spectra
99,1a4d669ed0a00178512aca2fac1de390ea44b0ae,yixuan_spectra
100,1a5adb15b9c4186534316e4938f469f18eccfd65,yixuan_spectra
101,1a9ded2d6062ef87f7457dfd4bded861806852ee,yixuan_spectra
102,1b27fb3942e8e54478c9a4266407d9071a5bdaa7,yixuan_spectra
103,1bc3ad23284f9c066ab2f928e141e294b22e5582,yixuan_spectra
104,1bc973eb85d7197a3112a7156da83b1308d78f45,yixuan_spectra
105,1c0fc5c46ab4c5ea721facd5590008ffa50297a0,yixuan_spectra
106,1c24dfda101c9ecbf02482796574bbece8003614,yixuan_spectra
107,1ca85c3f2ea84f57b3ca444be65ba6a7c13d7f85,yixuan_spectra
108,1d3f715c9403daebd60c8238a23d27b5e490267b,yixuan_spectra
109,1ddd4f39c849661f2dd6fe7e630523cbdbb2c2f0,yixuan_spectra
110,1e204a2a62b5566e1b9ce8a863dbd75354763418,yixuan_spectra
111,1e226875261d375237b2b298350f6a86a7b1b3cb,yixuan_spectra
112,1e7b5ab49963ac05dc400ab8dd4ef94c73c8f1e3,yixuan_spectra
113,1ed7183ec6f9b0fe413dfeb9057b540a8828c607,yixuan_spectra
114,1f4335bf4eb657001c2cd25fb2a59fcce485dd79,yixuan_spectra
115,1f4dd525d51b980bd0581d59a83546aaab799645,yixuan_spectra
116,1f53e26d2242cbd848cd5741f2019a91d893a9aa,yixuan_spectra
117,1fc31f447de69434271dd8c8f181047b137131c4,yixuan_spectra
118,1ff724a31f3ebfbcf983c39d0650fdda73da1797,yixuan_spectra
119,200bdca3096ab4ea028c7d552dc4da5e75f38e99,yixuan_spectra
120,208b7f1abecdd89d8911170404dacd4d8a874053,yixuan_spectra
121,20c65d2a43e2ff2a6f90c4956ac08f630944eca5,yixuan_spectra
122,20cd025c0e3c2b7ca634bbfbb82c2889b8a0aa41,yixuan_spectra
123,20daa9b99ce3dc9e25cd3aef241777b16af8705a,yixuan_spectra
124,20eee38b0400b18be9a810577455e5f15d3a9c53,yixuan_spectra
125,219f9f061bb4239589680418f12da43a7104a9a2,yixuan_spectra
126,21e2b59d6c98366c500324b872423bad1753caf8,yixuan_spectra
127,22529ba7101099aacf83d358b888c2d237a1c4bd,yixuan_spectra
128,2264034f088d64c0e1a1ce8ff595714c725e84e5,yixuan_spectra
129,22aa4cda7b66cb02276707a7fb109ef32f58083b,yixuan_spectra
130,22e927d50212abc168de1367db18df141fb94fad,yixuan_spectra
131,22f0efeda9cf78642995e23f0cbaf84a2a0beadc,yixuan_spectra
132,236b1ef99e18bf657776f5b89f2c149923827df7,yixuan_spectra
133,23c390ef5469be43874d02587fbb5a3ed2342aaa,yixuan_spectra
134,23d50fa8b47e3b813aca91065d86443c353708c2,yixuan_spectra
135,23f4424bc79571a86153153af5c0312ec7068594,yixuan_spectra
136,251d9e6c41c593d646c96b4295838edc8e6f5427,yixuan_spectra
137,252f1950a32b729f66eb48ff39d8b07cfa312f07,yixuan_spectra
138,260e1c197b89223e4d659725d4d9db94c5944ff4,yixuan_spectra
139,2632efbf6dcffc459d1baa8df77331a17e8d0af3,yixuan_spectra
140,263f494f67889909df14897450ca07a4b43d21c0,yixuan_spectra
141,2662b3bd566805cde04438bc384b8f4897351396,yixuan_spectra
142,27169626cf4420eadea44ca90375ce77993d8093,yixuan_spectra
143,2737173532758a232318418de5d7a72e57eee123,yixuan_spectra
144,27eee49a143c2ee6845b9392d4f0afcf1cd48386,yixuan_spectra
145,284301b921092e094b1181982aea722fdb03a685,yixuan_spectra
146,28ea9c8087e603cff74871ec332526af2c2e4b00,yixuan_spectra
147,29ee8dab5a4d6f8e71e04e875ac93cba03149e9c,yixuan_spectra
148,29f1548a3cdb4c5d45c1098497704e9fa744e9b6,yixuan_spectra
149,2a135104dca447914ad5e807a55d658b8fd22aef,yixuan_spectra
150,2a1aedc5fc4b1e496028690e169466f38555cca4,yixuan_spectra
151,2a9173cef69d60142dfa803d6305f3f0de85668b,yixuan_spectra
152,2ae20e1f7f78023618da2e67fbc7c307737694be,yixuan_spectra
153,2b1174eed389da71d5a75f5abf12221b5ad1f3ce,yixuan_spectra
154,2b3d6c789f38b1e552038f70d075ccfe2e4b28e4,yixuan_spectra
155,2b632bdaccfa97da067e3f65a6401a755d9123c4,yixuan_spectra
156,2c5a45271e6f925a00d303786ed19847b475ef63,yixuan_spectra
157,2c76e85f8fc076de44bbe69d374580897e51beaa,yixuan_spectra
158,2c89151ed3cb16e3894b34b428cd668b97f7eb6e,yixuan_spectra
159,2c895ae4583eac137eba29876a8089c255841c25,yixuan_spectra
160,2c8f8d7350ab187442ed97038015eec8fa474ad3,yixuan_spectra
161,2c9f08563795f09b7da95d0fbc36cb54588a552d,yixuan_spectra
162,2caf6f776dfe35ee3c0e41c2078d15b902ec939c,yixuan_spectra
163,2db17eb0cee6ee0cf145209be5947793c0bb21af,yixuan_spectra
164,2e45333510e72ec451234384ef86c66eb9226490,yixuan_spectra
165,2ef435edd8fb23433a5a6ec59855e946ce9c07c0,yixuan_spectra
166,2f235d99c24ba35b5deab99d7c38fddfbb13af17,yixuan_spectra
167,2f3be602dd960c08e3c55741c0c1e13128ad9ff0,yixuan_spectra
168,2f48d493879dd077395cae116a84a63f213fa105,yixuan_spectra
169,2f9c1eefdaca5afcd6cd2922d8cf95b24983221d,yixuan_spectra
170,2fdf2cee2b25290291cd5772cf3f8f5d522fec15,yixuan_spectra
171,302a62fab16f743a51b7b56eb2584f084ddf330f,yixuan_spectra
172,30b9def8bbc528b55c4abfccb7c87dc5ff7d3a93,yixuan_spectra
173,3133be5cc3c6a7f442a0623c2ecbdbab3b34e9dd,yixuan_spectra
174,315842a264d32a5568b6d5f1fd7a59450956eb45,yixuan_spectra
175,319509e3ea6dc68efca213828a83706aeff22bdf,yixuan_spectra
176,31c6bb3a7784c5190efd011d837776a783cd9eaa,yixuan_spectra
177,31f621b5e57575bf4eb1075acbcc9f3265bb9ffa,yixuan_spectra
178,321a23b43916fcee401495fec4e80c94b97530af,yixuan_spectra
179,32822ffe2a80bb248e52993c203a95c3ffccbd94,yixuan_spectra
180,32895c07cec0969ac90d1dc4a7803378451a2729,yixuan_spectra
181,32bd4939ae670c7168a84eed973f74d89dcc39b9,yixuan_spectra
182,33373c1467f7c98874204f234411dd02b7832f54,yixuan_spectra
183,334b478a8090ca72a4e62ca6ca303de9f4d0e10c,yixuan_spectra
184,335ee2c2e31361e18e81874916ed9a1bfbe01345,yixuan_spectra
185,339ff3d0697945fd03cfce2ec32f4a47763fa949,yixuan_spectra
186,33a88eb1f8af243b79b791b4042c1ad304d5e1b1,yixuan_spectra
187,33bada1db55c6bde79f8f41b8bdfb70dc18abb62,yixuan_spectra
188,33c12e55b5aae142c9d1737a2ea82b9ab6ab0100,yixuan_spectra
189,347213dffd50a41a761d8bf870225d5aa7753514,yixuan_spectra
190,3585bba8adfc7328641ad1c2609acf658ee14e36,yixuan_spectra
191,35a2c9f12ec14c67ec49f4bedd73743c4e9d9883,yixuan_spectra
192,35c4170f9bd69022216a4c8a235231d81df68990,yixuan_spectra
193,35f7ac24012019b6799c4a3c6042f06b5b99fc8e,yixuan_spectra
194,362abf93437b9b6ac88cc0dc92c407c7a7eca939,yixuan_spectra
195,3678f2f949128977c22303ddee278c7e125e49d7,yixuan_spectra
196,36a3fcf5699651a895e04f0ae81acd4e8b2eed87,yixuan_spectra
197,36dbb8d52016c74b20c1c9604b46353d8288b0d4,yixuan_spectra
198,37b9a7d1d3345bb86da19a79d9f532636086fa7c,yixuan_spectra
199,37f4ae597ee2b6e7e87d0e27c0a77c47865fade3,yixuan_spectra
200,37f57cf0106c6a4bc089fc62e4e7e432bad57e01,yixuan_spectra
201,38278e6a5f5d7b3a003ea787b894e97f9e4c8bc3,yixuan_spectra
202,384d00dcd92bddb1a6a7bba0e1a3ddd6e5bf2ea9,yixuan_spectra
203,3881b68318a9517c7ff9a616a1c404b44bf04aa2,yixuan_spectra
204,38c195c9a0a50e5227a6fc8c3f057ff30c0a752e,yixuan_spectra
205,394b6dca2ceeee6dcc82df75677999374f062f37,yixuan_spectra
206,39b07ff4e17a63a4c26524bf922eba4662846587,yixuan_spectra
207,39c3678a5131b82da3487a71ffc349173f916cde,yixuan_spectra
208,3a4baad968af199cc0686c581ba468d22c0e406a,yixuan_spectra
209,3a71b34d189db1459c9f5985dd47601bd94ce70d,yixuan_spectra
210,3a74a11178a7ab287e7e4d735b0038f5cfb78115,yixuan_spectra
211,3ac30d2fe032808e7d044a508cdb5710e8d62aed,yixuan_spectra
212,3af56416547197e28e5a9049fd3a56d8bd49fb5d,yixuan_spectra
213,3b28a4df47aa6c6a444b9c782a112fee2ded4717,yixuan_spectra
214,3b3565f52e7751cf84abead04002338dbc905479,yixuan_spectra
215,3b89f693ab4f39edc5a0c794bb1590eb5fb2cec7,yixuan_spectra
216,3c0cca57f23ee76fbe6a8698d196e37150d8a474,yixuan_spectra
217,3c0d38387d9f085f6950c0308c6313db76e0e49d,yixuan_spectra
218,3c7de15e44e8b6becb080f658a5bbe4809c750ec,yixuan_spectra
219,3c8c03e341fb71bbf5318bf8892b8f16dd1be864,yixuan_spectra
220,3cf8fd46060b06d7a6ca27fb763975831c56da26,yixuan_spectra
221,3d7ba1bd07aab253e589f68dc4a0fd2d2260340d,yixuan_spectra
222,3da72c062c87285229373ab853585dc4f657e6b9,yixuan_spectra
223,3df8bfbf9f0276d71c25e68b25d22cf74819b416,yixuan_spectra
224,3ea26ca96c77df8b319ce187e8bc0fc270ec1a4b,yixuan_spectra
225,3f17a681637fec40a8860fdb63e0e45179ef86e3,yixuan_spectra
226,3f1b3e129c51278f91476b2a0713fbe72843b2d5,yixuan_spectra
227,3f6f6674ac6f1867b4c8fd86518a627f2ef356d9,yixuan_spectra
228,3f775dfbe5aec4b2b4f149e1b4b3c44ea281b503,yixuan_spectra
229,3fd3cfcbb93f64760ec713d9d620aeb3e0c80d44,yixuan_spectra
230,3fe65ac6ab8b7bb5389322a322ddff73254cb5f6,yixuan_spectra
231,3fea254520348a4fd14fd2b3e3595da35aa21068,yixuan_spectra
232,40342150315eea178ff08cb158d1303b235846ca,yixuan_spectra
233,4080a1b4d43fe347d77880d58c4a20e343eee8c4,yixuan_spectra
234,4111c1ef430e5103d87ed760c3a2bd666d7e8e92,yixuan_spectra
235,411c3815f11f6581f8ca1a7a3fa337e404dbd5f9,yixuan_spectra
236,41afe9aebc8dec6bba63127994947acb656ca944,yixuan_spectra
237,41d05315636c353fd3982898bc15c40ea5bad4de,yixuan_spectra
238,41d6b3188f38553ade55aba7cd483cc54f7f2e1f,yixuan_spectra
239,4215d760137ba0806df678fb8f8e6dea90e765c2,yixuan_spectra
240,429dd1edeb5e47e166c605ec38ab11bbaa746c72,yixuan_spectra
241,430827b7a4cdc824fb91dddcddfc9327ab00547e,yixuan_spectra
242,43679deff0996ee7c22979c813d039fe0f922055,yixuan_spectra
243,436bbb3d2b36ecf635a0bbf8a496a7c7f129e52a,yixuan_spectra
244,438370b4c25ece11aba5a8591c4c8dafbab4c331,yixuan_spectra
245,44a63dc57d15cf2cbfc236b43f08d220b9ef2564,yixuan_spectra
246,44ba9b1a08503c8b279cb27a03f716d220308f5f,yixuan_spectra
247,45179cc0393bb72d82470f67dabcdeb52946e06f,yixuan_spectra
248,4552595aa2e253156d47f2449b0b6249d647eae0,yixuan_spectra
249,456d3a7cfb41a6b213b144d6aefd9500249add99,yixuan_spectra
250,45d0f0273ab7f82f141462ba1da8a16ad59bde7e,yixuan_spectra
251,45dbd6df431b30fc8602f33162de75491f14cb1a,yixuan_spectra
252,45df58a2eb7ab54fcc13ddf0c30aa18ca3f06b5a,yixuan_spectra
253,45e4653457594f66188eebd3a4c1cab657d31650,yixuan_spectra
254,45ed53a6ed7ac5c5dfbbc4cfd0a9be6597d6ccfe,yixuan_spectra
255,4621ef0ee596fa0417153b52aa9b2e2170acf6f6,yixuan_spectra
256,462685597d083ca88f3be2c0ea544b3fa07337ed,yixuan_spectra
257,46c21bd7d9467b0b8c029c7059df4d34e199d52c,yixuan_spectra
258,474487ece512b5255d2a5ab49ea2a328a28d48f4,yixuan_spectra
259,491163d897ac8471c510e225c14aca10356916dd,yixuan_spectra
260,49889ac36c9c12d639372043c5f685650ee951cf,yixuan_spectra
261,49c933933c14b43d88806438a8f1486dc3171427,yixuan_spectra
262,49cbc298d7acacf7d8b76c0e63b5e42ba19b6168,yixuan_spectra
263,49ee9a3c09f4f695d290f7de2efa2ef55f273302,yixuan_spectra
264,49f864cad206740eb21ece590ee58c5c5f6a65be,yixuan_spectra
265,4ac2bcd77afe229cd0d3cd5c4b867dafec9b3219,yixuan_spectra
266,4b5dbdd5ddcc805f236529c5341d5ffc7412c228,yixuan_spectra
267,4b76fb0b06abe2e33c3b02b9636172c258a8a032,yixuan_spectra
268,4b97a1c37f5169fcd6d7282eb41f524b91a9d54e,yixuan_spectra
269,4beac0c8a5b5df7a13f028ab9680a7329125ba5f,yixuan_spectra
270,4c1f4dcfe7471814ff28351cc17ba4bc3d1f5656,yixuan_spectra
271,4c24ce2b2e8b8ba498f39f8bb34e9926d5aec817,yixuan_spectra
272,4c297c951f1c9a633cb64429364a7ac8d680cafa,yixuan_spectra
273,4c348a86fa5cc1b22fe148a043c3cc558022a345,yixuan_spectra
274,4c9ff327a036af1741d7c5166e4bf327d22883c1,yixuan_spectra
275,4cdf8758ee0e2149b917d7d298e3abcdd8b0d56d,yixuan_spectra
276,4d74347937e6a6c0432d77a2e25119996d021fc6,yixuan_spectra
277,4dbbc56fc42d293c950a8e12112a662450c72bf8,yixuan_spectra
278,4e0517d91cc8d1eedce4e773b69c51bf6a295840,yixuan_spectra
279,4e56a62e1ee32afed873af0f4fdc910741de4896,yixuan_spectra
280,4e78c9d88ec772a7d0640893e031246c938351d4,yixuan_spectra
281,4e8c32698a3b8f68c1f67e639df511fca6f593f3,yixuan_spectra
282,4f01d7ee77d11d3ea47fa71f6b074a2722d2e555,yixuan_spectra
283,4f59e1bfd8c841e5cdba92ccd416da32f61e0705,yixuan_spectra
284,4f9f7d5d2a7e6ece9415201fb1d2f59fe83240b7,yixuan_spectra
285,4faa3fc6ae1d8e66e97433201ebbdd34d99c5dea,yixuan_spectra
286,4fae847d10df8cdedf83a6ecffdf47a292317326,yixuan_spectra
287,506ac69eb89bf14e53729a6ba4085c65cd789662,yixuan_spectra
288,511092be3c2b3117d7a5658f9cf5ff9327791950,yixuan_spectra
289,5118245f1b351616960c250192f588ebabab46f7,yixuan_spectra
290,5124e735e96c51c2c6fd1cb7ce6a9c707f251468,yixuan_spectra
291,5138871d84d834e91215cae0f53f76fd1cc887ec,yixuan_spectra
292,516020a0cbe0cc35c2f90e480b49800ef3ed43fb,yixuan_spectra
293,5165052a49110a82a6ca983311eb19a9aad30b13,yixuan_spectra
294,5165993e62794a4a34185a91899dec8eeff91f76,yixuan_spectra
295,51e0f16774a1b16548a8971998ca6f3ee249db45,yixuan_spectra
296,51ff3dcb3d9d753974e450142c6bb7db6d70a6f5,yixuan_spectra
297,5222e862bed5b4f349f27b3fe8903d0fac35fcf1,yixuan_spectra
298,52c6a3b37c3f685c73158568b9aac0077eecff30,yixuan_spectra
299,52e11ceb48ce4189135bdfabe586978c271bfc39,yixuan_spectra
300,52ef179eb248d371ffb33446513092f150f499f8,yixuan_spectra
301,539cfc35f09ab4504299f29e0ee8c273b0824ada,yixuan_spectra
302,53b03daa862fd33b59ee40d769a9f2e55e015d1e,yixuan_spectra
303,54331a4d4be4b68b1d71010dbf11d899447d2fd7,yixuan_spectra
304,543f4bc9712a4a5cd641076448af5b06f9c41dfc,yixuan_spectra
305,54f31e73767a0ee5b533dee02728acbe5f0277ed,yixuan_spectra
306,553c62d5a97c459f07d9c76dbd80651723f8c3e9,yixuan_spectra
307,556cdf8a9a98857837b16e2e8d3fd4740f468def,yixuan_spectra
308,559351cef2cc41acecd01f8cf54a03ff512e435f,yixuan_spectra
309,55e0123e5b8a86ff8576fafb90b69469089f4985,yixuan_spectra
310,55f104552d37611771569ec9a5c1d01a4874a7df,yixuan_spectra
311,56606f49311539d34da61efa48c2ad5b5c5c3636,yixuan_spectra
312,56d6c10fea59e5fe9e2a7396fc78fee74a939e3e,yixuan_spectra
313,56ebdcd38be013d3b52077b66ed26c7985acac52,yixuan_spectra
314,570a9dd0d05e9fd391216f6c394a266829688135,yixuan_spectra
315,5717476bf420adfbd8d055d6c5cb09489b774dff,yixuan_spectra
316,574aed3ecded06c199eda1895a5659dd4a9b0501,yixuan_spectra
317,579298de1517100048ccb001a48ce3c6a8354c94,yixuan_spectra
318,57bb75681407800e20fefcafa32b23e08272c289,yixuan_spectra
319,58b402c0da47c3f774cfc4f635dfe99a7f44fdff,yixuan_spectra
320,58dc588d9494d9753ec0e035248606b2c7cb6c9d,yixuan_spectra
321,58eaa240a12a8e9da6a48e9055a89f6fdb533363,yixuan_spectra
322,592b6b7f709295ee1c7ce1dba35749564b283999,yixuan_spectra
323,59f32778f07b2e11e77f5d8f0a9ff4ef3c1ca939,yixuan_spectra
324,5a51b0446dc4b442512228800ca55deee8dc28b6,yixuan_spectra
325,5a585b99c0f51c7e516772b041fc715389126202,yixuan_spectra
326,5a7db5c311d110dbd390d2aa47c18df75b7b62fb,yixuan_spectra
327,5a92a9515bb07edaec4c296e01420f0dc0389f5e,yixuan_spectra
328,5a9ec2dc056a1382a65a885bb1cd377f3bad1146,yixuan_spectra
329,5ac95de43d76c13d34c6a98a659fb732e18c0d1c,yixuan_spectra
330,5b1e11dbb72c6fd6c3adaf92c86fc1707e5a4147,yixuan_spectra
331,5b44955c27ca6059c0b5de42f3438513d0c8fc09,yixuan_spectra
332,5b5c24122f3afff33bc41d9eeba74fb9e8df8b29,yixuan_spectra
333,5b93deebc36506a0084b19729e35fda152f912c8,yixuan_spectra
334,5c6eee20cbdd169ee1b61d8e6fbef31bc45b9c1b,yixuan_spectra
335,5c8d57af5f9270b8effe2eea7abed448a185629b,yixuan_spectra
336,5c9d8b43f533c086c37761e615de070c1a039134,yixuan_spectra
337,5ce44e415d484f64090ac9d6fdba93354d274041,yixuan_spectra
338,5d4c08f0f78bdb9f1cca070993a2c888aa52b095,yixuan_spectra
339,5d77867226c5afeb2a75be76237d327faf1c0deb,yixuan_spectra
340,5dbe0ed67e6de9e7a634e02209839ecfac4badea,yixuan_spectra
341,5dc26cb925d0aefdde40db739b5f7abef1d2647e,yixuan_spectra
342,5debd56c3de5bf731a50220983b21f670ef6ba63,yixuan_spectra
343,5dfc91fe7fcc4afdc042b6640b2700cdf02d8f56,yixuan_spectra
344,5e0373ff9ecb262e29b6f0abd9ab121d38783dfb,yixuan_spectra
345,5e99591db9f13571f4ede506980a4c256ed27265,yixuan_spectra
346,5f20785ad38c104dd8e0c3db2514fafa58a86fb3,yixuan_spectra
347,5f3c0ebef82c59eaee16be0e2fb9ac94a02fa14b,yixuan_spectra
348,5f8ea3a585504ce0eac341d33a48ce3b2f899306,yixuan_spectra
349,5fa44f3e44caf2805d1fd9128dea67376ed7374e,yixuan_spectra
350,5feeffbdaaf7c10fa97ceee153c4b6c83452720b,yixuan_spectra
351,600c3aa9124792aa114738d17c6549342714ed07,yixuan_spectra
352,607862c882a32061469d690d89f57f43873663a3,yixuan_spectra
353,608574a3de9baeb155fc88a5f1cb81e6ab94cf3a,yixuan_spectra
354,60a7b4a7cfa6463a44ab2479e28e6819abd386f5,yixuan_spectra
355,60f6ed810bd84ba9ac45ba72a47e221ee0be018e,yixuan_spectra
356,610029919888eca71063547e52fb42c374c52ca4,yixuan_spectra
357,61960b391bff6bf7dfd4aead903065cce23e873a,yixuan_spectra
358,61f14a74d2ea218a2fb8f5bfc5f0c2c79f27cdfb,yixuan_spectra
359,62879b8d2c8dcc4f5239acdf745cea2396d58bc8,yixuan_spectra
360,629a36ec125803ed43d32d7345a01202513329be,yixuan_spectra
361,62e43ce66c96652f0e53c9fa824e48b8a88c6bb5,yixuan_spectra
362,630614eb6efce50da4402074149eef7d193c77eb,yixuan_spectra
363,6357033dc8a1f9c59f7c585d7c408c587034f786,yixuan_spectra
364,6367642812e8149d9e016383dbe791d1f3c429a0,yixuan_spectra
365,63d107d9fe64ef173ba5fdb3efd296bd0fa591dd,yixuan_spectra
366,63e2e6e980b21d983cb92d8f62cf5e29bc811b9f,yixuan_spectra
367,63fb6b5b3f6b39a2802f966310c705535d850049,yixuan_spectra
368,643e353f54235f6046255337532cee4f9983d6dd,yixuan_spectra
369,649342385737ca47f083522e3b8507457d54b607,yixuan_spectra
370,6584bdde48492aeb720ae3b24482b9d10302bcf6,yixuan_spectra
371,65aa0853616ea0587417cf8a9ea2afe4c1d1d36f,yixuan_spectra
372,65ab3f51bc9b640721a1b23d83e1c6725f5171ad,yixuan_spectra
373,65e9008be02069e68c1adab049d8c5f39b882e06,yixuan_spectra
374,6654cf566ac8fb18d528e49ab71bc9c090bb0552,yixuan_spectra
375,66c2e05a2b2001475465f617c80189929cf8aa1f,yixuan_spectra
376,6725b9745a89f71ce1c4c3c1cf4eb8e6b1079cd5,yixuan_spectra
377,674922ac62716a4085fb2eef53d9e312c3d205e7,yixuan_spectra
378,6763475ec05752bd12509cda39f6ad61403517df,yixuan_spectra
379,680604ebed62b712927ad4b0a9939dcaeea5b665,yixuan_spectra
380,6841bcbacaa0f0a8446210314e682057a084be4e,yixuan_spectra
381,6896f8d93f7682fb994f1b3ab77e1970e52c43fa,yixuan_spectra
382,68ac8da5637ab4505c3e2badeedeffd8106faaff,yixuan_spectra
383,68c31e2d553e03e17cf563a96bea4a615d408918,yixuan_spectra
384,6916ba75b38c0ec536d12ebf0374e87b7062801b,yixuan_spectra
385,6a5ea31e6bef344cdfdfcdb63eaf4334b7f6ad1d,yixuan_spectra
386,6abbba53219f098d6aa9d593d0e3a86a0083c78a,yixuan_spectra
387,6b06977b4bdebe14a9b3f44829a9fd71edabfdf2,yixuan_spectra
388,6b22c1985eeea9c74ab604bb6cdb028a0f1129be,yixuan_spectra
389,6b9d763f2c16c8da3779675c51983e1fa3cc4b01,yixuan_spectra
390,6bb945dc7b280ab620480eaae7b5be2065ebc4b3,yixuan_spectra
391,6cb6885cf56ba95cd135c0a1f4ed34654c285201,yixuan_spectra
392,6d0dbe968e39d234acbe5e47f7bff86d3bc4ad13,yixuan_spectra
393,6d24f66a349e0e6913708cb70eb4deb211921f74,yixuan_spectra
394,6d2881176595aca1a678847362f151d01e3713cf,yixuan_spectra
395,6d51940e819e934a1f939b581b6eee0e83a901cf,yixuan_spectra
396,6d5b6ac617d2b606ea19f4d20c864fdeae85a6ba,yixuan_spectra
397,6e519bad8c992b8402639bcde48680736b9cc147,yixuan_spectra
398,6ef56a93d0609b348284e182fa05fb2fc9f045fe,yixuan_spectra
399,6f194df5984c4c6a96c14233700cf3e59b2009e8,yixuan_spectra
400,6f97d87aced32425c7bff8802f66c5fed403d8c6,yixuan_spectra
401,6fc6f64d64f3908f8e90c1425f529779b270bf01,yixuan_spectra
402,702f5f2ac2b75c35527ef2bfc04fb82d2159e0ed,yixuan_spectra
403,705354092180313433b48c12a48a92c4a97e2720,yixuan_spectra
404,707ac54795cf7dfe6f7d5c563060295a8ba735fb,yixuan_spectra
405,70ab89604669919e34c9e862bc8459c631a33932,yixuan_spectra
406,710dd3ddf395c62b11c88a564685bdc26be2697e,yixuan_spectra
407,71561f55642bf6adb726c64b05d396d67b4d2812,yixuan_spectra
408,715c56063ab6cb3e148375547c024ec89f849106,yixuan_spectra
409,71ed57ceacb0a655a26c13dcad1243dc550edd52,yixuan_spectra
410,7200e1a236f786c5480a659e1515d816c604fa3d,yixuan_spectra
411,72011f5a17a29fd62f0ffb7de6ace84770b91a0e,yixuan_spectra
412,7223d65b403f52bbe3d13564307cd41c25d57131,yixuan_spectra
413,72493999cdf166bc85d189448c97660bace27f19,yixuan_spectra
414,725ed5f60759ddf4e5518fb0948509f7bbd88ac2,yixuan_spectra
415,72767462f03a0741953c85852434b1b4753cfe92,yixuan_spectra
416,72eb781b2302b17606bcca271e602f14cef6e494,yixuan_spectra
417,730091aa7628dcdf960dc1837bddde7c5b2af1ba,yixuan_spectra
418,730695d21d866a1c2881f6da84029c36f40a52ac,yixuan_spectra
419,731c5cf9efb8917cfa6fc712a6c5e2c8a38fd4d1,yixuan_spectra
420,736feb5d7d9e70714a8b634ca3a46e7dfa0f3b65,yixuan_spectra
421,738ad4e4c9aaedc27d1cbd3acbe0b98153d19865,yixuan_spectra
422,73cae07bdd795142874125d20f6cd1358dc95ec2,yixuan_spectra
423,73d4351e1fd32ae4907a8d3f70eca7ee827c7861,yixuan_spectra
424,73f2456cff8e6be87469cc3543c1759b0fe59e90,yixuan_spectra
425,7448bc3086ed7b9073e7c490d9801349ea65e596,yixuan_spectra
426,7459d61ed96e556cae7bcdd5d489fbdd52f7b29a,yixuan_spectra
427,745cff830cb61e3a2fa73526e0da5750144d9902,yixuan_spectra
428,74cef7b098c65a10c39926174012e20364be6ed0,yixuan_spectra
429,75566fa4ce04e01fb15959b161c452e51bb3a9c6,yixuan_spectra
430,756a91070dc9fc3863f21ce6b89959b874190775,yixuan_spectra
431,75caf63f73846d613f107af6123bc6adef5667a8,yixuan_spectra
432,761d14f06ae655d9114fce1c5bb899aa87ca2521,yixuan_spectra
433,7675b899a1c733fdd0e3ddccebfb39ba3c046ddf,yixuan_spectra
434,7690c4571d380770769a9a0bc294ac8a2de94663,yixuan_spectra
435,76e94b5485d91266ab9318f482a7649ff84d9633,yixuan_spectra
436,7708f813335fd394ed903f53766476fad6612884,yixuan_spectra
437,7778f6fae4fa24ef84ca199900d7a980e29d3b80,yixuan_spectra
438,7786805790dba474c95e487a09bdca74bb59d4ee,yixuan_spectra
439,778d80a67c5f91d7c7fc2d0e49bfde140f628e6b,yixuan_spectra
440,77fdcc91fd5f5b305dab417a5820ba228f1427f0,yixuan_spectra
441,78860a7d3e07e77c6abf554ab0992c339571f75a,yixuan_spectra
442,796af094a8acdf365a77c7dd597721c571fe000d,yixuan_spectra
443,79aaba307b2d337ffcce01c217b2d36daa5d7f25,yixuan_spectra
444,79c43d2b27d7593c158f0f87bcd4b51d3ddefe72,yixuan_spectra
445,7a83fbda800fb8a9ab12bd9a9463f98248596729,yixuan_spectra
446,7b2b4bb86fcdeb36f97b52479409a6abf47ccde7,yixuan_spectra
447,7bb6c88ccbb36cc532f87369f5b580a3f8434511,yixuan_spectra
448,7bd8cedeb671b16cc318272fe6adee05df4aa62c,yixuan_spectra
449,7bdec45dade1d5fe8a7cea58e37414e4245d5700,yixuan_spectra
450,7be8ebd7f2d3613d1533db2ace70f189543102cc,yixuan_spectra
451,7c167cdd6b7a9f28fa557473d8cc97d5ec85ddc7,yixuan_spectra
452,7c18770c43ba9da543e1cc637afa76b7a0eefa31,yixuan_spectra
453,7cd4aad5dc0d4ab1ab1031ff3c925b821983bd5c,yixuan_spectra
454,7ce1d8532b9e8601242727f75a1e2930dc811007,yixuan_spectra
455,7cfccb9148eb55bf230c9f9b4e070abbbeb2e926,yixuan_spectra
456,7d1bcc4229658be3e4dd50ea78c1a18af2c0376a,yixuan_spectra
457,7e06283710d42ec9a4ac7e7499d8ff8b14e6bfae,yixuan_spectra
458,7e0b41be7971e3677855ca18419bd0ef6603a233,yixuan_spectra
459,7e82e835cd3021acc4778babf76c39d598307bef,yixuan_spectra
460,7ecff026f085de323c4485f8b18767cf36c863e2,yixuan_spectra
461,7ed2711a2888eda6ecd15352014632bd146e3d64,yixuan_spectra
462,7f21a6aab9baca9093493ac104ad50efd8862ebf,yixuan_spectra
463,7f330b13c1b2140d4c4a1e9aef91361c613bafac,yixuan_spectra
464,7f36b012bdf8a6ee3209033a8bedef5cbfa7b5f8,yixuan_spectra
465,7f4fcae81e0b47139de7c172d6249b0fb9b796a7,yixuan_spectra
466,7f6e7a2783f3e41c47cdaf291d0b118abfbfa430,yixuan_spectra
467,7f85d556085025c7e160713dcd0b49995840a896,yixuan_spectra
468,7fdab971ae545d74ff5eb12be3ef4342e9804729,yixuan_spectra
469,800014f3e812587785c7bfd32e6330f38b112f20,yixuan_spectra
470,801af6d5589460d4f09162edeb8a6f72eeced0cb,yixuan_spectra
471,802acd0b0d0f174088d8b9c16ddee9040de4acb7,yixuan_spectra
472,8036182228fcc0b2d875889f15ffe6fa574a4491,yixuan_spectra
473,80ed64cc2a072725b23108a26845940f853ce1fe,yixuan_spectra
474,8110914cd189841ff7d6260d369635ed513efd8b,yixuan_spectra
475,8115b377b48a0ea47b0478661ad8fd79f6d74803,yixuan_spectra
476,8164080a2f59bc1d8fd7e8d893a4b06163bdd387,yixuan_spectra
477,816a801ac22bb0a0afcf34e3cec9a744505c0362,yixuan_spectra
478,8183aee95a6b4d877172846f69f9b799d7eb01cb,yixuan_spectra
479,819cc48dbaabbab8d7cce7160d25f203d15a7513,yixuan_spectra
480,81deee98a2c4ab71b5cab03fe0ef169a26b57cee,yixuan_spectra
481,81ed66ed2e8e9dfc41e21d6acc9285578bcb088a,yixuan_spectra
482,82dc346d54f75121795ef2a99ff6e0db377683ac,yixuan_spectra
483,832f67959a7de0123a51f7b911affacb7be54182,yixuan_spectra
484,8345420fcd4f1f9505b56867baad631db0a8daf1,yixuan_spectra
485,83acccfb40d3f7ef833fdb4d38ab9791529791a2,yixuan_spectra
486,8411d62cc893dafcd7258db0f6a39bad519d9223,yixuan_spectra
487,843da688c53ee8ebab5dfa8f42d0300975391f94,yixuan_spectra
488,84cb8b1f06e29efe5dd71272661d031f218f5618,yixuan_spectra
489,84d3a49c65a4850e0f5213af604a9cf0e6cf7488,yixuan_spectra
490,84e4ba0a790f4d8261b590abc524ea5207c253ca,yixuan_spectra
491,8500b0b15977316f76afc5224e8de0bdbe133c46,yixuan_spectra
492,850d058d67b678aa860bdc1dbcc3ac6c42f2c947,yixuan_spectra
493,851193987c5c6204d36dcd2b315a82f5f5c0db15,yixuan_spectra
494,852e6dbf35044831446a240e46288ccd4c6b463a,yixuan_spectra
495,85900f57aeb7b38806c97d28b9fdba2a76224258,yixuan_spectra
496,862456bf26b5f2a02124e2dd68f8bec618ed040b,yixuan_spectra
497,8630cec1d50d07e52fa45591739bbbf491cc324c,yixuan_spectra
498,866325519e5ac3235da4426d99d8c04f5b640b31,yixuan_spectra
499,868d7fd4b9dc98b951ead313488f102c6fd7b303,yixuan_spectra
500,86b4f9acca592755c7130b37cf48f25645840e63,yixuan_spectra
501,86cd4d18842b221b5560bab10d340305ff15124f,yixuan_spectra
502,874133ca9f07b693c1e4a6410dd34cb8b3e00f20,yixuan_spectra
503,87467a94435a5601260683be12b67dcc924fe2cf,yixuan_spectra
504,8772b4eea75107bd910dafcb4828f2c357194a82,yixuan_spectra
505,87ca148521c6064166de0691678950991aecc47e,yixuan_spectra
506,87ea47c77126fec26107d33ea16d0e5a4ad84976,yixuan_spectra
507,87f9d39c88c84fad460cb20a0054e547aacb3ccd,yixuan_spectra
508,885530a3f3b748d8ee679c0197d9b49633643485,yixuan_spectra
509,8866bf0bc4ecc9cc83662d23811dda183ec5f1cc,yixuan_spectra
510,88af3dd5dcab7271c3f1c50454b3211c117939f7,yixuan_spectra
511,88c3b3048b7f0ce1f8caf75752d50795f4cd2030,yixuan_spectra
512,88dd886351bc597ce8a63098c2c83eeac4a8298b,yixuan_spectra
513,8961a832f830b05994f40620e27aea69b8b200a6,yixuan_spectra
514,897f20b7dc901b9d7e4f018ff86a8c11ed534a9c,yixuan_spectra
515,8990e85dd535d849b52c4ab61521ee7d264eb77d,yixuan_spectra
516,89aeebcc7026820bbca3614ff96f12bfaaeb67d0,yixuan_spectra
517,89edf63586c05ff31f2e92ba4eddf39a1cb46d53,yixuan_spectra
518,8a6673b70d0b7d1d1ccdcd2f54ac2e839e9ffc1d,yixuan_spectra
519,8a83a6bb19eb2ea6d766f21bea2bd8a61c7f98ba,yixuan_spectra
520,8a9bad4fdc91b29a6f903c61d39e051c88466a87,yixuan_spectra
521,8aef23a46dc0920ac8dc67ff415a42e511b02c2b,yixuan_spectra
522,8b42282fc812c68ea6de08a0a0bad0e8ac47afa3,yixuan_spectra
523,8b4c5ab2f558630a3029d968f3e1ea997e447a39,yixuan_spectra
524,8b6a3e3b2b6fc9451766806f631c534bb7e18956,yixuan_spectra
525,8ba37b709575aa05a3b9df8dc85b9ed33b5516de,yixuan_spectra
526,8c0d7c5886f5b2136c69f33ff01fec028bd22d23,yixuan_spectra
527,8c61c4fd8b481345920ce2f8235b071b3595e66f,yixuan_spectra
528,8c7242e08f0fb7f6a0022cfe232e3dc5b5bd4eb4,yixuan_spectra
529,8c993e2fa6ab335ea8fde7df7305db77e6976b2a,yixuan_spectra
530,8cb12100b616c120b6758625a3c33f6a92d36a5d,yixuan_spectra
531,8cbf6ab5718cac3a502ab249768f2865b4e8a020,yixuan_spectra
532,8d2f785c56098943d8f736564d25c4e7b9297903,yixuan_spectra
533,8e68c1734e636a9cc33234593752eaa9722359bc,yixuan_spectra
534,8f301e8a6ad90845b54066daee4779742ae526cc,yixuan_spectra
535,8f9937887fe23b45f2dfaaf9ff78427274cc8f27,yixuan_spectra
536,8fe05fafcdbf066f189681dccce439b24058cb7e,yixuan_spectra
537,901ace207f85faaeab7ac3d9945cef110d9b4ed6,yixuan_spectra
538,904bbbe7134f247ed0b43777f4a89806c009cda8,yixuan_spectra
539,90a5deeb244256c2050c5c1595ae6dd413487f9e,yixuan_spectra
540,90ad1a3955c0b810ced68924b902c0b02182db63,yixuan_spectra
541,90c01b8ac1a4a9497e69859e3a214b3d3c3179a1,yixuan_spectra
542,90dcfcb0d0ed9d11450f61b64faea9dd04418b92,yixuan_spectra
543,91490aa2f836278f42b1b70d6d910198a04949ce,yixuan_spectra
544,91755fd16cd81177389fc250f099425b77b78037,yixuan_spectra
545,91d2573cd8e46740a271891946a5f6fc90f39f5a,yixuan_spectra
546,92185e8f39ae01f7620d61a3ae778e0d73830fc5,yixuan_spectra
547,921d871824591fb55b45b3801c9ab5d646153a31,yixuan_spectra
548,9247f119a842ced87c74c05021296f77e38ffd0b,yixuan_spectra
549,92609f4463bfed2680af76643ff32edf88909298,yixuan_spectra
550,9261064af965eebb0812d8d76dac1acc7b63e4ab,yixuan_spectra
551,9266e3eb1e397ffa8a6ea9e6c7c1fae347f4417b,yixuan_spectra
552,926a24ed23e941b3c12134100ba5b7a45dd56983,yixuan_spectra
553,931af5c474e9ff035585de2cd8c05859a56ad1e7,yixuan_spectra
554,93358b2530e3edfa347a6fdf4613003696661f50,yixuan_spectra
555,93745bf724b57358bbb3fd26828b3d98e59b042a,yixuan_spectra
556,93c354be13d1fc9b521f10f6c22df624d26d31db,yixuan_spectra
557,93ca14db909eca3b78d26c7ae50e2961142dabe3,yixuan_spectra
558,943726f55955eaaeecb8efa2e7f03cf14888a059,yixuan_spectra
559,94d12136cdffa907e32656e13e4f75b9bf17c938,yixuan_spectra
560,94d44b427686f81ba0e3adf3d80b55de2f4455a1,yixuan_spectra
561,952336b459ed1a4d0af94567847f486c52fefb34,yixuan_spectra
562,958d86f9ce7b13c08f17f70186330efedef7670b,yixuan_spectra
563,9661cf9f6201fbdd782d700b7cca2f92d069b7c8,yixuan_spectra
564,9685f52f22801e86a5cb6cda892b3444cfba1686,yixuan_spectra
565,9695dcc3d0c5c86de503fda84854709331a4ce1c,yixuan_spectra
566,975aa2f61187cfc3c243f9eeea11ee1957d7e9eb,yixuan_spectra
567,977556b73d592c7c18017b50e0116dbb198c0a3e,yixuan_spectra
568,982e236101ceef1f923c26aa5cc529217150eeeb,yixuan_spectra
569,98893b2c56ece338523345ba40e5396571e40592,yixuan_spectra
570,98985dd5d09fb791a888b3bf2afaa78d548ad12c,yixuan_spectra
571,99ed1d5e2c9cd6d3fdb21e25754e203f2f8a1ae4,yixuan_spectra
572,9aed51f84fb3a3bec57d3536ea952cf63e804b7d,yixuan_spectra
573,9af060c2d473199cb7ebe36f54e8cfa4ca6fe455,yixuan_spectra
574,9b2625866fcd4ae66ae4b66984cb5b6d1fa8cdc8,yixuan_spectra
575,9b5d447571a09da176bcad7e5192a333bbef3bae,yixuan_spectra
576,9bce82d07c0143289f88ff0c7e3357961c39346e,yixuan_spectra
577,9c084533793fe34e149695179087add6c13dc995,yixuan_spectra
578,9c60468dd9c0b556f5b556b6b1d745a79d662110,yixuan_spectra
579,9c67a6ed9da290b49fae8841e56f874acc024016,yixuan_spectra
580,9c8854a5eebf6ec1ec7b9d9eda66887ea3a29a83,yixuan_spectra
581,9cb9585ead774e88c95f9fee425808862031c9b2,yixuan_spectra
582,9ce176f47a0f6179b034ab39fb4765cc705f2c72,yixuan_spectra
583,9cf2c628315487757c61ee232511a17640747bc7,yixuan_spectra
584,9d1044e2627249d55a2332ea8675c2e13ced67d7,yixuan_spectra
585,9da355e63e88b815e4a0a92e52c078749217a69a,yixuan_spectra
586,9dbc74d958d575a117503e37c1b195b13ae47e62,yixuan_spectra
587,9e023a3b31fe1aa66bd553eb764796f62621f4b6,yixuan_spectra
588,9e11aafe424569f2197ca2b2585e0e59c4811f28,yixuan_spectra
589,9e3693d5ba425863bba21259981aea657a24f9a3,yixuan_spectra
590,9e5144846cf03a45d2895156d5865ad82c809c31,yixuan_spectra
591,9e76de5c74ee7d9341d2675c545b764ede529d21,yixuan_spectra
592,9ed5b866a51f547d2ea22d6e37770cac5d89761b,yixuan_spectra
593,9ee68c6abd94dcf98cb4c67b352d7c2a98daf4b4,yixuan_spectra
594,9fc04c218e7ed83c14f102ed916e2f121384468e,yixuan_spectra
595,9fd0ed1c46bfef7c11498769ab473b12640a18d3,yixuan_spectra
596,a00c97195d3ccf5d2debcdc326948a470bea8161,yixuan_spectra
597,a01e16ac57c779b8ae5e875b2ecc347c039e0292,yixuan_spectra
598,a05d29334665e238e9f5608862df314c212ba1a7,yixuan_spectra
599,a0698aca05b8e1d6288d9118239d846f7edaa911,yixuan_spectra
600,a0981b2779be63a3bd0ddc45c73d51b8ce74ab81,yixuan_spectra
601,a0a6b592a92a21095b982657c8d363401e609e0c,yixuan_spectra
602,a0b246d972b4ee77ec850c3f8b98d1b0d7a92315,yixuan_spectra
603,a0bea2dee589a0045207d672f38b416ec1ab6919,yixuan_spectra
604,a14e794ef7f2c4fb5e43206e9140d4ee63890fa9,yixuan_spectra
605,a176b3dd75fbb460f641305f1847e29fa3e13976,yixuan_spectra
606,a190f2642385e4fc2e3f101e7dc8e84ab2cb2a09,yixuan_spectra
607,a1cbe54aa7f77969f968ae368ec0dc3aeba1c1eb,yixuan_spectra
608,a23d16405583d8cb8b6026b085ba2b4fe59711cc,yixuan_spectra
609,a25ca4c1a6cbe01f0035dc3a200878e93cd2c87c,yixuan_spectra
610,a2979ec7f19f7d4e0083ca173bb67aa8c9476cac,yixuan_spectra
611,a29f37fe3ed1c2895b07b449fcb8f09bc0940e40,yixuan_spectra
612,a2a8faabe1b5330fc30ca1e52cdf07d3695c26ea,yixuan_spectra
613,a2f87429c84724e5b51426edc6fa57ca509f8576,yixuan_spectra
614,a2ff293b147ae59926c36c794e266713bd24f37c,yixuan_spectra
615,a33191c19e044bf5907e69f0e428274c0eb13fbb,yixuan_spectra
616,a34c526cd6576f69af569216a8f81c5c9ac1a9a4,yixuan_spectra
617,a37d85d7eef16173e1a704aeddc2951822d7bf6a,yixuan_spectra
618,a381b9dfcc537f82c860382a2ce311584f3767ed,yixuan_spectra
619,a3b32d8418a9d242886f44d4d5f7a85f49981424,yixuan_spectra
620,a4207438750f59e3f8cdea80df132ba007bd2be9,yixuan_spectra
621,a42b1c7b448d02dceb0f5f842d4751146850bdc2,yixuan_spectra
622,a5208efaa724bb58dde7c611328dcb45df4728d8,yixuan_spectra
623,a524200db4e6086e841601f169929ba889bd5632,yixuan_spectra
624,a55f40bc160b9609270324298329572cdabcdf5f,yixuan_spectra
625,a5a107a3701ebc71210291290e98e3b1d763fe1d,yixuan_spectra
626,a5b11325654be69f513906f8dd043210e23ff904,yixuan_spectra
627,a5bf04388ca61d90e817cad82ce59c4d5b74af37,yixuan_spectra
628,a5fd1f5c739985171853d470646456e32a772f1b,yixuan_spectra
629,a6a919b03f8146f0e41f6475998c09fe98b5f2b1,yixuan_spectra
630,a6fa41bddea61ecaec3a350b4744388cfa1c8351,yixuan_spectra
631,a7210feeaeac9eabdc8651993d778b212bd649a1,yixuan_spectra
632,a7357f96a8b4c9e354ecf0359ce7ae42c53f5a09,yixuan_spectra
633,a75b51eb2764b2772a0ff4708aded0c5c107839b,yixuan_spectra
634,a765876c17bae1007c76f3165f8519cf5c787793,yixuan_spectra
635,a779536c1e4c930ed7fbaa9eb0e972fbb26989a6,yixuan_spectra
636,a7f645f66c9c57d3bff98d12886e088e9570b5d3,yixuan_spectra
637,a7fc92812ac4c1a786af81425ac4952e344ee7cf,yixuan_spectra
638,a8818be521efc862f160894252df8a1ab684c50b,yixuan_spectra
639,a88e4ddcffa1684e6145593479060fc5204826c2,yixuan_spectra
640,a89a19e074feee20741f6f5e3023d9e438286c22,yixuan_spectra
641,a8cd3438b364285817fdaa8232e53fb6fdc05809,yixuan_spectra
642,a91f594cf3d0f3521feed2b6167ae1ee2ddf8cda,yixuan_spectra
643,a93b80657b501d54474df19eaab842f11456cc25,yixuan_spectra
644,a94e1019cddb493f80abbfd90204ae376fd2080a,yixuan_spectra
645,a956f297ca8e4f9de5ee9e46a9e6cf8382aa02b4,yixuan_spectra
646,a97776292d06014eab018df01e43e5993aa1d2a4,yixuan_spectra
647,a97bf2034dc7e3b84862ae6a3aadf577e54724dc,yixuan_spectra
648,aa276121e85e4c728e1a9657e1823e601be36cdf,yixuan_spectra
649,aa8b8114aa899e9864925bb4869ccc168aaec8f7,yixuan_spectra
650,aaa1c685adfc5829dbf154652d2feb81251014e9,yixuan_spectra
651,aad580338cc34723934187ea771c6c79cfe24b8b,yixuan_spectra
652,ab1888d6b41a0d2af024c738c788cc5fd830a3da,yixuan_spectra
653,ab64d8d3f1fb6eb6dc66974d742200458a1f7242,yixuan_spectra
654,ab90ec3bff922aede7fd9d97d5e40ab3ad24efb0,yixuan_spectra
655,ab97fda056050baab058fedcd2f85e29030747cd,yixuan_spectra
656,abe3d027206aa783d55d1bd4784e443676cb6e33,yixuan_spectra
657,ac08830edac8140b1a65843fc5ee35053fff6d87,yixuan_spectra
658,ac273e46416540b24c161a18b192fb29f58ca0c7,yixuan_spectra
659,ad061ffcd8b1d3c305225d71cd946f73bbe530fc,yixuan_spectra
660,ad25b3dfac0939e03572ee688193326aeb7f27b3,yixuan_spectra
661,ad6dfd8a93440d3b4853ed3fa559b9341bbf4cd9,yixuan_spectra
662,ad9056a363a819f0ba8cdde7f50fcc63428ba307,yixuan_spectra
663,ade83039e42514c49574034b2ebc9a354ae40449,yixuan_spectra
664,aea10bb6601ee082047b6c46dd5fc9ba30b8f4b2,yixuan_spectra
665,aec2dee90cb0abe2b26bc40a13fb75da03872b51,yixuan_spectra
666,aed950651374fd2c8cea1228ec762571b31e291a,yixuan_spectra
667,aef257bd8708fe592c864d02620750b0e3c62e98,yixuan_spectra
668,af091118207dcdacffbbe334bc16978b36a5776d,yixuan_spectra
669,af24406ac48ceaba5dc6bf18052635ad46ab3fe7,yixuan_spectra
670,afb069c775380a7b02c59aa9a4144cbc6d5c09ae,yixuan_spectra
671,afc4b16bf2e36b85dd7f9eb80723465e4e130866,yixuan_spectra
672,afef77150cc08672d260a6e39888cf0322099a73,yixuan_spectra
673,b08d988ddec520fd93223a327f03ab6a7ff64109,yixuan_spectra
674,b0aee795cbfc6c7828cf78cbe15a259ef1d670d3,yixuan_spectra
675,b0b5eb92f824b10468369581c32cf2c483478e7c,yixuan_spectra
676,b0ec3a7b5808b4db94894a759b4845fd2f86a935,yixuan_spectra
677,b1259040184a90e1fa906376ea5cd1e115a9eda1,yixuan_spectra
678,b152384d59d58bf8100ae02b4451b6de811dd561,yixuan_spectra
679,b17b48daccbdb3e3945e834253d9cf3a08077be3,yixuan_spectra
680,b18b29270a0a42ee2d6e33e885496566de40165b,yixuan_spectra
681,b1940b471b79fb06bff6836794c9e2ece67c2125,yixuan_spectra
682,b1e07e1209f7bac3fcf451175d3237374b576e40,yixuan_spectra
683,b23c25fbc9e2408b4fdffbd8a69ce18ca493a83c,yixuan_spectra
684,b26f1b7cf7bc6c4cc79c6ed290612e71f9b742bf,yixuan_spectra
685,b28bb86787eb5d03ab3cd97ab041bbc37386f77e,yixuan_spectra
686,b2935d41b94e3baeec27dcfc37301c8d1cd06ec4,yixuan_spectra
687,b2e22cb45e59a2252c663dec7b44afde99648644,yixuan_spectra
688,b311cd606e8b9225973ceb3258af9a4780fc24a4,yixuan_spectra
689,b31780c90af753d25622f442952e3a6f3e1e98ed,yixuan_spectra
690,b35aa41032c65ab8e1cb5b84964162ac6eab3775,yixuan_spectra
691,b377573db0b6543f6c2eee8bd5a5fa0ecd6d1358,yixuan_spectra
692,b382ef2e60b7145199a8a7ff3fb124d8b99fe587,yixuan_spectra
693,b387bafeeb6e90000d4e7246e8fa027c2e3ae020,yixuan_spectra
694,b3d016aca8a79615f034408706726772d920b1c7,yixuan_spectra
695,b40ebad2debcbdafd24249dbaf745c22d13a338b,yixuan_spectra
696,b430e64f6e32043c6ff11e8df834d11baa81ad7c,yixuan_spectra
697,b47c806778b502ae16442af6c00a3a4bc76f7210,yixuan_spectra
698,b4841cc748d1ca77c12496cd903b67a1798bb1a4,yixuan_spectra
699,b48ffaef3b6287d7da21dbb793e8755d5608da7d,yixuan_spectra
700,b4c677d94b98e862507906660a6600fb8a16be38,yixuan_spectra
701,b4e75ccefc6ebc7258d8dabfa5cee165c9f4e8bc,yixuan_spectra
702,b51226f2567e2b0d36b6c0a7a0035757c1a9d26a,yixuan_spectra
703,b533fc845a5ea54d5b64fd7a4628eb3bb2cae06e,yixuan_spectra
704,b58867d15cbde87c7520476a8115f9704f4a4783,yixuan_spectra
705,b5a52d68d083af2949608df675bb35a04e95ecdb,yixuan_spectra
706,b5bc50786c2f448298d474ac32c766a1f3df88aa,yixuan_spectra
707,b5d59c779fec8bed4f70b04aa11a1c7fdee4b380,yixuan_spectra
708,b61d774c57b5bae50b3fafca1d9b559e6e74972a,yixuan_spectra
709,b625a4e84446fd510e65ba674fb622bfcb5ec9ce,yixuan_spectra
710,b63c371756c9d1a88c1c6cbca27816989be0554c,yixuan_spectra
711,b64525d91786155c4369970c15c0a47e89b5e864,yixuan_spectra
712,b6e4ac9d321a7da7aafcbccabb4db4ee468f144d,yixuan_spectra
713,b6ecbe2d37d41ae5a12cf30823b30e587ee45e9f,yixuan_spectra
714,b70400de944befadb662c03479b33a8980b9df1f,yixuan_spectra
715,b7431a159b6337738c4ebe12be04679c58dcfd73,yixuan_spectra
716,b822c2baeeee27a610bd79e2b69d8250d94478f6,yixuan_spectra
717,b8491e30e76c416e20681b968c564f2d78c4118e,yixuan_spectra
718,b9a99b954ee874cc77a7ca735569a323266734d7,yixuan_spectra
719,ba576a3e3386eb97c8f145c55e398cd8ae519035,yixuan_spectra
720,ba9886d8aef1e5b04523fad227541653bcfe856b,yixuan_spectra
721,ba9ec1ca682b0d9840323b83525583168db1d561,yixuan_spectra
722,bac867bf31b1a3808586e76a71e45c11c5427a2a,yixuan_spectra
723,bb0ff3c8ac6399aa5107e0744f45e8a7405e525c,yixuan_spectra
724,bb3c48c4a4c28415549940647f232470c0720650,yixuan_spectra
725,bb5eab542a1211219675fc5de5e2d60373f43a72,yixuan_spectra
726,bbbdf883c2a1818d37aedc8620002e48c8e9422e,yixuan_spectra
727,bbdc521b70a733c52ebfc0ac1484c82e13c3d140,yixuan_spectra
728,bc30eab6ed1700b9e171efdeab3175daf18b167c,yixuan_spectra
729,bc67d6552de70786fb3e8f1d925302ddf6be8f6d,yixuan_spectra
730,bcd89c23b1a963a3a9f6bdff678c793480dde3bc,yixuan_spectra
731,bcdd646380a8fb5fd83ba34d80c990101d3230d1,yixuan_spectra
732,bd4f2babdc3abc2180260ccc298264998cea5966,yixuan_spectra
733,bd845985141ef49857b6753557fd7eb274b91f3c,yixuan_spectra
734,bdb34123d160d6ea248e4fccb1ae1619ae05ea8d,yixuan_spectra
735,bdd49f74c086bd4c1e87ce10594c7babd3d40ea2,yixuan_spectra
736,bdd707b9a872bb17622696ed3cca2a27b743a5b7,yixuan_spectra
737,be0acdaa7a68e4e3baaabdaa9d7f3afca0ef3d64,yixuan_spectra
738,be35f1bfd82433486446a1d3c40d41791be8a0dc,yixuan_spectra
739,bed46ac91808e1d0a4b042cb53eb40fb8b26278a,yixuan_spectra
740,bed498195a7eaf062220735e22c17fb59b797eca,yixuan_spectra
741,bef1b688604b0e2e3da115e7d3081aad40081a87,yixuan_spectra
742,bf0c2ebad3f82c3a2b7d9d6d635ca19af7e33da0,yixuan_spectra
743,bf43b398d575baf15b90b61205e7f300d9cae431,yixuan_spectra
744,bf8cf5d8fee0fa97ebb12291473df38ca5441e88,yixuan_spectra
745,c06b113780e79dcd22bee4ba5624f1eaf81f58ac,yixuan_spectra
746,c08f6b3cfaa3287254f62e394167f2680bf4439a,yixuan_spectra
747,c0cfbf1d0d4c1be1ee2e72411782e82c90ad4417,yixuan_spectra
748,c0dcc607aca8fa58461aad4c533aa2b55b385c71,yixuan_spectra
749,c0e35c25cad2a803f3206ea1e94b75bbb45f3e19,yixuan_spectra
750,c12b6abf5123f6fda12ffb05a278c0f35dc31b9a,yixuan_spectra
751,c18ba707ce1e5de70e325252c218b1971f9fb890,yixuan_spectra
752,c1acc79543a1657e38fb728eecb0f378dcb9c524,yixuan_spectra
753,c230ce95c2af1fed0eec3a9a560fa7e07147d73d,yixuan_spectra
754,c23a2f7e14aacaf9e05e37c84d1c8ab24e0048ef,yixuan_spectra
755,c24276f0caa2d4445d661a829c107f3b54222f12,yixuan_spectra
756,c24f0e5a4bb984c0cfdb44540ecec9c223761ad6,yixuan_spectra
757,c2b28810017bb41621057b57af82d32aac56acda,yixuan_spectra
758,c38329d7f46464643eed2e544f2f5155d14b8980,yixuan_spectra
759,c393255b9cd1314a4a7a3b7f5a85cfe4457b83f8,yixuan_spectra
760,c3f96d9a6eb08937ae65df9f20a2a4f497bf5cc2,yixuan_spectra
761,c45ee51e3dd9683b015bf509443c1f27c4f1dde5,yixuan_spectra
762,c4775ea4f2bbb10f95d4c4c4b7554f6ebcf0e9e7,yixuan_spectra
763,c4b5baac3367acf36d721cc5943eccc7fc018476,yixuan_spectra
764,c57693f87e684de94ccf304c0a6d3407d87d31ba,yixuan_spectra
765,c5a565d733700b23c7bcce7b39878cb368aa1d75,yixuan_spectra
766,c6058b39922f338563eab777bb7d011111ed3be4,yixuan_spectra
767,c60691dbaee05b6489d4e35ba2f33ccbdccd990a,yixuan_spectra
768,c657a0113d505be3699642648f717b16c1ee0541,yixuan_spectra
769,c67edc39ee3d4dc2708f047251d6e5dc90ebc7a9,yixuan_spectra
770,c69d1bdbab10bcc13b0625d88fe649b298e8cc9e,yixuan_spectra
771,c70340438c65115faf5adbe1c44930562fc11aa5,yixuan_spectra
772,c771c7e2f31cfb439ddec7ca369d6cfdb0115010,yixuan_spectra
773,c77513b6df28da1702aa3aa90a7ef1e4596fb2c4,yixuan_spectra
774,c81bcfe889422bff208dc2a1b86f68c41bc89098,yixuan_spectra
775,c82afb98fad9cb8aec82b84d4be2c1d3296034be,yixuan_spectra
776,c85eb5d7f2b5caf6662ba4a08ad63e6b7d08c44c,yixuan_spectra
777,c86f94bec9bbf7e42a5a9bbdd1edaf452c073d6f,yixuan_spectra
778,c8de5eb5e8a6725e3334c37546febc9b77393677,yixuan_spectra
779,c9576ca24b52efa2dd3322c4fa3b700101b59dc4,yixuan_spectra
780,c9fdcc919f9c954de1218a1f5ea1a5716dbd8d1d,yixuan_spectra
781,ca0625ffe99261feaab578023f519e8a9c90f5ee,yixuan_spectra
782,ca5d0d8a819af2d17f5c4a26a2a798c8314e6b35,yixuan_spectra
783,cd1336da38c7eb2e0cd51d8154f780980ee03e60,yixuan_spectra
784,cd251258662ade96adc7f1597653d0255ef89dc3,yixuan_spectra
785,cd3e0fb6602c0feeb35ceebe9cd779517ad2b41c,yixuan_spectra
786,cd48a9fb4917288f80a106ef2b53f5f00c08b21a,yixuan_spectra
787,cd73331dc751715bb5fedec04fcfe44244cdf82b,yixuan_spectra
788,cdf9773e43490c0c7794b8625686fd453e4d4390,yixuan_spectra
789,ce13b24d32f73cbf50a9d776eb569f9f34c07b93,yixuan_spectra
790,ce497fdee13bb0b6b250f0e8d0a6ce9c07d7ab7c,yixuan_spectra
791,ce79ea5f12226c5e047000a63d4d294d0d653a95,yixuan_spectra
792,ce7db75f3018979912b81a2bad71b9e4d43494e8,yixuan_spectra
793,ced2b59f8f0075120f47025c899e3d210ad8e9dc,yixuan_spectra
794,cefc1c25973be65cc998e659a523da594d262d0e,yixuan_spectra
795,cf28c64c2eb6c6d137334fa24ee4396fa409b79f,yixuan_spectra
796,d00196e8d942cb72074b4c1f1e65afb9ddc488fc,yixuan_spectra
797,d01462aa71b2c45da68acd98c3dc67b69c6436a1,yixuan_spectra
798,d045168ba4c8da8a110cb7ac31959dcfd70c904f,yixuan_spectra
799,d06d5a32b3969d26fe53066d9fe13175c5a2abef,yixuan_spectra
800,d0c7722afc0c9da7d013c42a5c4fdfa2d74a8597,yixuan_spectra
801,d1061bc55d3c00b77a224f0fe5f135540589e4ec,yixuan_spectra
802,d1cbc3fde52069b4e93b7543244b8d694fdecf9a,yixuan_spectra
803,d20aca286c7968e167ada110b9e5aefda676b5ff,yixuan_spectra
804,d213e64e4209acc23e077c7da2b1bba7df7fa3ab,yixuan_spectra
805,d22655f58dc759c9978a2e91bdd2ec15070e5e51,yixuan_spectra
806,d32c5f9cfac3cdf147c61c231bee8a9a440f82a4,yixuan_spectra
807,d35547f24160451a0639544784f8f3c5e3cf6f87,yixuan_spectra
808,d35640fe6895c74680b804e7a74e0d0aba99e6c7,yixuan_spectra
809,d35693e9e3031546c6743a77272bb07ba993a025,yixuan_spectra
810,d3598338b594f5dce63fda20c336e9f82af54e11,yixuan_spectra
811,d3622e95552c1d955aface588f50f49f875a7ed4,yixuan_spectra
812,d418fe7bdba5558d780ead1944aa498e7e7a5df9,yixuan_spectra
813,d44f5ce6ba88913ce81f5532e253fc76d9004a95,yixuan_spectra
814,d453f8bf549ca7388f55d75cf7da92e6f8058702,yixuan_spectra
815,d45da522a5f0afef268c1a41aff68a6a9513db7f,yixuan_spectra
816,d4776a1b74ef089266dff4b9bd2fc169303c0045,yixuan_spectra
817,d56fcd9381c93ac048fe62f9a58f10e6e4759dd9,yixuan_spectra
818,d620b7466b3899ebc9184df1438068f780c8a226,yixuan_spectra
819,d629c5d4f773d38f66e82acaa2f029913b346743,yixuan_spectra
820,d679b396d42f3f25a2d02395044c90fd3beb5a0f,yixuan_spectra
821,d69c6872bd90cfd6f1864e267d334bdd50f985b5,yixuan_spectra
822,d6b33b8961bd90186b96c15f31625b4cb44d0ba6,yixuan_spectra
823,d7179fb749b28682f093cdddc797a2cf096f5d32,yixuan_spectra
824,d774a93a61e294e657dc7000f535a24e2de284b8,yixuan_spectra
825,d7b6f15292ffdeac6510d9127212365c843b5427,yixuan_spectra
826,d846bafa960c52546f686e92908cd4f8ca86d3f0,yixuan_spectra
827,d8931dc4b6c0942f5ba1f2683b82e12677a2d872,yixuan_spectra
828,d8a65e4429c27d777d5bb174212dcd50b693c7bd,yixuan_spectra
829,d8eb15761a65bca1998c2ac8869cee533735a080,yixuan_spectra
830,d966f0af091d986e47855be5f71bcbbbbdf8d56d,yixuan_spectra
831,d9999df582dd2755b496dc15b592ecafcbd86b7f,yixuan_spectra
832,d9c03cee83671f21417299002f15f973335bb823,yixuan_spectra
833,da0bfd865be3a4e3493de86b28bf30d78216dd2a,yixuan_spectra
834,da3ae65efd30a833db3758a07c2fffd4eb521367,yixuan_spectra
835,da4d3357f8576285560f22b7e71e04a0ded295ca,yixuan_spectra
836,da62306c2b0b9046f05a93857e166636e8788570,yixuan_spectra
837,da86b66cf22537e560060b5f5b34c39d09b63e86,yixuan_spectra
838,dae5d029245a893670f00a9059e4243791ab8e36,yixuan_spectra
839,db4328195cb31a3e64c3feff44f55536bcacefe4,yixuan_spectra
840,db714ba7e2770621b8b32e49abd86b062de311a3,yixuan_spectra
841,dba88dc6471cead3cf07e822fcbfded68d90a772,yixuan_spectra
842,dbf3177c52ee904f697c5b681d17ebdebda2726b,yixuan_spectra
843,dc2e50c2c9e787f7e4f94043dbcbaabd244cfc56,yixuan_spectra
844,dc363d08b1cb0db6efc8ecc59cb82994e9974a77,yixuan_spectra
845,dc981431fb1bf99c17e573247fc1b0d5fb8ea22a,yixuan_spectra
846,dcb4ed5a1b204ebe596ffab125f567e73105b73d,yixuan_spectra
847,dcc5e64fe33f1470a482b6cd163a9f49d7b9322b,yixuan_spectra
848,dcf02919b6821f22e5b06d7045cfb85b8b2ab31c,yixuan_spectra
849,dcf99085d933240e6c2d16f5b65a0764120bf5cc,yixuan_spectra
850,dd565c1d8392b4c903de05be85b764ee908ad938,yixuan_spectra
851,dd636d953c500b7a0aceacf025a7e72036e23480,yixuan_spectra
852,dd685dfbb611ad2b607059281d7af5d0f315d8bd,yixuan_spectra
853,dda016455abed0621ea7a5546cc8f7940f856bde,yixuan_spectra
854,de12f000e52550322e5f1a5ffd0301ccbbebd02a,yixuan_spectra
855,de38dd0f14f3bf2814b55f242a2a08eefb0f1d79,yixuan_spectra
856,de50231948e007a45f0d7f50a48f15c04578e59a,yixuan_spectra
857,de69287b91e9f0acbf076c6d9e35d14364aecc88,yixuan_spectra
858,de9ec499493a0164adbf0ab57bbf854beaf0030f,yixuan_spectra
859,deb133cd3589249f8185a8079df008babee81a60,yixuan_spectra
860,dec0d1fc1ad40f860c3d38e4835fa94135e7f65a,yixuan_spectra
861,df030d07c7e97e90f46f5c22f07f20bd921566ad,yixuan_spectra
862,df095637fafad4f70ba6d1f6771752d4207e280b,yixuan_spectra
863,dfdc2356f00da5a01ee3101de24dfdd19595a13f,yixuan_spectra
864,e04738205a60d3c949f9f847bb3c181101cd1956,yixuan_spectra
865,e0ecb35bfccb5ef04323482f0bc2b4ff94a23324,yixuan_spectra
866,e10ec8bd7341c6dbfdf3f680118318cb4e69dc34,yixuan_spectra
867,e129096be8f945082f1c4e23a34c8a5c765d462f,yixuan_spectra
868,e12f139f3fb4fee3a5d9be87006aa18457faf6a4,yixuan_spectra
869,e13d88c7fcd75f6d36287c7765ce5dacc0a817e1,yixuan_spectra
870,e1c3cfb9d55213354f42371f37caf8cdc90b97c2,yixuan_spectra
871,e1ed782f8e8575bb5fa34d5c5269720d5e18b3e8,yixuan_spectra
872,e2e3bebd2719533f2f06aa571fa9ab3768d43d80,yixuan_spectra
873,e3332456aa5b6e51a73ce1cdde2bce9a96e4ffcc,yixuan_spectra
874,e3e0869d00adce9f40a665ac75f4810943a91663,yixuan_spectra
875,e3efb9f99bdca8e18a4c62f9a45f5a776d95fc20,yixuan_spectra
876,e4000ef47b7b2e75b2ac1a73550fe72b69123a74,yixuan_spectra
877,e43190f7f43bfd56bbd35ca4c70a89a7d382d3a3,yixuan_spectra
878,e4abc0710c89bb421fd5bedeb87bca6a1bb36bfa,yixuan_spectra
879,e4af4b63103be39d2be9ffe0e623b0d1b2faf196,yixuan_spectra
880,e4b7bf543c611dafe02b017c57732abe4309d562,yixuan_spectra
881,e4e3a803afb8ffeb2f25375aa8718a633482f7f6,yixuan_spectra
882,e52e51d73939d8f9514c2c018f392b1f171dd9b7,yixuan_spectra
883,e53b2fb25d7f7133446d71b9812c6d991c8abc52,yixuan_spectra
884,e596ffb84be0adbccf50b670ac02fe01ed100458,yixuan_spectra
885,e5d5f7d12255273a3937d122cfaeb632e0b64310,yixuan_spectra
886,e5e0bdf4574e4fb1bad7fdd72e4bc133875c7043,yixuan_spectra
887,e613be672e70f8455f52be6dbd62640f63d44229,yixuan_spectra
888,e697f95b229e61f747f547a7eb213375f5d7b00a,yixuan_spectra
889,e705997c3b3074ea2a152427c0e222441aac2a29,yixuan_spectra
890,e728aabf2bf0774c54e08d7a80220c2822be75e8,yixuan_spectra
891,e73d018eefd99387a77d118b9ea0b6d6ac6e4981,yixuan_spectra
892,e77917b839f230bb97f50fecc0c3610e62dfba4a,yixuan_spectra
893,e88341e5d03e46f654ef25e5ff7024d11a80c327,yixuan_spectra
894,e8cd48b0250fb78d7b77275d3b58f4a7f4567f44,yixuan_spectra
895,e91c4922c993ade5b926c2b1ba28340236caba67,yixuan_spectra
896,e93ff2a821f0f6d5b5f1cad1a887f89a936c397a,yixuan_spectra
897,ea09d4c28fa424dcf75c9d2d5d0a892f4a6239c5,yixuan_spectra
898,ea2e985302ec4b04e088fce0069f49e1380e606b,yixuan_spectra
899,ea70e5f10f2e8ade60a83341a416f18c7b185c69,yixuan_spectra
900,ea76fa657abdd279fa67e7888653ec8c6086088b,yixuan_spectra
901,ea80787dedafb354d605c0286d83c0feb102e3b9,yixuan_spectra
902,ea8ea7d8158980ebb7f4ddb2c8c45427268d7075,yixuan_spectra
903,eabc3d72e1314b62845c0a75ad7b030662f30581,yixuan_spectra
904,eabee04b3dd9e543550caac1ddc63ae724f17591,yixuan_spectra
905,eb1086725a799d7e06be22a18df276354436ffea,yixuan_spectra
906,eb719d8ffa034ff6110b16aab7a2ed6d252ae9bb,yixuan_spectra
907,eb86a34df5c5799e74a9c7abfb000a0d1da6178c,yixuan_spectra
908,eb940b0c9861b08ba215ad203f0626b3fa5dad09,yixuan_spectra
909,ebac8d66a6f4a489acf42741f6b163d2275f1629,yixuan_spectra
910,ec075c33d03a5a8a09fd89942fb9c3ae44f00cc4,yixuan_spectra
911,ec27cfd2210a9b2322825c4cb8e5d47f014e1ac3,yixuan_spectra
912,ec2acf882c5e191e1e95cf66cae33f5d743bc199,yixuan_spectra
913,ec3ae1c0d8896542c8396fec3febca2ca07284a9,yixuan_spectra
914,ec52762aa3e4d561e85b7345a571d53f9cf73d2d,yixuan_spectra
915,ec59ad2e1eb0b216487b887cd02a8d2763c37c81,yixuan_spectra
916,ec86b782977c8db3483a78b75efe019516e58400,yixuan_spectra
917,ecf0fa559e4b907aefdc4a364549dce6037e7e82,yixuan_spectra
918,ed4e773073e9e6f01a1cafac465bb99d586a9d81,yixuan_spectra
919,edeab08fe21807d4080309c6e1ae835a713ff53d,yixuan_spectra
920,eece66df46ba2f05b38047d2e88d1115dfc7f235,yixuan_spectra
921,eece7b977709a2351723fbd4e79e5dddee23e726,yixuan_spectra
922,eecea636c404558c40aaaced72fef5c14a497558,yixuan_spectra
923,ef22f5da68d25f60e3b64db129d2f73d9815a1d2,yixuan_spectra
924,ef393328310efa57fb8ea9ab3609df0ce34dbd6e,yixuan_spectra
925,efa471d8eaa44f15e909a053315f433d0eb1a904,yixuan_spectra
926,efd4acbf492e78f46b7acfe712240ceace538344,yixuan_spectra
927,efdb340aa6a3a1bcbdb8e8a4b75cd0d58bc35f8b,yixuan_spectra
928,f05a25f212215c0ff26d32eb1b1efbe6a8740b33,yixuan_spectra
929,f0877a8d83afc1d916d83d3b57db76e43a538e55,yixuan_spectra
930,f10cf9f3864b2a054f6aae5b7de0763489eb05ed,yixuan_spectra
931,f133635465c204988d2426968d2ec3f6d8407cbc,yixuan_spectra
932,f1577a6d2e50fe3b844bd3a9081a6973db919728,yixuan_spectra
933,f166d746f5fea477668343f985af41682212dde2,yixuan_spectra
934,f180bcd09f09c4a2fe37ce6350f6da58a991d4c8,yixuan_spectra
935,f2531f1674dd6be70a99140e7967f1038dd1e481,yixuan_spectra
936,f2796eb84dd4c0abca9f8c327a2dfdd55c571cf7,yixuan_spectra
937,f2ba55d76d731dcf98238a55019a669bc27b6c00,yixuan_spectra
938,f2bf891dfb3f914475eb4038bf50e2074ca3e273,yixuan_spectra
939,f2c902a6a4762cf6af15441c6a5b0b83d8532c68,yixuan_spectra
940,f31f0b9159fdf3364219d340a4f56074a08a7725,yixuan_spectra
941,f3d1d65a569a4bd659a1abe4a1d8173ec59053ef,yixuan_spectra
942,f47d6847e419f8d882d96d6f476a385c8aceff85,yixuan_spectra
943,f49afad31cf58c1a3a1a145242014dfba62b8536,yixuan_spectra
944,f4be23d859fe072e862b5e060bbc7de4635011b7,yixuan_spectra
945,f51f2e73741447c089d178ff9e5d1a3690a2cac0,yixuan_spectra
946,f56820e64c727d7da3931f34c062725cab0a3530,yixuan_spectra
947,f5d08a90ee576553ca35f19923c2b8e31e05ff24,yixuan_spectra
948,f61ab73774438205e5904c6177a3173ecd8b1576,yixuan_spectra
949,f63e2f236aedfd1f6d965190220a9b8fe617c7e9,yixuan_spectra
950,f650e6222b25b95be9a437514273a780243c2eb6,yixuan_spectra
951,f654202f8a35eb9a435961898a08415212b46cf2,yixuan_spectra
952,f65a8d0bf4711cf672c59ed2a3412855505cb66a,yixuan_spectra
953,f65b5b2093fe2ae19b99b82100969607e6bb7c17,yixuan_spectra
954,f6e8a1eaa7b15bcbd0a3a95db6d74aebc1ae74cc,yixuan_spectra
955,f7aedcd912a10f31535cb33ea57d00bbddb05518,yixuan_spectra
956,f7c9ae53c8e672b3d9e72fd340da8c6693b44b3b,yixuan_spectra
957,f7e9f5995ca78cb33b98a5d3562618d14e3b18a7,yixuan_spectra
958,f81aa5c50cb7041bffac6495e16b42bb733717a5,yixuan_spectra
959,f8271aa468408fc9d80862f72f7ce1bdec79bde6,yixuan_spectra
960,f874f46aac86ff35b68c96f0f68dbe259f40a834,yixuan_spectra
961,f892614649746174d2b054cd2f5fb008c89e79da,yixuan_spectra
962,f912e6e053fde0697a67ef7985e6d45955f16422,yixuan_spectra
963,f95b9d5daeed6498445b52f12723549caeeea605,yixuan_spectra
964,f97eaf6e3470268086c7276c07c9350346521d4b,yixuan_spectra
965,f980221987d679c95c713584f46f95b00147712f,yixuan_spectra
966,f9a46c53a193a6306245af7d9b2fec85e141dd44,yixuan_spectra
967,f9c0c17e7b4a28936ef270392b4a1f0788cf8dee,yixuan_spectra
968,fa503df48dab9fe158b79c7981edb7e3a2db932b,yixuan_spectra
969,fa7eae4667622cfed78cb398ef1b110f2cfa549f,yixuan_spectra
970,fa9692799a35d29fc6ac8c1b77ab79db9e15446a,yixuan_spectra
971,fa9b56395ef4d8c0962856ac18ece36aeb6461c1,yixuan_spectra
972,fb0657e4060623a6331ad51b9488bf9aea8de197,yixuan_spectra
973,fb205cc35ad413c7e7f704ad6eb82d9eea882425,yixuan_spectra
974,fb33755b0bd2c90ec396dea6a9c22456ba302170,yixuan_spectra
975,fb3aa6901d4b910ac6de1294aa10e91f87f71b2e,yixuan_spectra
976,fb837eb271a80e3385a6ebc5e55dffbed831de84,yixuan_spectra
977,fb8d3598bcdab08b25df58c29f6d8698663e7031,yixuan_spectra
978,fb99502b20227bfe7f268cf251aabf534306505f,yixuan_spectra
979,fba9d28fba7d3ecc42ee7686191672062298c0b2,yixuan_spectra
980,fbc9281a9972a626636aae8465c59897c942d8a0,yixuan_spectra
981,fd5d168ab6f95cd3fa42ff9a547e3fd727a21777,yixuan_spectra
982,fd72b5aff4ddf4981d94b3ce7178a7c2eb36905e,yixuan_spectra
983,fdac6d46144d56317d6a82a57c69a83b40b5f834,yixuan_spectra
984,fdfcf8a14fa46003903dde01c5fa76cb5b823e7b,yixuan_spectra
985,fdfe2fd7663311b7671d9ef40f69f65f09d70356,yixuan_spectra
986,fe35f9559da021f696adb2a7daf59d79d16aa386,yixuan_spectra
987,fe4c5d2c0260ccb499899ae83b8f2cb3c2e4fbb2,yixuan_spectra
988,fe8f13738e66740d8c59d502b49f793538e8fd9d,yixuan_spectra
989,fed0467d1f55e6d5cbaf7cabbc809709a2759131,yixuan_spectra
990,fed4a68dd874b10b9425ef77ad3355486bbcbcea,yixuan_spectra
991,fef041e07042d9406bac3a8c2ed4bfca1f3bd5e1,yixuan_spectra
992,fef8a396048040a411ed0d880ac7b82d63fb98e3,yixuan_spectra
993,ff5069d700ad006cf0df04186794e55a2a51aacd,yixuan_spectra
994,ff518f7bffe30ae97bec646f8a9e9923a2cf7ebc,yixuan_spectra
995,ff693e41e3ef565a1fdfbf3c08cee2509091b844,yixuan_spectra
996,ffb173722746b275f23abf41d1e5cd3ba7851f96,yixuan_spectra
997,ffcc93b8f1c4026b6a50f321719b33d15f1752f9,yixuan_spectra
998,ffd80008ea61519f30d36930245e624c7b8db748,yixuan_spectra
0,002928f5898df2bc6b0875c12ccf0f64c3375f85,mathlab_pydmd
1,003c189a8778017a19dd0434a975137761caa229,mathlab_pydmd
2,0042b8b908904a4f504c877d49eb44a90b89a85d,mathlab_pydmd
3,0095a192cdb09eb381fb4153a5b1440255f2a09b,mathlab_pydmd
4,00b6541dddd2c3010a76f0d4d337158288d0b38a,mathlab_pydmd
5,00dc835604d03ecff90244fb31db447ce4f09366,mathlab_pydmd
6,010d311b818c577fd3486920866db7072527ecfb,mathlab_pydmd
7,0158c4144019f0899ce34ec44286b0f700c56b38,mathlab_pydmd
8,0170b557c0826d035cace35f759d6220176dd7f6,mathlab_pydmd
9,018918cbee3c4d74ee3de434909d5242e0febbd7,mathlab_pydmd
10,01bc5ad5e811067dc95dcec847f9260e15396b4a,mathlab_pydmd
11,01d5a6b90ce218fd81cfa1f3889f095a81912a59,mathlab_pydmd
12,0217fc99ea36d91dc6e35f15383278cc2a0864fd,mathlab_pydmd
13,02379e0e1f27e314f8162dec235660aeaaa2da71,mathlab_pydmd
14,02d377f94bf2e2368c99a9fa3a1fc2e90c124123,mathlab_pydmd
15,02d6234b52dd7d7084619c435e68c8d1aed87679,mathlab_pydmd
16,03244aa48affd231c1d828433882ed95255c2797,mathlab_pydmd
17,039258027004fc37b2bd1d0e5dea5b6f813e5800,mathlab_pydmd
18,03d5f414b6f617f5128d38802113e6344f114515,mathlab_pydmd
19,0439715ec8b3f6e570c8526272150ec1db0ca1cd,mathlab_pydmd
20,0470d1889c496aeb5019e2b2c59bc63d3bbc98e6,mathlab_pydmd
21,0484239108965c824bcc12b71e0af10de3801012,mathlab_pydmd
22,04c5aa72f0e2f921d4d5eca5401d7f9d92e17a36,mathlab_pydmd
23,04fa5ec295fc76abe8eaa88ca09b932858620703,mathlab_pydmd
24,0528f7615c3aba5f3d07171d8ba46dfc39eb9a7f,mathlab_pydmd
25,05702f8cc9a1cb5ba928c1a08182962ed4dfc6a7,mathlab_pydmd
26,05c09378aabfa1d9c7eba18dd830741cde31a179,mathlab_pydmd
27,05df253e0a94475c62963435e126779a486473a2,mathlab_pydmd
28,05f32859ae48d2228ea7abb031b968e4ca12c8d1,mathlab_pydmd
29,0620743a1c1c16b57b910fbcf36581fb259f86e5,mathlab_pydmd
30,065dccfed3e9b258901cef0fafb10ecd97ea5e9c,mathlab_pydmd
31,072da6f17e3cd8b30a0458ac07a26d390782bf2c,mathlab_pydmd
32,073f58708e5da44dc6b77862fb7f77ba4b948c2f,mathlab_pydmd
33,076ddf014814aef878db07d3b86efdb1813f006b,mathlab_pydmd
34,07b5ca1be811de04a5dc5113d11bd123c9cc7cbd,mathlab_pydmd
35,07e799c7b7b144dc03fb45b3fcec3915656438cf,mathlab_pydmd
36,07f9f733df025332f7c233e9e3543ad9d4b70692,mathlab_pydmd
37,0863a48565923fa852c8f0174dc1f588ea4391f0,mathlab_pydmd
38,088a71dc0c995eec656978c841acfeecc9047ba6,mathlab_pydmd
39,089824d7f610c455567e4ef2631283ab8f390f86,mathlab_pydmd
40,08f3698e9c4718258d1f817af1373331c7eb70c8,mathlab_pydmd
41,09020e66091708936f667acfbb43ee5a6777328c,mathlab_pydmd
42,0921b07c4832c76fdcbeff30f69ffcff946f8e70,mathlab_pydmd
43,094fb9d85c2b224b4fa14d26676cc7114c9c4b6d,mathlab_pydmd
44,0993f37995967861afc019ba97902673a5117de3,mathlab_pydmd
45,0a1030457a8107e72806b0d2a5d67d60d1b2b8b7,mathlab_pydmd
46,0a11d8752a5881b4d362a614bd9a775653374384,mathlab_pydmd
47,0a5c6d9ddcd82bcbd749c352c4d15b670c7f30a5,mathlab_pydmd
48,0b1a5882b77414ba17898e499c0f982461c2e529,mathlab_pydmd
49,0b3ba311f2cd3e3d7523597b0f820fcc37bf5e80,mathlab_pydmd
50,0b4768e3d312e1192b2597d290ed01487e747f5a,mathlab_pydmd
51,0bfe291f4cbaafc76014d2bd5fd81e293a30e1f0,mathlab_pydmd
52,0c25f2cc27fbf10613e4816927672976eee7df5c,mathlab_pydmd
53,0c34b6320857f77011bd5fa1b4b8f39c08159b01,mathlab_pydmd
54,0c460e60866e6b160f372a99a553960fdc914ef1,mathlab_pydmd
55,0ce5b027e91679d76140a64c868be8e3e73f2de1,mathlab_pydmd
56,0cef3fedf0659238e2769ff9fd3fb292a007289a,mathlab_pydmd
57,0d0dff6210899a22ba0d6737a507ab4154d38332,mathlab_pydmd
58,0d1bbc887dbaafe73e59ad379eb973555f330856,mathlab_pydmd
59,0d24ca1ed85da68edd735b58adccd46e8101f65d,mathlab_pydmd
60,0d3f454dba251f2c8c05be98e2fd998cdbafd46a,mathlab_pydmd
61,0d599e2ff8468adbababfa2e63c4350b637e866f,mathlab_pydmd
62,0df3334ab07ad01942c8b6d9c4ff882c2b9e1e63,mathlab_pydmd
63,0e0a0c59c74e7de299a97ecf6277899f51c15137,mathlab_pydmd
64,0e0e907ea0d8a0221cb2abf7c8ed32533200902f,mathlab_pydmd
65,0e33cbc5e61b228a1dddbf5c8644a32eee0fa151,mathlab_pydmd
66,0e37e45ae18e28d3d7ce36d4dd748332b6b8da22,mathlab_pydmd
67,0e4c4f43c4c4d0165c231118950b487c32974f9d,mathlab_pydmd
68,0ecc0e3e9cd2ca3b75f88f83f05d92e803884dca,mathlab_pydmd
69,0eff9dc3d0d0581ca26376707b06d2f2c575259d,mathlab_pydmd
70,0f0d14bed0d879dd325b0bf01a5efbadb8cd0459,mathlab_pydmd
71,0f1282633aa42784574b298af636c7fec9d76da5,mathlab_pydmd
72,0fa7d6d714ea6042feabbc5d3521bde9273ff47d,mathlab_pydmd
73,0fb0259ae787c4b8d52be65791db6e3922d581d6,mathlab_pydmd
74,0fde23f108df9c2115bab5b1506c1b6bfbce1c45,mathlab_pydmd
75,0feaa9730f3486ac0c0b9d76fcfbb9c220b220ca,mathlab_pydmd
76,101afbfc7ba965d34209ed7d3eda7c5984d425ba,mathlab_pydmd
77,102556d501664e4265a120b3f9998a96d4e32cb3,mathlab_pydmd
78,1028c741342df0a41f6e592d56869032e038b683,mathlab_pydmd
79,102da89d1136c851f05ae89fc06136d20e2570b8,mathlab_pydmd
80,103eea2cbfbb2b69c18ced8463081093a6e51efc,mathlab_pydmd
81,1058ea0b32ba5324f30cff93c19ff9a920e1683f,mathlab_pydmd
82,109e1dc0c50961d6e61cf90f14e2caa06eb7d4a1,mathlab_pydmd
83,10a6b0442e67b5afd1cdbcaf3895366192ff2980,mathlab_pydmd
84,10b719200c82bd7d105fce910fae0735a82b2320,mathlab_pydmd
85,1125d74306c2e9322cb474ee46457c181cd92607,mathlab_pydmd
86,11c01e7618ea4b9c16fe5b2cf8c9e0905e25043b,mathlab_pydmd
87,11c33534fa9be3c485f5cb752213ae1737c4a6a1,mathlab_pydmd
88,11cb9b566b7f47429d65bff331b915ee82712dfc,mathlab_pydmd
89,11e9350ee0ecb0267113635f7a6f50a5819c2f0b,mathlab_pydmd
90,11f6e1ccbb35d1273bee7301c2663b9741c394c6,mathlab_pydmd
91,128b0cd1a49957ddab618510f034925f464aa7f4,mathlab_pydmd
92,12bfc24d47d224267d3ae4f11df3986d77179790,mathlab_pydmd
93,135e898e62bac9061d45524d4ee63780e38364be,mathlab_pydmd
94,138bc1d37c384383adeb93efed1e2533cb6b4d3c,mathlab_pydmd
95,139e1bff93225dc7b2db89fba7311f7014b77e19,mathlab_pydmd
96,13c8f5251bf2db14fe892aadffe948f499363942,mathlab_pydmd
97,140e403399a1bdaf121ab095d012ef1956ca445e,mathlab_pydmd
98,1459578fd7d1d15149892e10490427faf85d303e,mathlab_pydmd
99,146ab4a9f6ecaf6876e4c96760c08d56a094f209,mathlab_pydmd
100,1491163380b490519b6562a19b935a8d60ce8d0d,mathlab_pydmd
101,14ae952038334ce3a40816a999206fc64f5eb8c8,mathlab_pydmd
102,14cac98ceddb95adab012302e9c02256bbfad13e,mathlab_pydmd
103,14cb911548652174bb483843c2cf934549dbe6cc,mathlab_pydmd
104,15680b2a1540c1d62e2fac93f027521150ba4b0f,mathlab_pydmd
105,157583c2b57842b1efe75cd9795a3c48be399f26,mathlab_pydmd
106,158ae1e3bfd65ebbcaea5c6de9dcfb525a464736,mathlab_pydmd
107,16065d02c64769baf31f5a5bbef3c1df66e181b5,mathlab_pydmd
108,161fdfbb8bfb45b86b9965964311c77c4e309931,mathlab_pydmd
109,1645dc8cadb5bcd90bf8b5e85db8445a2e5c169b,mathlab_pydmd
110,164eed4391832053ada567d2f74a7b5cc91a50b8,mathlab_pydmd
111,165348dfc6946d4d00ab28ef456a588ee8295595,mathlab_pydmd
112,1670f899f9dc948fcded841c701147cafd6c3b8a,mathlab_pydmd
113,16c9a4495cc1a753e565dbb3ec528a9179e3b6ae,mathlab_pydmd
114,174860f961e954d5d2db9b22ed3c1e46795c630b,mathlab_pydmd
115,17c2b1099dea6ca1062cf5dd4af611be93bb8f5b,mathlab_pydmd
116,17f9e7e715d5bd11adbe52b1884066ca47962a87,mathlab_pydmd
117,1862decc295c3e8892c902b5ca079b2589418f29,mathlab_pydmd
118,19314db373274e21cb3d4ea6aad0ea3c69e74281,mathlab_pydmd
119,19554542aa662e5d45934f5e5d357dfcd81e3cea,mathlab_pydmd
120,195bd8b773a0824c85cbb84bc87a4094c219fa66,mathlab_pydmd
121,196d14fb81e9eb7b01b3d8ea8825bb9e780de7d6,mathlab_pydmd
122,198538bc3819a11de57f93f99193042945656889,mathlab_pydmd
123,199a909647b7775e6f0082f4aeb03591f4ba19a0,mathlab_pydmd
124,1a012acec47eb4a01b661c973afdc60fd32be07c,mathlab_pydmd
125,1aa0f8d2b7c9ef683ce33a6989a3e6aa3962eea2,mathlab_pydmd
126,1aaa029dad71a39b4e3be23925c09633ca32f84d,mathlab_pydmd
127,1ac345c63b0a85d614e392409ad2db0533557fcf,mathlab_pydmd
128,1b0dcba2fc7dd093ae3ab5ce89f365a24de3671d,mathlab_pydmd
129,1b88908e149f042b4b39eb1c8eb4cfe60e9b63d1,mathlab_pydmd
130,1bc2a95adfb603bb03dda8df8a96a9b6528841e2,mathlab_pydmd
131,1c0bd6fe9348acca1354f00e08b5fcf999039073,mathlab_pydmd
132,1c116474d6921b666f07539021ad2947d3be460c,mathlab_pydmd
133,1c5776f27ecdea466beb6a7bfc9fd2339543dfac,mathlab_pydmd
134,1cb96df22dd88ae40ae661f62c295ecf4f54af41,mathlab_pydmd
135,1d07a4566fed269dd81be47dbb1517aed78bdcb0,mathlab_pydmd
136,1d90bc34717fff1dc629402fcce0d141b2cab4e9,mathlab_pydmd
137,1db2af2f17d8cccc48f98b87b85a02e65080bf70,mathlab_pydmd
138,1de816bb51fc0c496ecde7a24d78a5c95dca6b4f,mathlab_pydmd
139,1e22374a9f8d6caca6e075ad999924b495f8f945,mathlab_pydmd
140,1ee9ed758581de1f82b8bb51b2117b1272a98d9b,mathlab_pydmd
141,1efa5a6b1d8836538fe3bc347193392941345349,mathlab_pydmd
142,1f15c2a9c70c0991e52446ecc5534604420882ea,mathlab_pydmd
143,1f20a0a1d137519065bd4ecc0f02645e05cc5d72,mathlab_pydmd
144,1f9323c9b04b345526b02af892bdc94feccdd4f8,mathlab_pydmd
145,1fd53643d75f78f748f756d8b95b43e7bb1865f4,mathlab_pydmd
146,2031a4e5038dc87ce6a01a928ae3fac19771bb4f,mathlab_pydmd
147,2034572a08bd5a9754689fc2c66f7c8ff26e4940,mathlab_pydmd
148,20e01dcd2f666c1d52175f547c60b6fcf179b3eb,mathlab_pydmd
149,2158376cf42bae31ce7271b3f9d5179f7e34bfc1,mathlab_pydmd
150,21e9e5b4d6b8dc311f7efa1915dcad07c25e878b,mathlab_pydmd
151,2219d50c59a7e443e74bff790ed2728d331435b8,mathlab_pydmd
152,22299c467021807bd63a4e8b28b6f2955554b33e,mathlab_pydmd
153,22da293f4cd90fa882eeb27ab38bf054328f222b,mathlab_pydmd
154,230433cd01540ecb35b03ef284310f8aa44a31fc,mathlab_pydmd
155,23564ec45640b2198c28102b55e9580c92aabfac,mathlab_pydmd
156,23773c88a02328e80afef6a0af0b07da3668a2ec,mathlab_pydmd
157,23b11136a0cb16bcbd64411594aba80bd380e948,mathlab_pydmd
158,23c375094cd49a9387b8d24394e3e41730bf1b46,mathlab_pydmd
159,23c3c6720920769e40003685c16e141f9fb9706b,mathlab_pydmd
160,23d81e83d5ae0bb63fdae45ac74d3f8433bcfa70,mathlab_pydmd
161,2450d8765da1d0f1b7410feb9183bde7702131ad,mathlab_pydmd
162,245bbed3c30eb55fa4973de43faed24c4b79ad87,mathlab_pydmd
163,24c7ed43fba2e706f5e540cb7fb48c11cd557053,mathlab_pydmd
164,24e5b21140c6c9903df705acc404f312fe3de11e,mathlab_pydmd
165,24e90ade5dd9082065566a82dbb4f1eaad9d6814,mathlab_pydmd
166,25330a9e0a0e7837a82b4465de25121dac891147,mathlab_pydmd
167,25393ecd4cf7990cd5fb16f771e603ca176c10fc,mathlab_pydmd
168,25984f0569137dac0a593b6870fd57fa38a04ca8,mathlab_pydmd
169,25b21d5a9635db10f294966be8962ac5de4e784f,mathlab_pydmd
170,26174bce8ec44e0318eeac8333043063ebfa7e99,mathlab_pydmd
171,261dba98c98aa50f86b14dc509a3333ad1f0d06c,mathlab_pydmd
172,26a5971581bc69c862fe2e2b409e7ebc6e4a0faf,mathlab_pydmd
173,26eab1fef0e265569ce5c0a2e556712d596304b6,mathlab_pydmd
174,26fe84d71aecb9e453bd9defad19d202d29ca7a4,mathlab_pydmd
175,27bbc9bb0b02922a7fe00aa2c8ffb3fcebd7cf47,mathlab_pydmd
176,28555af616146bf10c352ab0eaee91ce23c90b6b,mathlab_pydmd
177,2857384378ec1b319cf8e3e26a3458d8e08657b2,mathlab_pydmd
178,285b5670a6ca86b38338971d029091843f900170,mathlab_pydmd
179,289c7c5e0a6887f8596424a019097ee9ea9c7f20,mathlab_pydmd
180,28b4db003ce54043ee5250038a642756c9c3f401,mathlab_pydmd
181,290c7a260a8e1259e413ddf9ce9b0173508f1dbb,mathlab_pydmd
182,29485782bd86bd0e6d57c2470bcc5075084f3b4f,mathlab_pydmd
183,296a8b6e268280a3110cb010ad46531009d5f219,mathlab_pydmd
184,296bf2629a6f700116553fd414a244461798ca65,mathlab_pydmd
185,29a34dbc47c9eb2b3605124c3a8d8e301d1a38e3,mathlab_pydmd
186,29e9c1b3abc6ec4e4de0f07d88f77dd8e0210a28,mathlab_pydmd
187,2a20499fa37dcdd47c9006e214422b32d40cf9b7,mathlab_pydmd
188,2a36b4c237e3cf18490d7809545a16253859cee6,mathlab_pydmd
189,2ae6420d73627e0a2f456385114fcc6ba6bfa0b1,mathlab_pydmd
190,2b4b92d81e24003ae88ebbb4627f64ca406da401,mathlab_pydmd
191,2bb0b071676153b1cb39934fb21d82bff300cae2,mathlab_pydmd
192,2bfb8337363e21e0e5691999c34556fdf044d601,mathlab_pydmd
193,2c31c648f80ad117954ca26c49d957cb5f63464a,mathlab_pydmd
194,2c44b7f10ddf52ca0bbd33a60423034c47a899df,mathlab_pydmd
195,2c6a72ed2d7ef8b636aefdafe5c5c0bbc69ba3c3,mathlab_pydmd
196,2c71dcff8e7893cfdde82c2f8d14846b99259324,mathlab_pydmd
197,2c9b7642f35d5c7106a63e071a5455e941d3e278,mathlab_pydmd
198,2cda428dc76b20ad914b20ecaede0650bca96fdf,mathlab_pydmd
199,2d621ea446a80ae1d95a427745152fb0889b2460,mathlab_pydmd
200,2d6a93d28cff626b7c8bebe4a6058bfe67ef4748,mathlab_pydmd
201,2d804d772398c660342a5a511ed98204543fc88e,mathlab_pydmd
202,2d9f6f149696e282e063d6c68b6f3c11c6f123a1,mathlab_pydmd
203,2dee8d089089ba3376b2d42e580946cfc499b423,mathlab_pydmd
204,2e7806e1f92d9d8ddfef3561bc243f3f89c1141e,mathlab_pydmd
205,2f40c735c8d2a5818e5002afce5bc1f45238c71d,mathlab_pydmd
206,2f6d24b438f1dad2dca629afe6408fdd5c4c5ff0,mathlab_pydmd
207,2f757b3c349235a46206359e8cdb50ca5a8290d1,mathlab_pydmd
208,2f859b0dd1f6242097baafd19fa48cbab6f81dee,mathlab_pydmd
209,2fe4bb44b329245cb99faf28401677e19bca243d,mathlab_pydmd
210,301dde16a21ff493ec370c80fa5ac8a9fb80d8ae,mathlab_pydmd
211,30b656bc5f7443c947dccd6d1405f2b13fd99dfc,mathlab_pydmd
212,30c2dd1a6cd19871a3a985d53a146552d7b86d92,mathlab_pydmd
213,30db675a46d676ab24854718fd86b1258ac95a87,mathlab_pydmd
214,3115b9eb72bce0aed941daa5d42ad146c92537bd,mathlab_pydmd
215,3193929266658b5f01f5650e69e225c02433f66d,mathlab_pydmd
216,31aecfaca229c0f83dc6cdd5a3f727f4ea10ebb6,mathlab_pydmd
217,323b318e6bce9a36b8fd2607acf3a1a8c3e12976,mathlab_pydmd
218,3250ff2bbd631dca6acc7213e3e6e206fd1ef049,mathlab_pydmd
219,32c6a51c3cfcaa7e1176bb5762b8b56259f7c170,mathlab_pydmd
220,32dd79fe0dca2591bc2f7d9c16f27788c336c45a,mathlab_pydmd
221,32f34597b1ceb59900be9dd5664cb94671e9ef75,mathlab_pydmd
222,339960d7b1f120ac4ae97f199114bd0db0e4ea42,mathlab_pydmd
223,33a19c70e121393b1a4623235f3f30f4afc45276,mathlab_pydmd
224,342e27414199e3a7317844beaafd3c8204ca84bf,mathlab_pydmd
225,344fafe6a59e3711e2ca758f94fb607cb146a42d,mathlab_pydmd
226,3472a38873a4a65eb83d3e8304f3200c8318c71e,mathlab_pydmd
227,3485683ba787c1d9ed6f10d3028a2c271ea9efa1,mathlab_pydmd
228,348e0547b7e9728d033c45ed3cb64e3dadc06ee9,mathlab_pydmd
229,34d575207b53a0193ec650d4be0fb56ad31300cf,mathlab_pydmd
230,34d5bc17ac7a1655a244cbe8cc8d3cdf6ba51810,mathlab_pydmd
231,3527d78e2c8185a39edaa6cd332f62d4625ce7a2,mathlab_pydmd
232,35450589adfc0280902bfc071122c8f457483044,mathlab_pydmd
233,35658a8e243f096861676225803bd3238340eff6,mathlab_pydmd
234,35a4bf54c7b45d8c0e2ef1292c08aba03a66d8c4,mathlab_pydmd
235,35be784e6d3e685f9ce973bef190acf9430d9838,mathlab_pydmd
236,35c4f18e6eda76d0eb4c664636016e12a9d1e3ca,mathlab_pydmd
237,36493d2e84f01993742609310c0ad4cfa7c00b85,mathlab_pydmd
238,365b508312918f20dde7385124ad5bf0d7895913,mathlab_pydmd
239,369521daf2db09629416b81f2de76dcb18c9a18a,mathlab_pydmd
240,36a63f8e82f5302b79acfbaffe188f2abfbeda26,mathlab_pydmd
241,371962be9d80e91833a6d47ee572f6be918551bd,mathlab_pydmd
242,374101b1657c9aa3c9eddc8cc6e3f59a8d22855f,mathlab_pydmd
243,3783c35d44715f52ec6dd278bca31b79f12bdb0b,mathlab_pydmd
244,3784f367ef15dea4174f4b0fce2f836ea4e4204c,mathlab_pydmd
245,3792ab77af68731d12aebc181c33ccecba5c82a3,mathlab_pydmd
246,37accd65a9209fab093160914b1e0e1c1ce2ea04,mathlab_pydmd
247,37c8d95eee651ef6f7729f780cf31ee1917c1fed,mathlab_pydmd
248,37ffc59a35cd3665e091dfa5896d9c12e2919da4,mathlab_pydmd
249,38464e15e6bf4f985fc3341157786b3c974c0f58,mathlab_pydmd
250,38d515ad6580cf22f85625c2315c26c475d7595d,mathlab_pydmd
251,3908349780e8562c87cce93e994464ff5d42c082,mathlab_pydmd
252,3929a42fc3e19119b7ee94962db5a9bbc022a583,mathlab_pydmd
253,3929af69d9415178a2fc54bcb8ddf7215bcfe6a7,mathlab_pydmd
254,396c9cdab20522e9ac0c239738a0290fe8994ce4,mathlab_pydmd
255,3994144fb69ab580c9bab8a4002111043cdf5df8,mathlab_pydmd
256,39ad1605d5032ffb0e8870b6239a86ab76411057,mathlab_pydmd
257,3a867386140c5a28449055c19725f49b0f031133,mathlab_pydmd
258,3a98387ee3b9ccdf4fb9b0e338fb82fa54c6caff,mathlab_pydmd
259,3bb1691d809a860e56571f10d67fffb464c0cffd,mathlab_pydmd
260,3bc92bfb853158e7f87d5cad97f920b06f4d4c8c,mathlab_pydmd
261,3bd551edde31ab68b94a0e76ea8f2a0161423fa5,mathlab_pydmd
262,3bdb0c4b20866411488cc84e15951283361cc011,mathlab_pydmd
263,3bf0fcdc1850dd2863ee35d65840426962ade4a3,mathlab_pydmd
264,3d83d33d341b683a68bfd73a8a98f49fc85ba788,mathlab_pydmd
265,3dbd98c918c2c0c90ed5881e2a16980a44e9a56a,mathlab_pydmd
266,3dc710328d5762605886942ffc468b3e435298fb,mathlab_pydmd
267,3e00b6700cc21bdedc4722fc6f1d1cb7717f2b63,mathlab_pydmd
268,3e36aed0ad9907011a3923dccea6bf7385b07ea2,mathlab_pydmd
269,3eb6eaa8b20f1133090e25301d1e12febc73f9c3,mathlab_pydmd
270,3edaf94ecf8e0398efaeb161bef9a68914962451,mathlab_pydmd
271,3eeb68b37205880a4a24524fac58369b013f6c21,mathlab_pydmd
272,3f5eef0d66dc31eb72504b8707d24b46d6eac18a,mathlab_pydmd
273,4005d9cd83c208ed8ecc20e81ac25ee770c6d72e,mathlab_pydmd
274,400e1091b98f55dc91fa3892b9589116c70d1b66,mathlab_pydmd
275,40179ebc1507a5a9f607101da225c6aa78ffb1ab,mathlab_pydmd
276,40268ed36f738b1bb5452b00ace77b1bc1646c0a,mathlab_pydmd
277,402d9733dd13b1d766610eb6a38cfa86a94b875b,mathlab_pydmd
278,41090c13880f4bcccf6bc3a771c758b3dbbd38b6,mathlab_pydmd
279,41231ba7cbf8cca4a0a0e2ed0f290690ca7e72eb,mathlab_pydmd
280,41341bdff3f973c86934cf1937976b4f1dad2b20,mathlab_pydmd
281,413da2b1cdc476715196b9b0e2b1e624d327adbc,mathlab_pydmd
282,41561428b96fd38328d02e80dbe13dd3f8ef18b9,mathlab_pydmd
283,4164c1f26ed823b39e686a90feba88dd484f217c,mathlab_pydmd
284,42072e076c2dcafe7a41908b3e0827dd53da434a,mathlab_pydmd
285,424fd87100c64c6db29f277905d29a128b4b4df1,mathlab_pydmd
286,42c0270befae2abf7ec5ec62bb52f16e24585cc4,mathlab_pydmd
287,42e40b9d9d433f1465ad765bac4b29cb1658435f,mathlab_pydmd
288,42e9d3051946e01289abc3d0d58f39e92e10002a,mathlab_pydmd
289,431842c6afa7e80f4dbf19048c8733af69ce1977,mathlab_pydmd
290,43465455357cb6f0c3705a425a2552d2700f6107,mathlab_pydmd
291,43916af405ce54a496b1d5cdda20a16af8d5242e,mathlab_pydmd
292,43b03bafa8c1ea32629a14ce97c63edeacd8aa2c,mathlab_pydmd
293,440f9e3a281d7811666283e38a02cf21bd49cd9c,mathlab_pydmd
294,442e56b81a2b7f4fb9a9158da56a0b5d38e39b6b,mathlab_pydmd
295,449cc24c8fd85c9c1e2076fa73a2cd4b1fc66131,mathlab_pydmd
296,449ea439d06ad9d340966120a14ca03e852176e2,mathlab_pydmd
297,44bd7ae33cc919fc59ce7bf30620b36bddbf2129,mathlab_pydmd
298,457f21e06c7d44118d52e72966a995973c176e2a,mathlab_pydmd
299,4581d538a7f390c3bc1cbb317bf8b36787ddc58a,mathlab_pydmd
300,458cf1502638fe4f74a2df54b99ba97173a70e5b,mathlab_pydmd
301,45c58b992cea7db185d0507e9a84eba53837e4d7,mathlab_pydmd
302,45f3dcdb250d37500cdaaaa2a310941b5fc4a593,mathlab_pydmd
303,461ee4700f569d5180335ae5b58ca982e59a6505,mathlab_pydmd
304,464e56afb46bd73540abd9f7bff151f4b1865c34,mathlab_pydmd
305,46816cacce0345233010438cba853a95c8fd83d7,mathlab_pydmd
306,46d788e34d10493a85c648eb396eed3d8cd0215a,mathlab_pydmd
307,470202048fe910714c0e69ff5b7928927925cf86,mathlab_pydmd
308,4702401c23ecaf5c6e67134129f0e83d591a097d,mathlab_pydmd
309,4742dbddcb5da44a9de6833edbb13f41b8af3a4c,mathlab_pydmd
310,4744540a0a0cd7d9817b8e62b7dc1e9110c3e9df,mathlab_pydmd
311,475e5385f8e6837a8d170e25e53302c503f264c2,mathlab_pydmd
312,47909fd5b9a316ead2d66583dac8ca150cda680c,mathlab_pydmd
313,47dc71c145b5d43faf14fc14cc1c9149c543c824,mathlab_pydmd
314,480bcb451b26d11579c904b1df3b5138248d3501,mathlab_pydmd
315,48c1d5e5839929c935ff84961ec7769b9a44bc30,mathlab_pydmd
316,49296ec7a79dcd53988604bf1bfbc9c6f8b8055d,mathlab_pydmd
317,496853d33c7996e6840d3d0ca98d95503e556ed4,mathlab_pydmd
318,4980ba8eef1ecdf9d38f9175660115d29c853e54,mathlab_pydmd
319,49ca93c3065575d1e7eb1b15c544b2d6c020dc49,mathlab_pydmd
320,4a1e394ad625b1557c50cfabb7c0d4d4377e884c,mathlab_pydmd
321,4a78debce28b4441ea3ca13b685ef148c3a05bf8,mathlab_pydmd
322,4af92c59ca9440c66ff970c2d8a4847598a2508e,mathlab_pydmd
323,4b072d07c46ce9ad1ed1729145482c4a87f4f20c,mathlab_pydmd
324,4b22081bbe410f807ffe68a7ddae3989114c6988,mathlab_pydmd
325,4b2c96677247d4b2e95f20950156f0517151c727,mathlab_pydmd
326,4b357ce6d3fef50f9e03822e275693224bdaf22d,mathlab_pydmd
327,4b564954c4ff92d73156c5b67e04a7515b190272,mathlab_pydmd
328,4be0d1ef0b64058ad9f2193b96a5dd04b8a4c671,mathlab_pydmd
329,4c0beee9ad1ab206eaf4205e499b1b7b5adcb149,mathlab_pydmd
330,4c22318a2c00595d180e880cf745b24605915600,mathlab_pydmd
331,4c42913b30e8ac948122233929328dc055c0c6db,mathlab_pydmd
332,4cccaa0f414347749e56de83e13740dee39c219e,mathlab_pydmd
333,4d97487e9b27a993a009e0ca49295393b4ad25ac,mathlab_pydmd
334,4da5f54e6403b0096f9a13147c5e25dc4e42edca,mathlab_pydmd
335,4dacee6c4e682314b5bba80f7dd5d3c8f235ed57,mathlab_pydmd
336,4ddf60b3234be19d0589e990d43d47c826b5d606,mathlab_pydmd
337,4e4d35a1d463bf66128db9c0287a2714952aad44,mathlab_pydmd
338,4e6c998fc397b9172e933a9dea0405005efa5207,mathlab_pydmd
339,4e7709af461aabe6592790cbab55a3c2657980e6,mathlab_pydmd
340,4e87e156d206ea43d00df93cf900cab2b94f6a3f,mathlab_pydmd
341,4e8e01f3138a7a9c8257162a774da0b9b9dee0ef,mathlab_pydmd
342,4f354b084762ddeec5003b92129b3f85e7d2bcd2,mathlab_pydmd
343,4f62008c4b5bddfc3c49ec03185e6deae9bad592,mathlab_pydmd
344,4f8cfc5eba1deaf1698cbe1cfad8541dd6c96d62,mathlab_pydmd
345,4fb22cfdd491958ea379bbd9fd4dc6dfcfc112cb,mathlab_pydmd
346,509de385971ae6c7be4da92ded4b4c98efeb743a,mathlab_pydmd
347,50a38bf8e029de14756d08debbe55d5c928aaf90,mathlab_pydmd
348,510af3079ee321e0bf7b7bcca46ca3c29133a1e5,mathlab_pydmd
349,51571716392ff803ee1e7da77eb0cd06fedc7fcc,mathlab_pydmd
350,51688646a722e290c5c275d543948a4ac641a1cf,mathlab_pydmd
351,51828fbc5f95fef8422de7da099f864a7573a5de,mathlab_pydmd
352,51d2b1bce1e9a0b36ec0febb290264feaaf115ea,mathlab_pydmd
353,51edfa25ecd3031e9cb7f2a5047f55f9f18ccee3,mathlab_pydmd
354,525f41b19bcc87808fd7e6f21fe6b2d023907d8c,mathlab_pydmd
355,53092b3a1aa7d042bf3fa874122f8310c938d1a9,mathlab_pydmd
356,531d5ffca7e884ad575af5c1aebc0a52db6032e9,mathlab_pydmd
357,532d545e05436113f24ade7e566225f25524777d,mathlab_pydmd
358,5354f0fc394211342e9c395be7f2ba50f55a8aa2,mathlab_pydmd
359,5361b0ac11e5859016a2811938e5ca794609c1fa,mathlab_pydmd
360,537e32583f06633a5acafed8e9176df2e5a416ef,mathlab_pydmd
361,5392d86d597cd5fc9482eea9dd4f0dcb25abb603,mathlab_pydmd
362,53d06aba360558d379eaf1c7b880b77f11e152ec,mathlab_pydmd
363,540a9bb26cb6cf7bfd3256609125f97065c27e96,mathlab_pydmd
364,5461cd0931e0c38678cd4df624b4c10a5928a65b,mathlab_pydmd
365,5483d7f003c990e412aea496893d3e89ace046f2,mathlab_pydmd
366,5487f355f2f2b2b242e32676e967b33c151ee85e,mathlab_pydmd
367,549138c4278afc15fa549aa57007a6c9d7aa11a5,mathlab_pydmd
368,54aa4a7127197c89382498467807ea270e497da2,mathlab_pydmd
369,54aee87506927c1935797c5a0a31498a3043a281,mathlab_pydmd
370,54b8ebcf8cf9bd635cf9d7f1562451172b1906ee,mathlab_pydmd
371,54bd155979c3237dc74143163df947e81b5e4155,mathlab_pydmd
372,54c368d151653aa5c4cf07993e50c681c162931d,mathlab_pydmd
373,555ffa5f60a84bd61e3df0e3206815f0b25f47e9,mathlab_pydmd
374,557eb4107940577244ec556b60747f76a31f1a8e,mathlab_pydmd
375,5601898fbb76c842a3b5219e6d7802fa92108aa8,mathlab_pydmd
376,56020496c25124bc9c03d8320bcbbef037a1200e,mathlab_pydmd
377,56073cec4213811ed614142566a9d472f7751e6a,mathlab_pydmd
378,564cae5d0482148edb5140b2c610d8a3676925ba,mathlab_pydmd
379,56b8dbec6257622b1c2d8ad949743717991bf727,mathlab_pydmd
380,56bd965d35c51f263b2a70a81afa4313dbe1b976,mathlab_pydmd
381,576e5de5aee77cc53a03a8f01cdfdf2ace17bc40,mathlab_pydmd
382,57bafd874d90eecf151ca5be8b88fbc6baee17e4,mathlab_pydmd
383,58007f434dec8fdd0d26dc4c4d11c3d1c7d487b8,mathlab_pydmd
384,58145e0df25ad4ed84ec92e1341ac732a7621f77,mathlab_pydmd
385,5840e345a0def00d5aa1ac5018757884b23b8933,mathlab_pydmd
386,5895509577c49f517ba3aec6ed16cce7f2c208c4,mathlab_pydmd
387,589b73ecb32bed7fb271bdf66d9881b33814c73a,mathlab_pydmd
388,58f3ba2fa3f20e95c39a484468197c98ccd83c14,mathlab_pydmd
389,5919243541b3b74983e0876fe6a4caf28266daa3,mathlab_pydmd
390,59e74d1df61e7f48a7e60e90f3a9abb72ec04441,mathlab_pydmd
391,5a57880a66001bfc5574accc1d7f47d6ff2edb57,mathlab_pydmd
392,5a78034f4d745236c851ce45afb87a8917c9df91,mathlab_pydmd
393,5aab31a4628c9cc2343644a704cb87d0b7e4f8d9,mathlab_pydmd
394,5af11629a1a2ab29b8f81dc7b9cd31894840a7de,mathlab_pydmd
395,5af29ebe86677445153a164605758944229376a8,mathlab_pydmd
396,5b2ba672c6656a85a13f314e8f75827daa040af9,mathlab_pydmd
397,5b343e191407d9c4ac907e7ab052cdc4e98094f2,mathlab_pydmd
398,5b47963137ad84a881e64133be444dc8f9c5e1b6,mathlab_pydmd
399,5b6196413e6d7a821a8776cc8b43664e89f4bae1,mathlab_pydmd
400,5bc421a8583681a9141f7cc29f50b2f98276b3b4,mathlab_pydmd
401,5c738f15119910b99316a7d71ca7357591ec8d3a,mathlab_pydmd
402,5c9633afa9c9e766fdff664ae00b7c7e7f3d556f,mathlab_pydmd
403,5c9b07df0d66477298ad28ff2cf0192d08296ede,mathlab_pydmd
404,5ca51ec8b610fd719696f8fa834f2c53368466c2,mathlab_pydmd
405,5ca75eb39631e6bfaf3174170e0efc2174319e17,mathlab_pydmd
406,5d0eab3089dfa739f902ff59e54102153d866417,mathlab_pydmd
407,5d5773998778cd782c251a0bad04c2dd87d43a70,mathlab_pydmd
408,5db54ed1f1ecbb13fd6c896c24f034a04faccf97,mathlab_pydmd
409,5dfc4f7633e6602ff901967be023ae5099adb3b8,mathlab_pydmd
410,5e118d8439c8a3014dfe806fa93d1952f7024a66,mathlab_pydmd
411,5e3b02ee73292111fa5610ceff9732595f8d9be8,mathlab_pydmd
412,5e60ddf0394f4263b5f7de11d178abed913343ea,mathlab_pydmd
413,5e91a17893b1bf9adf27c8788353a22f3d8e5d71,mathlab_pydmd
414,5ea0c68ed275ec863bd5442d3c1021a0be527602,mathlab_pydmd
415,5ea31b0356b831a1a01e91bd60c7c10251202cd1,mathlab_pydmd
416,5f0ff066444c4f974897a0267a1d3a62ec8bc8a4,mathlab_pydmd
417,5f2a7ec5da1f72f29dac9e1e81a3022725b0ca14,mathlab_pydmd
418,5fb506a92d17465c42344b311e76231164149c57,mathlab_pydmd
419,5feec94f13f4e949530d07c99472efb23c5e77c2,mathlab_pydmd
420,601db07cd331946b769d594f4b2ba6a9a725ec09,mathlab_pydmd
421,605a74a6646598cbf43ebbdd868656e096c45d5e,mathlab_pydmd
422,6075b8497c5826aef4ce387325c98ae65171e109,mathlab_pydmd
423,60811d477b114792abcc6769180f128c1c670986,mathlab_pydmd
424,60a1eb3939362578e304003d63355aca8dc3f868,mathlab_pydmd
425,60c40f0ede9b3e04d4cf0badb85b83c4869e93ce,mathlab_pydmd
426,60c4432058929274e972b58d6cb56a878d1d7e74,mathlab_pydmd
427,60e18fde8bbf7c6b308109f5aa2c2909def4dd58,mathlab_pydmd
428,60fef670da636396a2d477e2b9f0740de5e0a4c7,mathlab_pydmd
429,61180260c81b749ab8209059f83e617993ff95cc,mathlab_pydmd
430,6189feaa09fcfdcb51d9ad684c99175c3d28cd59,mathlab_pydmd
431,61c98d94346e37494baf717663b377dc819fbe5b,mathlab_pydmd
432,61d4ad5341e1ccabe978dccedfa07d6d91713850,mathlab_pydmd
433,61defce4c032e168dfb4ce79af167bb25c24b590,mathlab_pydmd
434,61f821487395f40eef46c7e011369d0115a8434f,mathlab_pydmd
435,62112c74fd6253517a41917ab52e510b64b5273d,mathlab_pydmd
436,6228ec5cc1ef7f5d52c669dd63da8b83a46b97aa,mathlab_pydmd
437,62469c2588904149fbc7d4ea3fd831e40c524071,mathlab_pydmd
438,624a520a72eb05d87b83c6a65c8e9c68125bbf07,mathlab_pydmd
439,6288711f8b07b92da13fe6152bc40a58f33bd384,mathlab_pydmd
440,62b2a2bd6c7c56ae3d93f03a3e130484f8cf12df,mathlab_pydmd
441,63643646e7b47958a0393cc698af715bc5070fc7,mathlab_pydmd
442,63ca1d557587ebd06a0a34bd6b2e02cee1abd2cb,mathlab_pydmd
443,63e5c326eb8b4878faa650656b5b32ffc3112a74,mathlab_pydmd
444,63fd1eeb66b4ab9e54e14ed523923ce35fa207dd,mathlab_pydmd
445,64018fd5b76970d0084815a2ee12a4df468b3cbe,mathlab_pydmd
446,6460dab2b75422ca28a1685d5a8beada23975b2f,mathlab_pydmd
447,6492d0ea12239db80fff0696724e033adfa03f1d,mathlab_pydmd
448,64b0afdc0cca25272f12305342c3b9d84b0f0ed5,mathlab_pydmd
449,64be133f54ac4d27395c6979c557a025fce6c292,mathlab_pydmd
450,656c65c24aaa93881d8e0fe1614d316347299e53,mathlab_pydmd
451,65700865c38fdd2905c5dfa8ed8993a2d3ca9075,mathlab_pydmd
452,658afb23b4a21526314b50919496fe8211711824,mathlab_pydmd
453,658ecb291b1b801716ab19bbeb7d18988cb6b2f6,mathlab_pydmd
454,65cdf4208a64cfe9b0ae822137c50894211b7b71,mathlab_pydmd
455,65facd10f28e9ebe2d7191ba69d6179913a5b36d,mathlab_pydmd
456,6694850769c13d34d33bba6894ce15e782674f1c,mathlab_pydmd
457,66d247b9af4a488330bb5cd0dcda633af7376210,mathlab_pydmd
458,66d39baad4b1020f4dd4c8d3569edaddc2fa4a19,mathlab_pydmd
459,676d64aed16d07e5f03c2e6aab9e2c82cab9ea61,mathlab_pydmd
460,67bb74ef0b6c940df2a26feb18361187ed5f59c9,mathlab_pydmd
461,67e2d784a6d8f8edca2ba1b51743e4d39e50cf24,mathlab_pydmd
462,681294c590fce84d7befd6d54051776a8fd67199,mathlab_pydmd
463,68ced54ae8b7acb499da3ccc501b51a6ae8e030a,mathlab_pydmd
464,6947c19d2ee94477e3025e61738f38e8a424b034,mathlab_pydmd
465,6972728d8f9cb8f919b2bbfecfa0151b0cd9bee2,mathlab_pydmd
466,6992220b7244587048fb3e75a596f977c974ee22,mathlab_pydmd
467,6a4b57e7d812ffb3967a82cf5462a0058009b552,mathlab_pydmd
468,6a93d4dff53d3d16cf59a36c91759bd29bfa275e,mathlab_pydmd
469,6a99872fb6fa7ed6e73afeb7190943293efb00e7,mathlab_pydmd
470,6b2e25f973e7a44995ccca20ed1702e28bf35c4e,mathlab_pydmd
471,6bc55bdb6dbe04324293d5a0b7bce098952119a4,mathlab_pydmd
472,6bde46c3dd205a95c53ff9848717671ab64fb61b,mathlab_pydmd
473,6c1074a323f2d42e054d731ef31c404e0f366dfa,mathlab_pydmd
474,6c2c8f09e07fa079a17def566b2dd4a58c4d1c87,mathlab_pydmd
475,6c4a9c0f109677f4971c6db3e551e6830e8090ab,mathlab_pydmd
476,6c6b6519d42527f5fdc79882e823b5768c3b43be,mathlab_pydmd
477,6c869c693dfce264f214fa79b3431d7fa9ac1ea4,mathlab_pydmd
478,6c96656f71e6b94d241935b6ebd0a5cca7b08d20,mathlab_pydmd
479,6cbe7b9e839ac0ba3ac3803c1d31c067d8ef5c0a,mathlab_pydmd
480,6ccfdcdfc1e722373a7013b9c10e475a25b630ec,mathlab_pydmd
481,6d40269377d374b46b67ada39f792b41b2b51b96,mathlab_pydmd
482,6d82393d165493cb9e4acf372fd4cf4d59761bff,mathlab_pydmd
483,6db3648faab10741e68830c13c2206484f6277ae,mathlab_pydmd
484,6de9464311a5fde4843f6fa55b6b324eead57a2c,mathlab_pydmd
485,6e1ebf550377eeababb292fb502524c34820b6f7,mathlab_pydmd
486,6e41d085d72a5ed3f13c6fbe4ee8187089e75733,mathlab_pydmd
487,6f22b4831298e226008ab23f008285672f67ce43,mathlab_pydmd
488,6f46671ad77dd29d48016db7e9c000a82b9a9bac,mathlab_pydmd
489,6f53f856342cbf28efb497e751ed8074caa7e6a3,mathlab_pydmd
490,6f6d557c73fe87f34ba739974c4a084f831d881c,mathlab_pydmd
491,6f8030767d373026acdb9e8ce895c63b6fdd232c,mathlab_pydmd
492,6fb3910cf6ebc9e2b36e4f87dac7752c2e92f8a6,mathlab_pydmd
493,6fd972295ed95c44cde30665088de320f185b5e5,mathlab_pydmd
494,701ad4769c7906fd23051660bed646d39622946d,mathlab_pydmd
495,7048376a6e809a889f710ffc4e0249b62597fc37,mathlab_pydmd
496,70685d5077ab653941c8cbca4c838f6fc11d4c98,mathlab_pydmd
497,706aa08c83e198326e12ed12547d64f1d2782f9f,mathlab_pydmd
498,7148488434a1a974a4e1d126f0c2bf87a5de31c2,mathlab_pydmd
499,714ac2a9779890b16031d2c169e1eabdc46eeace,mathlab_pydmd
500,71662832b664d160bf5a98fcf7b9fa40e8fc07c2,mathlab_pydmd
501,717f8f327a062976db70c48d76880eede77a67cd,mathlab_pydmd
502,71a836a8e6cf77e6d9f5913b53bad8e146d6a824,mathlab_pydmd
503,720902882f9b7a17089563938efbbe64631bebb5,mathlab_pydmd
504,7257c581b8ac640995b78f3ad2c89f10dbedc39e,mathlab_pydmd
505,726fd2e9756acd3e9a1629e8d909d7a8b9ac30ec,mathlab_pydmd
506,727e503c8ad0da7a0b21e0b011d60bd11adc6e72,mathlab_pydmd
507,7318cb80e7085f7fa53ba2b1d32de8c73c616cd1,mathlab_pydmd
508,7350a5585780264508e0a72196cd4824ff9e74f1,mathlab_pydmd
509,73981ba0d56c59ee9fe78a16b49c98f654005463,mathlab_pydmd
510,73bae61efdbd7bc0ac4f91f4f0f7b8d0c2fdd3c8,mathlab_pydmd
511,73d8b7049625de83009a390e57ade18bc59c094f,mathlab_pydmd
512,749c4c1abac91faab6e7a8b440a06d3925f6db43,mathlab_pydmd
513,74b0992b87fa82b572b1f492ddb62362cef97b7a,mathlab_pydmd
514,74c4f03e42f683c2ba066216d54a5987a0accf68,mathlab_pydmd
515,74ea75ac0b7c12571ea3437e43f1dbfdc0c14472,mathlab_pydmd
516,74ea9bd70a8e8b9a6a8be552d85e5c3b3f37a3bb,mathlab_pydmd
517,750382c6b29648882dac0e8b2f7f2532aca93817,mathlab_pydmd
518,76343b81aa04caaf496dfd9b0799f1efd3a54a21,mathlab_pydmd
519,76a5af1f137bd741c7004048f4ec74c0b21f11d5,mathlab_pydmd
520,776a0d31cedf8254f5657daa7d67d642bc85bdf1,mathlab_pydmd
521,7774fe6c927174a6a8abb08c495462f3c53da842,mathlab_pydmd
522,77acdaa13b1b563a491476c85d0067661adf094a,mathlab_pydmd
523,7881d0e9b7e22cbe04e4be80c97ea49f224b7bcf,mathlab_pydmd
524,78e1aa4192dafbfc9382450582d78ea4f03e0d2b,mathlab_pydmd
525,79109f9cefab9e849f10806e6ff1259dc5e789e4,mathlab_pydmd
526,791d4093ac1cdec4fe004cdd223798b7be810088,mathlab_pydmd
527,79f4abd33afe83b764b00ffd0bcd58be23d1e52c,mathlab_pydmd
528,7a116ce9072f6fc7a32398d5fd7be8ec99bc8315,mathlab_pydmd
529,7a241a50ee19e5d88f7493429289d485fbb9da9d,mathlab_pydmd
530,7a79b97100d341a136100a158d73546f3123fe24,mathlab_pydmd
531,7a8edf9767a57955c807e415d1120d93f31ad3f5,mathlab_pydmd
532,7ade27e41331d51ee92dee3ca1e12ee96728ae4a,mathlab_pydmd
533,7adfb951d84460ef064a78e77119d28a978ecfe3,mathlab_pydmd
534,7bce8248bc147c3cb6ce559ba8abb0c926dd07c5,mathlab_pydmd
535,7c1508f9972f632dafcd9a3e7399c81ec2c48b6d,mathlab_pydmd
536,7c16a144ddb082c82d64528eec548401f3a554c3,mathlab_pydmd
537,7c5eb7c25280f2ba1e5f331a1ded8655fb3613cd,mathlab_pydmd
538,7c9faa91851486e309ce4a6abd9a2aa944aa5b90,mathlab_pydmd
539,7cc9c1660c1e7ddbd9292d320e6e535cae748e89,mathlab_pydmd
540,7d0e555876abeb00be2aabea8542a0a7381d6c03,mathlab_pydmd
541,7d5db7e4bc072080bbc76eced5d212a4ae13b509,mathlab_pydmd
542,7d73a125237286cfbb51c19ff977272946fe566d,mathlab_pydmd
543,7d797ed6670e8632177bab5ad1526972a0b4bfda,mathlab_pydmd
544,7e3500d7b6dc5b709840303c1ad85888c7a0a026,mathlab_pydmd
545,7e8eac8cdabbee019d08137a754e6af1301ecccc,mathlab_pydmd
546,7e94d42139e8f567b1faa4f308502b732d3b3698,mathlab_pydmd
547,7ebd10e7beb9fd322482f20094b65f32f8fa299f,mathlab_pydmd
548,7ec180de4e942651c935fe358d600f4df54780a9,mathlab_pydmd
549,7edf862049e5f24e56852472a5e79bfc2ec2f1be,mathlab_pydmd
550,7f34e5d41918235327abbb3ef998f36f5cc0e4eb,mathlab_pydmd
551,7f394e2ac54f1059ecd60d6bba71d772502d5eb4,mathlab_pydmd
552,7f7cd43c9ff758942feb58b162e9352731053d72,mathlab_pydmd
553,7f7d4c1138adac52d19ae8f7381e752736188f87,mathlab_pydmd
554,7fa2b6731d5c81a22a91a1feb55f83bcdb8201eb,mathlab_pydmd
555,7fbcde64ee8b9e8d048a465b3f3fb54dfffad7dc,mathlab_pydmd
556,7fc44665f0077c66224b714138357545ae76b9bf,mathlab_pydmd
557,80254b69bde4cbff6ae3a39444e4938bcdbfbab9,mathlab_pydmd
558,8037837e89845af642dc3c9a91565d47c8a9cc39,mathlab_pydmd
559,806d81394afd84d771aa1f9925e53032460f1d19,mathlab_pydmd
560,80c28da3493c8dd22b5ebd4a1038b9463f65a48a,mathlab_pydmd
561,81029c854402be6945cc0f549c90aa8c05319d1c,mathlab_pydmd
562,813c2b07cb9d43a1549ace1576f35aaee17c8203,mathlab_pydmd
563,8176e8a4f3bd4e8b6abb4b01a3514baee01f62cd,mathlab_pydmd
564,81948883ec5aa42a0e29917c58237222116254ea,mathlab_pydmd
565,81b9692e9962fcc58c8c1ea4eaf97823e54a4723,mathlab_pydmd
566,82059f17cd0b00fb77a91d2b2d85fa90d54d5230,mathlab_pydmd
567,82362716cc2e07beb03077632449d329c5765620,mathlab_pydmd
568,82458bca1e7e56ca0cf7c23390d065a59125eae4,mathlab_pydmd
569,8297bc9e4773cb678aed4f75003f9eaa4bdb46b7,mathlab_pydmd
570,82a54a3b3619995682e0be518ce4d596412a42b9,mathlab_pydmd
571,82a5ab087a7c976f5323987e2c2812b8a51f5430,mathlab_pydmd
572,82b494547539ad69ac4b3ab311397c7c6850a0ca,mathlab_pydmd
573,82bc1898588a15f9092200f00b8fd9c2680ce5e2,mathlab_pydmd
574,82cc359e25111c90df7df9060fe78d99c2f74f89,mathlab_pydmd
575,8391e3cbfdcccfb2e1a4764faf2b1f83044d9b74,mathlab_pydmd
576,83972a56a36438aa0e6f59e121cb1358e14a24e2,mathlab_pydmd
577,83d13ce71823393f19a706d8d704454931095433,mathlab_pydmd
578,83dae51204070334a1d116bef3f903a813a9db0a,mathlab_pydmd
579,840f593cb1f714f81113e6df189a7a4af804d622,mathlab_pydmd
580,84599305e04353dc064994d897108ba6fa29e075,mathlab_pydmd
581,8475493131ec081bbe96b158feb52ca224109b9d,mathlab_pydmd
582,84787e15d6e18ecfa77c8edbb930270b9b67d29b,mathlab_pydmd
583,84a2f229a7b5adbfc2654f551ad6b5e6fb8c0e81,mathlab_pydmd
584,84c6ff7711ddfae05104b6443806e91e56e36447,mathlab_pydmd
585,84fe48ae8608252c4c4ff3f740d0520dddfd1ab6,mathlab_pydmd
586,85711e1523197a050f0e722c27e1127a710e8e82,mathlab_pydmd
587,85a431e3a706cf73a4d748f399a3b018eecdd12b,mathlab_pydmd
588,85bcacc6e4f03af72fc3fc54369f75fcc84c2461,mathlab_pydmd
589,85c113ed45dd2465cf70d69e440b7f865934ed65,mathlab_pydmd
590,85cee1a294ec69b0c7a05223cbae1653221cc9ab,mathlab_pydmd
591,8610b79df455aff1cb7a0f0e8fce8630e1d34fdd,mathlab_pydmd
592,8639c19e57fc4c36467339d767a20132eb3a2d5a,mathlab_pydmd
593,86475ff63fd43feebac299df66845ab44666b670,mathlab_pydmd
594,8678c6fab7f40bc59a9878fdd5d43385365d5c8d,mathlab_pydmd
595,868e3ffaf4146f762d84ef850f73553fafdcc190,mathlab_pydmd
596,86c858d7e866413a30c2666ac218662adebb2a55,mathlab_pydmd
597,86cbcecb866e5f2d7ec988c711d99901e8e9cfb5,mathlab_pydmd
598,86dc6f7d430dc247a7ab0f9e0f5bf35b9a05e40a,mathlab_pydmd
599,86f91e853e1bd8b39d495d982706fdf2bdc94a53,mathlab_pydmd
600,8711569c461439f3c7dc6eed0131e9b59d6d518e,mathlab_pydmd
601,8720f60d1e62455d0639c6b622b6d17424b7aacf,mathlab_pydmd
602,87e79d62acdf19b9ef3ad47e439911ab1130e54f,mathlab_pydmd
603,8832afbedce76e19d315f356c781e062c93245f5,mathlab_pydmd
604,8833e7a7f9e5a32132c7a89a7637d0e0f186ccdd,mathlab_pydmd
605,886ef535ee140ea741bcf566a6410a638fb27457,mathlab_pydmd
606,8880aa31190ae9dffa08f1cfa1104c25c57c66fa,mathlab_pydmd
607,88b4071d8d030ea7e560ce43dd40797e40479120,mathlab_pydmd
608,88dc666b3a21869db113bd14508bf2cef289bca2,mathlab_pydmd
609,8928e33289c0d839c4466686297dccbbe79b8756,mathlab_pydmd
610,8933824a05aeafb58f4458189eb3d033f6d1d51d,mathlab_pydmd
611,8a368220be9cde91a6f21201f37be87e78323850,mathlab_pydmd
612,8a8d1f8b60a3d3aff52c7f0091f43ca77ba694bf,mathlab_pydmd
613,8aa047306d0f959bd51d72402d94b06323603894,mathlab_pydmd
614,8ab43588875364dcf9bc0e53637b1a165fc5884e,mathlab_pydmd
615,8b0c6f3b8981cbba7d42e78bfc7f833885c7a250,mathlab_pydmd
616,8b894630747a403c83f8c66b508fbf5a711ee3d3,mathlab_pydmd
617,8b90b6c945bbd7fce70a7440231a47db6bce5eaa,mathlab_pydmd
618,8bd6ec65cab40c33a40e3316459275af7db5dded,mathlab_pydmd
619,8c0b14976651c8b1e9a4ad0b60d0e45a10517de9,mathlab_pydmd
620,8c16658d8d4131518aac4ed4b212503da24e8247,mathlab_pydmd
621,8c305b62f73a16434e13da0fffb88cac46602cac,mathlab_pydmd
622,8c6ad76f9580d30e42b03e0329c8adb3b5aaf680,mathlab_pydmd
623,8c6bafdf46e38c2f48eb11f89b71aec89ae598ae,mathlab_pydmd
624,8c872dfd152b6337599ccb5f2401eb8eff9e6145,mathlab_pydmd
625,8cb5d612a6de0ea2b32be9c1f35b16fe3d5ea7f2,mathlab_pydmd
626,8ce0133ebefc37fc8820b7d4ff9826571218a2a9,mathlab_pydmd
627,8ce6f1b8cf561af72d94f3e869f98706350b5bba,mathlab_pydmd
628,8cf3340ecf367dc38fe16522d493107295b6f6be,mathlab_pydmd
629,8cf67d77efdb773b40c5c5477ad900a112ba53fb,mathlab_pydmd
630,8cf995a46b15a411fcd699a572a3d54003ece527,mathlab_pydmd
631,8d32288ccd08731592faaecca45f242f1cb3b70f,mathlab_pydmd
632,8d6fc0203a09fa10ecedbe28c6b49a57bed78b63,mathlab_pydmd
633,8d9c3be32eeba465680a7073fd6b0c0f9118324f,mathlab_pydmd
634,8df2112aff562527e8e68a19a0829a7da44f986e,mathlab_pydmd
635,8df9837e92cb8755ebdc13ad53e84b6dd37031aa,mathlab_pydmd
636,8e6d024b59e89c9dfe00b794fd2e52d98da9513f,mathlab_pydmd
637,8e720edca109d06daeaeccbb1f5a40856d5c99f0,mathlab_pydmd
638,8ea6506a21f79ee8eda8d97f6b4f1df15ba3351b,mathlab_pydmd
639,8ec829364fb4333786bdd12c81c508d3ea08c3e0,mathlab_pydmd
640,8ed3209f616de8ca77a06f62d0c881681ad9dc22,mathlab_pydmd
641,8f93bd279fba02a8d01c13e0e5b5f21004a4df66,mathlab_pydmd
642,8fbf77a0ca42c5464b92769b9db18dd64574b0db,mathlab_pydmd
643,8fcae6c88d901dd11a2005b1f21627af91597751,mathlab_pydmd
644,8fcb5a600114ad19cf45d8d97e5f47c5812ecea9,mathlab_pydmd
645,900871dd250cbcb0d76c597887bcfb01831ea6f7,mathlab_pydmd
646,906192cb9e53e08bac4b8df16dac639142043e46,mathlab_pydmd
647,9069fb63e4d649e6ea3a2d8c46cebb8ff72f1832,mathlab_pydmd
648,9079e91447d6aa3222db093d1eab0fedc2938ccf,mathlab_pydmd
649,90b2ea87f3789e4b535c1960be542cce601bee89,mathlab_pydmd
650,910969031bf58b71b2f29b610788b2eb5e5da170,mathlab_pydmd
651,9132012854f852972cd6a3331090f0c3f69e6971,mathlab_pydmd
652,91405bf158bca528ae3556a5266ca38f73440ae8,mathlab_pydmd
653,9198371bf624c2bea6339abc73ffa523432cf0bc,mathlab_pydmd
654,92069df8b193591a19f0a5679225dcb71ad1f3ac,mathlab_pydmd
655,920d3861fdb5610ab589ccd09d21ef0700f6b431,mathlab_pydmd
656,9214507fc691ba23dc6e695ba15d217a3296bb05,mathlab_pydmd
657,92b33ee3e87b1483bc36ef0bd70664393cff1f6e,mathlab_pydmd
658,93362811ae3c4e842be23d5f8d5b71affb4cf42b,mathlab_pydmd
659,937bff4977303eca44979f10f08b8de64f105da9,mathlab_pydmd
660,93920c88f5117ffb36ec37bd9b422ead16beb206,mathlab_pydmd
661,939fff5a8bb792c2439b739e836065cbd2c75805,mathlab_pydmd
662,9468956d6027577b3d8601447209c93512f63a4d,mathlab_pydmd
663,94c7f3a40e10510534b090358a4e526534fa0919,mathlab_pydmd
664,950d4db0a5f331e1737b798f59d0d47f303c3f07,mathlab_pydmd
665,9535a906c1bcd13ff4ee2544850b2333969117ed,mathlab_pydmd
666,956c7ea8ef87bbff05cb801fc9dc9ef186bb10ac,mathlab_pydmd
667,95ebac8b964e624d7de93171bd9ec3ad7763dee7,mathlab_pydmd
668,95ff01e3dbd1354438041486942b896ee26b013b,mathlab_pydmd
669,961b059d41adf99a69bce31b6481cf378aa7eadd,mathlab_pydmd
670,9664f20da82ec4e02a9625f679432ef644725d86,mathlab_pydmd
671,967b1868a1810de8c9d7f730594aabbd88844b9c,mathlab_pydmd
672,96b03c3a8687e97f276dd116ebffa16a79cfe016,mathlab_pydmd
673,96cccb7541b1157ed9adbabad36f38c4a35da8fe,mathlab_pydmd
674,96df477103714a2ed8dcd5ad7490e2cf6d276263,mathlab_pydmd
675,96e1374358776022ec97463fba777ec24c4a72d9,mathlab_pydmd
676,9743c8494e77d65b0108ab2a7eb72b274bb69a0e,mathlab_pydmd
677,976d222331a78a2c7d958c2e25036b25a05debd4,mathlab_pydmd
678,9774166cdc98d8f127867ccafeb6712f1265f1d2,mathlab_pydmd
679,9808fcc0b66d942c17011cf6165cd14749051b5a,mathlab_pydmd
680,981f72ca6e860a7e7be533dbaa52ef43d6773cfc,mathlab_pydmd
681,98e2422d99d8489d28ff3929a86dd4dd5bb5ddbe,mathlab_pydmd
682,990650c048beb84cb593947d508b00109400e55f,mathlab_pydmd
683,996157b646380a1fb372d0c72b75bc457dae88fe,mathlab_pydmd
684,99742bfbf6abddaf4cbe5f4178fadd5168a22abc,mathlab_pydmd
685,997e812fe526909a56cff09a6da7f83da5fc0ade,mathlab_pydmd
686,99c1efad5bf8edc55a1d57da11501083a7ddefb4,mathlab_pydmd
687,99f098b1a8a83d81f3cf1b4fbd9978537b002154,mathlab_pydmd
688,9a42aeba9a5cf5a05dfbfeee96ad18921b5e52de,mathlab_pydmd
689,9a82f7c05e0b7d73363b03037011fcf9e0cb654a,mathlab_pydmd
690,9abae4cb3d3c0bfefa238c798a4867dbf170b54c,mathlab_pydmd
691,9ac9b810f14d1e3c27d8de49464d698577aa9b49,mathlab_pydmd
692,9af35a082fcb4702ccb69f8d8a8c2b854e8f163f,mathlab_pydmd
693,9b34d1b73a357f1348f6bc802b72928f665a2d65,mathlab_pydmd
694,9b6d2faa19e741b57884a920c6984a01f5d2e27c,mathlab_pydmd
695,9b851dcb653b70e533af2a3588f78a5af170b7ec,mathlab_pydmd
696,9c1880a6de0af4c37d681692e3d99313430c3728,mathlab_pydmd
697,9c18f5512346846d09e66c57e27662e0ade258bd,mathlab_pydmd
698,9c80d4b90b0ac7e83ffc4240cd86c964869f42fb,mathlab_pydmd
699,9c902924c12daac47b8ea0417f5f1417091f5af8,mathlab_pydmd
700,9c966b950b1b62841bf99903f83d5d16715a7053,mathlab_pydmd
701,9cac1165d843b92a2b1ff007180d76509c9881d6,mathlab_pydmd
702,9cb45f589c3c98cbac2c89b3e7b276dad81d841d,mathlab_pydmd
703,9cccbea8235a8f63ada3b8bc3bd980e4851f6798,mathlab_pydmd
704,9d1898aec14a2c51d78d675264f1eeaf467cc8f0,mathlab_pydmd
705,9dc4f927000d1d8d00f99137380766f5e89634a8,mathlab_pydmd
706,9e673231f403105d5cd024aca61401b89cc474d0,mathlab_pydmd
707,9ed38df4bf3029e874cae5c5ae02db9dbfe83860,mathlab_pydmd
708,9ee648ae2a57e3c222fdd590492ba16e130acec5,mathlab_pydmd
709,9f0ac89db2f129d6164ec6692ec009b1864f06da,mathlab_pydmd
710,9f29590103e1b92e94d3fb47d2b2e6932b8d7992,mathlab_pydmd
711,9f4445b2cf66b015f46fd2bb94fae9e121e62999,mathlab_pydmd
712,9f5e96ef21e7d044df2ad5d4b7eaa386f691aceb,mathlab_pydmd
713,9f691c288832a4d8e400d32136d7d378f699a796,mathlab_pydmd
714,9f836df1fbc2086fc0483f29e72d6e3b76ab5a16,mathlab_pydmd
715,a0005bdbc1c37b502e131407c1b4896c41db9649,mathlab_pydmd
716,a02b892073420fb896c90639be441340a300b07f,mathlab_pydmd
717,a02cf833ea9ebc9b5f4b7f001be1c85bd9445317,mathlab_pydmd
718,a07ef837b958aa91f629c4fc906e5db588cf3cbe,mathlab_pydmd
719,a091b65e8e2c9076091279f760a9785094c7b5f7,mathlab_pydmd
720,a09aec4ee98f89dd4f35f05f5077791ca877e0db,mathlab_pydmd
721,a0d5553ce341095400f6c789164914d30afa1720,mathlab_pydmd
722,a0f064b0f1def2ebbe2376e07e917b0fbfd6fa33,mathlab_pydmd
723,a0f353f6744d7c9df19ae94c6175ccc948f9977a,mathlab_pydmd
724,a10ab00c6c0a70f46a29ea4d38cd9850217f301f,mathlab_pydmd
725,a110e900d994d16f9a320eda6f0113a034929b86,mathlab_pydmd
726,a116ffa7e4266e36eb8e17a0cd2f8ce6dfe73d3f,mathlab_pydmd
727,a162e36cfd969d66225f461f10825dfc656121aa,mathlab_pydmd
728,a175bdd2d91aad8a20b30341f5f9d0879fcca69b,mathlab_pydmd
729,a189479e02f31764fb5db59487ea762ce66d0f02,mathlab_pydmd
730,a1d6dea15134c0f94c1f4af6c7797381f355107a,mathlab_pydmd
731,a1fa059b70f362056013322584a1601306f41a3e,mathlab_pydmd
732,a248e113eba24de6d00705127c40cedacf23e1f2,mathlab_pydmd
733,a275505ba22edf63dc2b6f5d13190d71a1896544,mathlab_pydmd
734,a2a0b8287ce4ecd839ddcc03877655181dd1115f,mathlab_pydmd
735,a2aa2094a857e5b25a839747f0074f25e3d25cb0,mathlab_pydmd
736,a2bd64b47080893783ef7bb2841e7c9462e8e6bb,mathlab_pydmd
737,a336f8ce6dfacd0cbedc94eff87f4288ffd579d5,mathlab_pydmd
738,a34043402d6ac80e528f55c06ecc00f5b87e2f18,mathlab_pydmd
739,a3d6da46da1b97df622cf59f132f85a8d995ca0b,mathlab_pydmd
740,a479e0ea480b2306c737724d56d4fddb43aed021,mathlab_pydmd
741,a48fb45253645ad419ce6b058b136ea8123443c9,mathlab_pydmd
742,a4e14c2b207a08face2fa601a65a19b201256d04,mathlab_pydmd
743,a500f60670aa72435f059fa17546f5557b675338,mathlab_pydmd
744,a572278f60961201ec4b2aca5ef430ebd9946779,mathlab_pydmd
745,a58d23bc0a31234b9c7fba948cce430f7c64e0f2,mathlab_pydmd
746,a62301e16eef1df4bbe09e390a2c3d86015fe765,mathlab_pydmd
747,a6277fa594e041cdb992559287b77165e1e3f3fc,mathlab_pydmd
748,a69a2bae741fe4ffdedd67fb55c452fef0fd0d4b,mathlab_pydmd
749,a6b3345822b6ebf5b6c0157408077f42d6f15167,mathlab_pydmd
750,a6ee0ad0b264125286d77890b8cc08515bbea316,mathlab_pydmd
751,a7695334ab5392bc3cc8b19cc7b3ec26236f07ac,mathlab_pydmd
752,a7d73497b1b654c5b0e16f2bd69b309b539e0c63,mathlab_pydmd
753,a8d1079e0c73af56f0ee01ecf201eebaf0b9b0f3,mathlab_pydmd
754,a9c0046e96ac4fefbf7a171cbc68ceda8bd33b28,mathlab_pydmd
755,a9df5e558066dcbf1abb00e96b95ba355938c36a,mathlab_pydmd
756,a9e296b3565ea2b055a1604a516d12916cb80555,mathlab_pydmd
757,aa00ab76664512995dc73c2b72725951e0b4503b,mathlab_pydmd
758,aa0c1c7b71c36762b425ecab890527525f9e2bb1,mathlab_pydmd
759,aa0e0a8d6dd72f390d78bfcc0108abab5f2886d0,mathlab_pydmd
760,aa3d3ff5932f45cba77129e05aee10fa660c71f0,mathlab_pydmd
761,aa3ee33d7d6327d56fdee1ee479b4b85f0a1f651,mathlab_pydmd
762,aa5ec68be44a435eeb20ba6933bad75544fe8a13,mathlab_pydmd
763,aa80e61750f2674644800d464bec2bbf5a2ca4f9,mathlab_pydmd
764,aac2b9eea830e23d2731ff98cf448d2b39c4d634,mathlab_pydmd
765,aad04b6f5507b594b1b0995d0875359f2c736d33,mathlab_pydmd
766,aae296848d7e1aaa6a85beeb60537f21afe06f3e,mathlab_pydmd
767,ab10eb037a4d369ac0ab18c31116d68567911b37,mathlab_pydmd
768,ab7b11b8222cc3dc0e5aa3210c8fe26edaa3bebd,mathlab_pydmd
769,ab8df2fd3b2a401181ead03806d2d4385262d4a6,mathlab_pydmd
770,abeddc5db7ffc3afdb440a251d7c239f80590f9f,mathlab_pydmd
771,ac2c800cfa9fb23ab110d2b2957b5681e2aa5055,mathlab_pydmd
772,ac5852220aff3f450731c295c4e5c3962accb6d0,mathlab_pydmd
773,ac6be358ba855cb7de2e674532f299bb9c9cce74,mathlab_pydmd
774,acbb6d25ddbe7f4810a9ca7832a9b4ca154e94ee,mathlab_pydmd
775,ad1bda93f7e926a39cbf3ba96d12c31328bbf9bd,mathlab_pydmd
776,ad2447283200450410ec3933ad26d789c6a5c359,mathlab_pydmd
777,adc875334a4d857dd4fd59e4c51716876dd4f6af,mathlab_pydmd
778,ade866928eb96cdb13179e8c27348310e5785349,mathlab_pydmd
779,ae5a8dbf8afb89313bc7de91782be632268428f6,mathlab_pydmd
780,ae69a4dbb537c1eb5a5b50720b51db5297f76725,mathlab_pydmd
781,aea47ea57dab8e21974d135a849b5e719ce674ec,mathlab_pydmd
782,aeaa3af712afbf3bbcbac451ed8f1ec1117e06b4,mathlab_pydmd
783,b05d9b19d1077b3d149a23b12ed4811a5a0c6ccd,mathlab_pydmd
784,b073a249deb457df751f0fe143fb483ed380c6b4,mathlab_pydmd
785,b09930979de43c937b977e2aaff216632aa6a505,mathlab_pydmd
786,b0f52949a529d13c61402cfde0b6fe3e708dc7bc,mathlab_pydmd
787,b0fbf2bc233f1783352fa9039801cf175187da03,mathlab_pydmd
788,b13017432f60d0f5fff795ab3f90e626f8d35921,mathlab_pydmd
789,b16174621ce99695015873a4dc27dc201407f792,mathlab_pydmd
790,b17059ad09da55386d6516cdc2c7720a5beef8db,mathlab_pydmd
791,b17710d565140c8b9e709504f029dc90c98c88fe,mathlab_pydmd
792,b190a6a42b9dddb2ae47cbfcf2a8bb32a30c9e4d,mathlab_pydmd
793,b1c97c31f81c792dd5c93b0f7e1336fb3eeccefd,mathlab_pydmd
794,b233cf3f1ae1d756af20538b79cdac13c3e253c3,mathlab_pydmd
795,b240136a54a7840de5e520eef11720dca6c8d708,mathlab_pydmd
796,b252f3f80ba3a4c30bec073b8c21043ca6e89b00,mathlab_pydmd
797,b2c6914f4a6e156d1d29dc28da54b2582286cab8,mathlab_pydmd
798,b344b2b324af5a0363df3280fa58dec966d05ef3,mathlab_pydmd
799,b3a30b4bbddacd4073684dbcb86d9c6b27ee8da7,mathlab_pydmd
800,b3c6585b9a7ccceb78ef9d2cf12494784450b489,mathlab_pydmd
801,b42fece534b2e49b5fa21195a3150778446e8ce4,mathlab_pydmd
802,b4a0044b9ee1beb539baeb9cb70e8ec172adea95,mathlab_pydmd
803,b4f86f0496686a11cb8f5179eb5060d869c65ad2,mathlab_pydmd
804,b538ce7df914bf598d4b59872ee080bbff854ca0,mathlab_pydmd
805,b555c9d8654de7341f40f57da279b6153dce3ef1,mathlab_pydmd
806,b5dc9b6e41658ac97e316681cb182692b7e2cd6a,mathlab_pydmd
807,b5f15e3b86d40b8a88ccccf8b1557cb053ea4157,mathlab_pydmd
808,b62a646feefb3bdbba8b5de1e208608220828cc5,mathlab_pydmd
809,b63b6e29382993d8040c5f37dccce400a423c014,mathlab_pydmd
810,b6772976ce68aec06f6e71bfecc3e495e5f2a02c,mathlab_pydmd
811,b688b4c8d8b20fbdd77b36eb2bd72d2f6d8adde8,mathlab_pydmd
812,b68ab541170b6cc09b05fac510c4ddfabb11ab3d,mathlab_pydmd
813,b699641a9a49453f737915ed0b9f31d73c9654a5,mathlab_pydmd
814,b6a47de628eaa485a676f19a97b8585ea0358ac9,mathlab_pydmd
815,b6b38fca2a0a3f41766294465403d917eebefb3c,mathlab_pydmd
816,b6eecc9651ba9c396eb027d83650611bc48a9dcc,mathlab_pydmd
817,b70da6a11f1ccf72054eb68079ac2d69adde16c0,mathlab_pydmd
818,b768e433195ee4842bead958e5cc8a0ad4432759,mathlab_pydmd
819,b77b4e2c0efe956984aced91c8844e952a444825,mathlab_pydmd
820,b78fa70db15ce18b89995bf0e92f388a30d1d151,mathlab_pydmd
821,b79b259b8c008a8d7d4fa116a6eb41f1a32a7d83,mathlab_pydmd
822,b7af3f0a67ae706640f43d37fb0397aefd0fe6d4,mathlab_pydmd
823,b7d421f186ac1e1dd9716eb05964d58a4854c2c6,mathlab_pydmd
824,b89b3a20c94b417847293495be712527c5c6af9b,mathlab_pydmd
825,b8c5dc53f33cd15b0a512482a7af745cbe6b3649,mathlab_pydmd
826,b97785a75e8314cf4bbc56bb138871371deb4913,mathlab_pydmd
827,b9e14bf4676ec3aadb48b8272c9a249abdfaf66a,mathlab_pydmd
828,ba10539f2c7b4cebb551b5fbfce2639e79fc5a62,mathlab_pydmd
829,ba4ce7731551ac859598f5fd15772e82799d9234,mathlab_pydmd
830,ba61fd1c2060c5f826bdf56d8d4fa821209cf90a,mathlab_pydmd
831,ba7de40b7699fef81ba57c4bb147078a99f86607,mathlab_pydmd
832,bb173b362736a55d43263907b2d7f0fcae0ca6c1,mathlab_pydmd
833,bb93d4886466d2530ec5712d56875de8b4687c3c,mathlab_pydmd
834,bb9f8ea7853de84451215aa78586379dc0a1f3ae,mathlab_pydmd
835,bbb44a89d0c6c60737a90ecc6025422de1af4237,mathlab_pydmd
836,bc5af3224762a1945cc3fcfb9a2ea12b69d6d878,mathlab_pydmd
837,bc8a5ac726de027adecdcfa0d09cc545e6784d82,mathlab_pydmd
838,bc95a07d2a995b0fbaa7ff3a96553d610ee6f6da,mathlab_pydmd
839,bcb4172ca527d54e5ce67c539f87346cdb94ae1f,mathlab_pydmd
840,bd04695431b164cbc1d1c0de5f88bcbcda8a7194,mathlab_pydmd
841,bd1369d076ef88e943c6249f9ab391657a476c08,mathlab_pydmd
842,bd1c4c6b191ca58570ae403b2d8024054a6d5079,mathlab_pydmd
843,bd49b2fc962d4476c55bc3b77c33e525acd980fd,mathlab_pydmd
844,bd6f7e0c3983c835705ad676607b2fab8f4acabc,mathlab_pydmd
845,beda9d32cf7e43c55d1061d16e54095f453a75dc,mathlab_pydmd
846,beea36b6afb51108f13a07075431805c15772386,mathlab_pydmd
847,bf13015d83d8873fa5d24cd1e56008f29cf1bd7c,mathlab_pydmd
848,bf19842c30eeeca603c894dac8d5adf39d9d6605,mathlab_pydmd
849,bf7156752131798f8b7b5d73c86779c3803e919f,mathlab_pydmd
850,bfe61e4f50d8085c24eca8c3ce43465f34ff1603,mathlab_pydmd
851,c040c3b508d7435c853af6a665e5da92ec9a0074,mathlab_pydmd
852,c052c9937e2c0c2394ad82d924e17db7c68866db,mathlab_pydmd
853,c0d6ed3a81f37be2407b08dbccd295f30ee59733,mathlab_pydmd
854,c0db8a981588e0a54410d4f2c22183201d41c5bf,mathlab_pydmd
855,c0e7dadeca3a8b306b0c32e57a2b246c49a8866c,mathlab_pydmd
856,c1f923003b2e0fbf03b849ca33c5a4219c74f3cf,mathlab_pydmd
857,c213cfa46699deb548a99c98dc4ccb0e7059ce16,mathlab_pydmd
858,c2bc4f705c564314c2ccd5c2d817efab678ed4b5,mathlab_pydmd
859,c2fbe22dae85b89340db0cafd5346d1417a12ccf,mathlab_pydmd
860,c302d58c078c169d40f8408a7d3eb4ed8f840876,mathlab_pydmd
861,c30de7fdd0430761f79e9026cce0b2f89bec8ede,mathlab_pydmd
862,c31f3c15e48a6dae541bb7d5442d78ac34e2e2ae,mathlab_pydmd
863,c322d40eef97819e75e2756cbf4010e1f0dcf063,mathlab_pydmd
864,c389dfd4f660600c787836d14e9ced78c6b72dee,mathlab_pydmd
865,c3a9888549b99376e272ff36aa6fb2a3c4002f0f,mathlab_pydmd
866,c3ca592234b5b0ee9749f9160ae2e44ed687f3e1,mathlab_pydmd
867,c420d1ea725b2b0a68533d4f45abc702b682a643,mathlab_pydmd
868,c452cbb2cf43b6ab9c1fcac6f9f4df6e61fcc44c,mathlab_pydmd
869,c47d76dca1e0737aa9401822488dfc4d4551fcf7,mathlab_pydmd
870,c4d2bb30659d2a5ecd0daee28fa306df40847a85,mathlab_pydmd
871,c4f29d8903ff880257fa536af209ff6c5c772a87,mathlab_pydmd
872,c4f61e7ec85abe8bbdd21aaa160e4e79feb148e2,mathlab_pydmd
873,c569534c2fd7cc8978f043b130578a042ba90281,mathlab_pydmd
874,c5e3c4b3c57d6c012096675c8075c96714d52d00,mathlab_pydmd
875,c622f173d50967c7031602ab0778b2f82b7a42dd,mathlab_pydmd
876,c69fea14f2d49b5de14d242d1130b9200b8a5167,mathlab_pydmd
877,c6a0632dc30cfd662c291ae76de3921ad0a0f4b9,mathlab_pydmd
878,c6aa76aff88fd0968756cf44f25acf3a5df4466c,mathlab_pydmd
879,c6de13928b608698831963d64843d645fe86470c,mathlab_pydmd
880,c784107e203e7e286c341a99061c5a60a5f53b8f,mathlab_pydmd
881,c7a2ee0e8154cf2f83ade848851b1e13159b56c2,mathlab_pydmd
882,c7fc14c4f0035f8ca6e33baa96d8398beb60ccc3,mathlab_pydmd
883,c7ffd4b8db67cdc572e837bab7eb5702f6a251d7,mathlab_pydmd
884,c8277da28c429eb910d49214b45ae064902aed74,mathlab_pydmd
885,c82a28da7556728e763e284d33cc5394ea6fa81e,mathlab_pydmd
886,c8b8013f419c85c0af6ff67b8cbc62fb450f1bd9,mathlab_pydmd
887,c8c7d684510ccb774d7a18bd6a31a51a5c856cdc,mathlab_pydmd
888,c9746ecdddff5dcc83f6ef35a81682c9ae293a76,mathlab_pydmd
889,c98ede0e32e8fb4a690145218f86d39f85da4dc0,mathlab_pydmd
890,caec930a223cacd17edce0bd5ed5d503dc054cc3,mathlab_pydmd
891,caf2c06fa9247848bca0cb02c59bd479c5448b0e,mathlab_pydmd
892,cb52961f2ff1eda24bbfdecbf94320d76d8a00dd,mathlab_pydmd
893,cb757de722bbb26213564acf77f595cf70b59133,mathlab_pydmd
894,cb7f10843ce8b47949fca00e5065676c4900fd66,mathlab_pydmd
895,cba0cddfef3e8e66a6e82477c892466295d6c68c,mathlab_pydmd
896,cc21dab78ab422e4389783b3d1320fb262395c21,mathlab_pydmd
897,cc4c23f5ceeddf097702c77f5b5330666ec00508,mathlab_pydmd
898,cc534bdfb21afe4872b3d968590897818d17aa73,mathlab_pydmd
899,cc6ecc2ee686816804acb2feb6cf158498b3e7b3,mathlab_pydmd
900,cc9fb847b67e8ccd4953c5b29a3b3e1dd0337345,mathlab_pydmd
901,ccf8c89f5315788daf92f2a944e177b9ee029b91,mathlab_pydmd
902,cd5f96d23d12c2e0e033510e9d7c8a3cf82223d4,mathlab_pydmd
903,cdb18e483dc40a9f45d7876a69f71902c648f9b6,mathlab_pydmd
904,ce518708bbf7ada9b6bd4d0ba625388c24f6a45d,mathlab_pydmd
905,ce52394fb70135d1348d6f98d5d4dae946788ec4,mathlab_pydmd
906,cef05ef32f2f543ce28ca299e9f32ec226571bab,mathlab_pydmd
907,cf1a5793fee2731e08a942d7b8a6ea95ad36f17c,mathlab_pydmd
908,cf6abda00b46e6304fb023426b1aac6391bad091,mathlab_pydmd
909,cfb6afcdedecb3e700fbe8e4b6e7b39bad954368,mathlab_pydmd
910,cfe4056c98aa4a62ec6e2b3beca272fb1b6fa023,mathlab_pydmd
911,cffd6054a8e32c21168527a2900ead8a9d1662c4,mathlab_pydmd
912,d00362f288643e6cab52540a0a48a0bc130a7b4c,mathlab_pydmd
913,d01020e9ddeafa1fe463ee51af6eb9faf71496dd,mathlab_pydmd
914,d0d83ea46b18629e408e6a8d0173232de95734c4,mathlab_pydmd
915,d0d9608876be7a212d2b75b1917cd6b6f22ee6e8,mathlab_pydmd
916,d10a7cac50c3cb7dbd046301ef1be71a47141bc7,mathlab_pydmd
917,d13c16b6c6722e8593870e08ec8b1af6798260c1,mathlab_pydmd
918,d16f9e6850fd718aed3c3ca11b4daa356b458549,mathlab_pydmd
919,d1e6b572c6fd9ff986acbbeefa98e847fe20bb21,mathlab_pydmd
920,d1ee5ce3c36c47d79d9e90306f23f3e21ca5aedf,mathlab_pydmd
921,d1eeea5494f008dfd2740d2e2672b17c59f74a5a,mathlab_pydmd
922,d2111dce08609c120ec9f72456a92a60fdf7d3c9,mathlab_pydmd
923,d2718c39f66450e52a74805adbd33157446c4438,mathlab_pydmd
924,d28daea4f9f09b805b13152d28282a149d4263ab,mathlab_pydmd
925,d2d7543d2667194e26fb7b2af57bd0ecd978a396,mathlab_pydmd
926,d2f9f8108309942013919dd114dc9d991e3a78c3,mathlab_pydmd
927,d30389fcd94ea66a4dfa3688360f514a7fca1a5c,mathlab_pydmd
928,d34a9f0fce4f82471fa298c3700259cba35cc88e,mathlab_pydmd
929,d37e6401c1dca573833dcdb7a624a52210ac37d9,mathlab_pydmd
930,d50116ec666f116faba24a53716efe93308f2ae6,mathlab_pydmd
931,d506972f92c23da7639e6da6271c4ff16790d594,mathlab_pydmd
932,d58b6529e37e3c3e272bb87ad78cbc9ff257240a,mathlab_pydmd
933,d597d19226972da1885a9321920a464772e8ac59,mathlab_pydmd
934,d5de5814f0adb1dd82596ecab0b2fd211e1ecd77,mathlab_pydmd
935,d5e6331b88699dabdcf9175a15cd28e2da7c2260,mathlab_pydmd
936,d5ec083a14dc5989a2dc528bcd00861fb7ad9c4f,mathlab_pydmd
937,d5ef01a63b6bf6d840fc479fe0d48ea331919629,mathlab_pydmd
938,d62a7726e966e747e1a28ce5256da102fc45118f,mathlab_pydmd
939,d6325372678ab2fbf1d64d0777ce7dc39c398738,mathlab_pydmd
940,d6514e41856ad043a5e83248c7e18bf59cd79fa4,mathlab_pydmd
941,d68841b23c4056142d7d890c0da0c42a2a52ee2a,mathlab_pydmd
942,d6b2ef488d50fa243222ff2ca49d94376f1baaf5,mathlab_pydmd
943,d6b386850289d50b6447680533a7c4e34e3c5476,mathlab_pydmd
944,d6c44c21a19a6933eb587fa0c51cd227a8ac8c50,mathlab_pydmd
945,d711c69bddbf4aeb423d68b585a57d31dcdda6c5,mathlab_pydmd
946,d77d9ddbd7d0e7895fe161c4c5c48fd3cf3552a3,mathlab_pydmd
947,d80993b40e8398d158d67008280c17b8c7a20432,mathlab_pydmd
948,d810ecf5d0a5ffb3f990a5225125c82ccdfb0d28,mathlab_pydmd
949,d867383f18b24f39ca45289fbda0fb0ed77d47d7,mathlab_pydmd
950,d8a5c6c0dbfda16c3df947690565de486b101163,mathlab_pydmd
951,d8ee2c0ab3c6a5c15e824dd2e487ed9ae20764fb,mathlab_pydmd
952,d8f8190d72856c5395b7348510d752ad09230305,mathlab_pydmd
953,d8fa90b1fc506ba165c19cfe2679faf36f4bdf34,mathlab_pydmd
954,d90491075a86411577c299aa829a330a6327a2f7,mathlab_pydmd
955,d90be4f77a3ffd81b124089dafe57cdae409076f,mathlab_pydmd
956,d914c3f7e877a07ddc653567d685afd670120707,mathlab_pydmd
957,d9169faef43ed2e286c5e72e1510fe56318ff8ed,mathlab_pydmd
958,d935b7a5b65f90b195e73d80c1526c4d5d4a3d58,mathlab_pydmd
959,d963d9fe3d06d311eee562a017ce4e45f3e28693,mathlab_pydmd
960,d9733918de197094e026f0a629180e50565625f0,mathlab_pydmd
961,d9ae072f803ba10e68b21f6348a9616fd3d6aa7a,mathlab_pydmd
962,d9c3f8a4cb3502bf3552cd7d5b4a3f4c7865e755,mathlab_pydmd
963,d9d22b6b6147e6b3b915489f40e4d099611e24c6,mathlab_pydmd
964,da433cc8e6a80bb549504fa9f69918d340edb885,mathlab_pydmd
965,da5fc1c7508ad7de271fa7a32b5ed27063afc86a,mathlab_pydmd
966,da8be28d60f45eaa5edd02954878097bfce98686,mathlab_pydmd
967,dad57c8f9c45fe76d1d470d1e55f5b345313337d,mathlab_pydmd
968,dadc9071b20a02342cc435c571663d32ffc823f6,mathlab_pydmd
969,db128f03857af7dd33a2b26c43d78b705ae9ea42,mathlab_pydmd
970,db7662001f82ee7c6728cdd33c6ab9ca60757e75,mathlab_pydmd
971,db936d031621b3e181d8b9fcd25adebc9fda9b7d,mathlab_pydmd
972,dbb5788efcb3aeb52edc6acfcefa584b1e8aba66,mathlab_pydmd
973,dc02932dbf01f0bdb1d68090a40453a232ba8cc2,mathlab_pydmd
974,dcd10cd6b3baa9065162d90fa30861da052ac441,mathlab_pydmd
975,dce6b77a6481529adba5945fdfe1db8c412615ea,mathlab_pydmd
976,dd1999046cbbaeecf39580ecc154b10d107e99b2,mathlab_pydmd
977,dd6390eb89a0f19fff47cf8f8b809116f14be361,mathlab_pydmd
978,dd6944a458083b7192efcd7f57b48b1f06a8da05,mathlab_pydmd
979,dd8a4317ee2568eb6549457785a992710c602515,mathlab_pydmd
980,dd98547e54cc4a03f8fd118fad18c8b91ad3ae7b,mathlab_pydmd
981,dda2974a1e2526985a2338844dae526cb1874c69,mathlab_pydmd
982,dddba493cf461cae9c3977acf5c0b400112a8e43,mathlab_pydmd
983,de250b808b5bcbe4cece8e0189ea1594c33311b5,mathlab_pydmd
984,de5b6918019f996c2605e75d76437ba96a9fa842,mathlab_pydmd
985,de82467f935f82084eb77e862acae842bfd4cbd7,mathlab_pydmd
986,de9aa6440c85ac4c0833677a77cd7d1290b4f803,mathlab_pydmd
987,dea3b776cc906c879603a35031dee1beb1ca4d1e,mathlab_pydmd
988,df7338977c8e461f06405c4b6087ddca2e9f5ca4,mathlab_pydmd
989,df7517e16c61cda4a46952e43a56e6a498777659,mathlab_pydmd
990,dfb28c0301380da1b63f88ee045abce0f12ff4f0,mathlab_pydmd
991,dfc9bbc19e7cb5a2b4313c79ca48a81e1c8fd8ec,mathlab_pydmd
992,e00cc3c5875ff11afb476baa07233eb8b2de5a5c,mathlab_pydmd
993,e030b4cd36519b4c0a1153ff61dea2bf9d28243b,mathlab_pydmd
994,e04b704626ec92243ee54c7c62189824fe8f9db8,mathlab_pydmd
995,e0a582532016feab71b7e9e67b0b30b60f77eaf7,mathlab_pydmd
996,e0c33d7829389102a6e4fb83391dd0a7bf29d79b,mathlab_pydmd
997,e0c84540f069a1a999fc7caaaccb701ffb9b7902,mathlab_pydmd
998,e0d0191cf2be44ba362fe16efec2969bac1aaaf4,mathlab_pydmd
999,e0f837ee14a76803c3d807f522c2296e042f9955,mathlab_pydmd
1000,e13d55e764f7557bee5480202f75180f603c01ae,mathlab_pydmd
1001,e166b59ca1fac1c1dc730e806f620e26bb9c3cec,mathlab_pydmd
1002,e19c4e3121bc883d3af7eafa5e04b304931cead3,mathlab_pydmd
1003,e1bc5b0a07151eaafadf10a64facb72612c3e819,mathlab_pydmd
1004,e1c84f34e646a8041a14bbbf18b1fd2a094f92b2,mathlab_pydmd
1005,e1d9467461651016fd8a1fd865cf5d9a0dfa5dc2,mathlab_pydmd
1006,e1e0ca6ad3f2547089e9231c9a3e3d5dc24e0f27,mathlab_pydmd
1007,e1e6ab17c56fa4f0a5ec5be14800b005fc1d6289,mathlab_pydmd
1008,e20318122f0eda4d6675ccd54ea397bf410438f5,mathlab_pydmd
1009,e226c43d6f7e4f3bc75d90cdc8ec693edc87d4bd,mathlab_pydmd
1010,e2388171a9c01e7a3eefc71b1ff45636b33a9481,mathlab_pydmd
1011,e28ba5b90f8c7023c9e9d1b18457c866247f5242,mathlab_pydmd
1012,e2a15738a82130de867559450dd74fff2f7a9269,mathlab_pydmd
1013,e2ea5913b6998cabee2dc5fc3772554510759a83,mathlab_pydmd
1014,e2f94ad45a34d2804b3f39ab31ad619a0599c620,mathlab_pydmd
1015,e3b7f0c45db3770ad97a85528b60cb81a4acc2d0,mathlab_pydmd
1016,e47432c66d3dd46df0c8e50d7aded7c3b9554a36,mathlab_pydmd
1017,e4b64f642604baa0b4af32c3c3574320020de13c,mathlab_pydmd
1018,e4bbc6c5255e6768dcab6768e6365b65ff6a5e15,mathlab_pydmd
1019,e4fd85919b3ce88005dabeebc4055d0b9989c662,mathlab_pydmd
1020,e5767770572ad359c9a52b0cda0be1d9096c10c5,mathlab_pydmd
1021,e582572c1a5d934109d3cb08c42e7a7fa59ed290,mathlab_pydmd
1022,e5ea6c50b8077e578dfe2408c36f8f23d693d102,mathlab_pydmd
1023,e61942b8eab7b73d64c2a29d5cd80d67ae198029,mathlab_pydmd
1024,e62b35a9d4932603a952fe4cdfb3151471667a8a,mathlab_pydmd
1025,e66552058016b0184e0d7ce7b5e4b92138093a2a,mathlab_pydmd
1026,e6a9b7c127dc9f1603bdf62a82ede68c7fff1f92,mathlab_pydmd
1027,e6b5203e0203370ac2cd10f7879ddd0bb80b17e0,mathlab_pydmd
1028,e6cd6c1cc90c77c67b1c5eefc8f6b2307f9e6cc3,mathlab_pydmd
1029,e79d7da0368b5fc8dbf01b376e8df0651826298b,mathlab_pydmd
1030,e7d4aa9187694e9c82a6fddc012cba9c9c6c8fff,mathlab_pydmd
1031,e854ac56461db775441d61df3f82e6598c6b2fed,mathlab_pydmd
1032,e8592a7cbb525d309321221c3f2c28db412451ed,mathlab_pydmd
1033,e96e16737b6e59a549cbb0cd177e3692d9d52d1f,mathlab_pydmd
1034,e99275b30f1843ebe91e497f7f333d9ab6d4fde0,mathlab_pydmd
1035,e99853871f59639a5f2e0195d2038c674f85576d,mathlab_pydmd
1036,e9d2388097d47c54c77ab3f3f0b126dfda9b3ab5,mathlab_pydmd
1037,e9d8ba8892417c3a58b05460c7a614ea9f8479b1,mathlab_pydmd
1038,ea0f382776e70d06166076cf03396da6970b31e6,mathlab_pydmd
1039,ea29157e5209683c31d348aa80c2d1055026d4c3,mathlab_pydmd
1040,eab995937536a8eecd5311b3a3caaf7a6d17230a,mathlab_pydmd
1041,ead8a2bcad52cdfa05d07e677ccef143b4140184,mathlab_pydmd
1042,eb0b5cfbcabc65f1cae8d6cbc47da45e61c4049d,mathlab_pydmd
1043,eb8422e41cce10ecd8f316c2a22d3a1854167961,mathlab_pydmd
1044,ebcf5f4c450d25c7bdb0b54530154152fb3813fe,mathlab_pydmd
1045,ec27418d1fae2ab0aefcedf423dfc89d00b72dd9,mathlab_pydmd
1046,ec35e9055d1f16283fbff7d1b3ff2a3177ece97b,mathlab_pydmd
1047,ec4e18d4944e750bb4a1e431bf5283c0e738757a,mathlab_pydmd
1048,ec712a588b8aecc07a2d0d4f8cee14ee033162a9,mathlab_pydmd
1049,ecb7b69f0ba0f263dccaf06677e9c03a32e5591c,mathlab_pydmd
1050,ecb868dd658a83ffdf77c4bb768c7b06f031b5fe,mathlab_pydmd
1051,eccfde03bed88e7e8f23237d6a4ec7c23367deac,mathlab_pydmd
1052,ed0912e6947248a9aa11713b392c07cd699ae73c,mathlab_pydmd
1053,ed1adfd1b58fabd9218d447ad2f5e2cfeec28953,mathlab_pydmd
1054,edb4724ef0e6c2240e9c98f24bc4b88a58da361c,mathlab_pydmd
1055,edd03b5d233f9d7e607040023b4fa93e314df5de,mathlab_pydmd
1056,edfcbdcb7bba332b55b290fde0e87a71f2084099,mathlab_pydmd
1057,ee00780171835d5358d10344d53d179697dbe550,mathlab_pydmd
1058,eea8d8fe6fd63dc24c23cfc574298fb5b65c9728,mathlab_pydmd
1059,ef49454358f78d233dfef2a248dee549f9247478,mathlab_pydmd
1060,ef4ff5330008a06d19a800a96683f889e17e07ed,mathlab_pydmd
1061,ef57533e6439537547100cb4cfc3a15511fb183f,mathlab_pydmd
1062,ef97ece948db551da73bb49437ec06b6906e97bf,mathlab_pydmd
1063,f03fb6780af9065be4137343b66f0cc001879c87,mathlab_pydmd
1064,f05b80ccb16df6c24d94aed58b19ade25abdea44,mathlab_pydmd
1065,f071de185d59cd63da85c58a7c637230d0dd6612,mathlab_pydmd
1066,f0d3817567e8bff227d680e8a7f0474780fce42b,mathlab_pydmd
1067,f1b1a365e7ba2e03d2475e0b020e687011a94cfa,mathlab_pydmd
1068,f1c7239a143558012f869bce474b55d94ae9ed6b,mathlab_pydmd
1069,f1c99859f0d6d0e771a91acda2f142952b27f6aa,mathlab_pydmd
1070,f1eaeec6cb2b431890695b0691d62b1e52830b18,mathlab_pydmd
1071,f210befb824bce0ff8b95536f048e0733ace8137,mathlab_pydmd
1072,f29fd4eedbbc44faffb76c5a154b6979b7d8c408,mathlab_pydmd
1073,f33946a2eb992444156306ed0e59ea79aa6ae8e0,mathlab_pydmd
1074,f36fc66eb6319f8f37dfd0ce83c15afa88afc96b,mathlab_pydmd
1075,f38601281b0f6901afec8a05b2d2cc21548f09af,mathlab_pydmd
1076,f3e68ca28d319b2d50433d745dd8855c3b8ab92b,mathlab_pydmd
1077,f41fb39b3d175c5fbcc5ee2ba3461485cbe470bc,mathlab_pydmd
1078,f4ad15fa35d5b2910d59f9ac243e3b7507c3f587,mathlab_pydmd
1079,f52148f0c909049bebaea9ad4f7ff57239dc6565,mathlab_pydmd
1080,f52417ec406c7231db71c02efb4a54e6c7f60a92,mathlab_pydmd
1081,f5536a08e0969ed802ab28296cdce5266ff252c4,mathlab_pydmd
1082,f55aac9bfc2d8f92a3b417d37072125d2471d33d,mathlab_pydmd
1083,f59bbae058ea9d3d76947401d66de8995df59ff4,mathlab_pydmd
1084,f5b8efe7c79ff9e81075ffd2032423645aa49a31,mathlab_pydmd
1085,f64e202ddd8314c758225fe9dcf24edbe60a3de2,mathlab_pydmd
1086,f6515a0d37bdfa86eb138f3821ddd221c5986b83,mathlab_pydmd
1087,f68981ac233f243dd8af2b77aacbf5592cc882d0,mathlab_pydmd
1088,f6a0d5d3aacc13702cd02ad02eb07daa435f93d5,mathlab_pydmd
1089,f6c636866f90dab51efd09e981e4cf4477120820,mathlab_pydmd
1090,f6d6ea600c833c131d8b4f3894721de2faee52b7,mathlab_pydmd
1091,f7065b1d6596d5b6fbc7bb98aae37f2b44215919,mathlab_pydmd
1092,f74654a483271d9de4030e7599fc00f95924c5c0,mathlab_pydmd
1093,f770153c0f0cf784242f14807f389cffdd7e2a3e,mathlab_pydmd
1094,f77748a9496ab538740ac0ab8e8d91bb56132e2d,mathlab_pydmd
1095,f7a6bd378335e1eef163abd1adc4f182c6a649f8,mathlab_pydmd
1096,f7efdb6caaa257b9e8a8d425a15d827ec04d7eb4,mathlab_pydmd
1097,f7f083935cc0599e93ee337bf3bbc2dba4ef09a3,mathlab_pydmd
1098,f81a5426ba152c6923bb490cbf4f327563195f68,mathlab_pydmd
1099,f81b7e0d21e175a361b48d19f989918639ecf92e,mathlab_pydmd
1100,f94ff327a5d2c5a109500ca8b15e9e4974b4772b,mathlab_pydmd
1101,f99250cc5a326048ae55726389ede09d13041b20,mathlab_pydmd
1102,fa5aee76a52563ffb8aa07b754c7c316fbbb2989,mathlab_pydmd
1103,fa713b91051eb35b64cf37662fe9a448e299c0de,mathlab_pydmd
1104,faae3f688f2f82e7cd5335e5fb6a1a07b4a8d380,mathlab_pydmd
1105,fac8e2e8db93bb312f75390578541f29d5b6a8a7,mathlab_pydmd
1106,fad05745450fc43cff7f366adbf92a7129b2cfbd,mathlab_pydmd
1107,fade693b68f7f69d046648ff89cd5e6deaf13468,mathlab_pydmd
1108,fbe1ca825ed60c13f3365a0cde45b021f33f78df,mathlab_pydmd
1109,fc4bf6ec7d9bf09214a302fe402dfb1291c26ba5,mathlab_pydmd
1110,fcc5acad25118440c0e068ca01ad5e5e19d61947,mathlab_pydmd
1111,fceb08a4fe7d27eaa6d9342b4e205b31380323e4,mathlab_pydmd
1112,fd151c375c6726593b7aff8e43c2daab071301b6,mathlab_pydmd
1113,fd2ac4e934bd2b6d67dcdca88d7e65bbfc6552b0,mathlab_pydmd
1114,fd7a3b595aa0a6ae32d9ce033f45d559771849a3,mathlab_pydmd
1115,fd80b189a0dc98c1d864036e1433def2315ebd0f,mathlab_pydmd
1116,fd840013cb6bdc39b827789c6f21cfac6a86b2d7,mathlab_pydmd
1117,fdc8a7a21cc7152a0ef62cd4a0e9f57073b6cf53,mathlab_pydmd
1118,fdfa5c4e718f30af0ec5c224522d2c88d9873cf4,mathlab_pydmd
1119,fe038809bba5213b417da343d585594da0fdccf9,mathlab_pydmd
1120,fe042d41823158be963f6b13f544d2899bfab1b0,mathlab_pydmd
1121,fe045dc6a40fe8b0bb2c983567a508212b798f4f,mathlab_pydmd
1122,fe4bef7ea613e37219dd912a6b5ecc1a5d93c5f9,mathlab_pydmd
1123,fe4da4af41a922ede2cf8dd565a29ed45dc331c0,mathlab_pydmd
1124,fe826e11abd36af7ec05d5c28a709ec46502bc07,mathlab_pydmd
1125,fe928521492be80ef61536bb69c101410e259246,mathlab_pydmd
1126,fe9d04c7d16788350aa4822944e7f77352e8ebaf,mathlab_pydmd
1127,fec4cc667e5084897dcda89772b334dc2bd2afcb,mathlab_pydmd
1128,ff0361500f24212fb16a7b08b33f7450003321f3,mathlab_pydmd
1129,ff249284c7c57dac2b0c0b8dc39e1d9310e47f77,mathlab_pydmd
1130,ff2fb8467934a43a1d44637ed7491070b8beb6f2,mathlab_pydmd
1131,ff65f20344f66e452276b5dfa24eaf87eb4f51e0,mathlab_pydmd
1132,ffbd02164c519bde3ee2aaa3053cb6baf3b458c7,mathlab_pydmd
1133,fffc47bdf9e8bc902be9fca81c1e34c43768ca98,mathlab_pydmd
